bank,pid,name,spawnedBy,class,nsprites,types,slotVar,blend,hurt,atk,spriteIds
akaakiha,64,投げのマーク,61 62 66 218,mixed-follows+fixed,8,02,43.4,1 2,0,0,85 1388 1390 1392 1394 1396 1398 1400
akaakiha,65,投げマーク攻撃判定月,61 66 218 375,mixed-follows+fixed,14,02,43.4,1 2,0,0,85 1388 1389 1390 1391 1392 1393 1394 1395 1396 1397 1398
akaakiha,82,,89 91 92 275 367 441,rgb,13,3,,,0,0,1266 1267 1268 1269 1270 1271 1272 1273 1274 1275 1276 1277
akaakiha,100,立弱ブレード,1,rgb,19,3,,1,0,0,109 110 111 112 113 114 115 116 117 118 119 120
akaakiha,101,立ち中,2,rgb,13,3,,,0,0,144 145 146 147 148 149 150 151 152 153 154 155
akaakiha,102,,59 440 445,rgb,15,3,,,0,0,157 158 159 160 161 162 163 164 165 166 167 168
akaakiha,103,屈小ブレード,4,rgb,10,3,,,0,0,228 229 230 231 232 233 234 235 236 237
akaakiha,104,,5,rgb,15,3,,,0,0,260 261 262 263 264 265 266 267 268 269 270 271
akaakiha,105,屈中２発目　ブレード,5,rgb,15,3,,,0,0,275 276 277 278 279 280 281 282 283 284 285 286
akaakiha,106,,432,rgb,15,3,,,0,0,260 261 262 263 264 265 266 267 268 269 270 271
akaakiha,107,Ｊ中ブレード,68 112,rgb,8,3,,,0,0,319 321 323 325 327 329 331 333
akaakiha,109,チャージ立ち中,,mixed-follows+fixed,14,03,43.4,,0,2,85 144 145 146 147 148 149 150 151 152 153 154
akaakiha,110,裏拳EFF,3 80 81 355 559,rgb,15,3,,,0,0,206 207 208 209 210 211 212 213 214 215 216 217
akaakiha,113,2A,4,rgb,7,3,,,0,0,260 261 262 263 264 265 266
akaakiha,120,髪エフェクト 弱,114,rgb,17,3,,,0,2,777 779 781 783 785 787 788 789 790 791 792 793
akaakiha,121,,115,rgb,18,3,,,0,3,843 845 847 849 850 851 852 853 854 855 856 857
akaakiha,122,EX髪呼び出し,116 130,rgb,3,3,,2,0,0,755 756 757
akaakiha,123,☆空中 髪 弱,117,rgb,22,3,,,0,3,864 865 866 867 868 869 870 871 872 873 874 875
akaakiha,124,☆,118,rgb,22,3,,,0,3,952 953 954 955 956 957 958 959 960 961 962 963
akaakiha,125,空中EX髪呼び出し,119 195 196 198 228 366,rgb,3,3,,1,0,0,755 756 757
akaakiha,126,,195 196 198,nosprite,0,,,,0,0,
akaakiha,127,髪ランダム呼び出し部分,122 195 196 198,rgb,2,3,,2,0,0,755 757
akaakiha,128,,125 195 196 198,rgb,2,3,,2,0,0,755 757
akaakiha,129,,195 196 198,nosprite,0,,,,0,0,
akaakiha,130,＠昔のＥＸ鳥,195 196 198,follows-palette,13,0,44.3,,9,0,726 727 728 729 733 734 735 736 737 738 739 740
akaakiha,138,JC1_1,9,rgb,7,3,,1,0,0,260 261 262 263 264 265 266
akaakiha,139,JC1_2,9,rgb,7,3,,1,0,0,260 261 262 263 264 265 266
akaakiha,141,JC2_1,,rgb,7,3,,,0,0,260 261 262 263 264 265 266
akaakiha,142,JC2_2,,rgb,7,3,,,0,0,260 261 262 263 264 265 266
akaakiha,145,檻髪　大,127,rgb,23,3,,,0,4,755 756 757 758 759 760 761 762 763 764 765 766
akaakiha,146,,127,rgb,22,3,,,0,4,777 778 779 780 781 782 783 784 785 786 787 788
akaakiha,147,,127,rgb,22,3,,,0,4,799 800 801 802 803 804 805 806 807 808 809 810
akaakiha,148,,127,rgb,22,3,,,0,4,821 822 823 824 825 826 827 828 829 830 831 832
akaakiha,149,,127,rgb,21,3,,,0,4,843 844 845 846 847 848 849 850 851 852 853 854
akaakiha,150,☆おりがみ　秋葉本体,128,rgb,22,3,,,0,6,864 865 866 867 868 869 870 871 872 873 874 875
akaakiha,151,,128,rgb,22,3,,,0,6,886 887 888 889 890 891 892 893 894 895 896 897
akaakiha,152,,128,rgb,22,3,,,0,6,908 909 910 911 912 913 914 915 916 917 918 919
akaakiha,153,,128,rgb,22,3,,,0,6,930 931 932 933 934 935 936 937 938 939 940 941
akaakiha,154,,128,rgb,22,3,,,0,6,952 953 954 955 956 957 958 959 960 961 962 963
akaakiha,155,地上EXとどめ,122,rgb,22,3,,,0,4,799 800 801 802 803 804 805 806 807 808 809 810
akaakiha,156,☆空中EXとどめ,125,rgb,22,3,,,0,6,952 953 954 955 956 957 958 959 960 961 962 963
akaakiha,165,炎本体,160 161 166 173 174,fixed-indexed,39,2,,2,1,0,994 995 996 997 998 999 1000 1001 1002 1003 1004 1005
akaakiha,166,,,rgb,1,3,,,0,0,777
akaakiha,167,,162 175,fixed-indexed,39,2,,2,1,0,994 995 996 997 998 999 1000 1001 1002 1003 1004 1005
akaakiha,168,炎の接触判定,165 167 170 171 179,mixed-follows+fixed,3,02,44.5,1,1,0,85 87 1030
akaakiha,169,消滅,165,fixed-indexed,29,2,,2,0,0,1003 1004 1005 1006 1007 1008 1009 1010 1011 1012 1013 1014
akaakiha,170,破壊時の攻撃判定,165,fixed-indexed,24,2,,2,0,2,997 998 999 1000 1001 1002 1003 1004 1005 1006 1007 1008
akaakiha,171,EX,167,fixed-indexed,24,2,,2,0,4,997 998 999 1000 1001 1002 1003 1004 1005 1006 1007 1008
akaakiha,177,BE 月,180 181 484,follows-palette,1,0,42.8,1,0,0,589
akaakiha,178,空中EX獣飛び道具,,fixed-indexed,16,2,,2,0,0,994 995 996 997 998 999 1000 1001 1002 1003 1004 1005
akaakiha,179,178→EX,178,fixed-indexed,24,2,,2,0,1,997 998 999 1000 1001 1002 1003 1004 1005 1006 1007 1008
akaakiha,184,火柱　弱,,rgb,23,3,,,0,1,1044 1046 1048 1050 1052 1054 1056 1057 1058 1059 1060 1061
akaakiha,185,,177 187 188 488 489,rgb,23,3,,,0,1,1044 1046 1048 1050 1052 1054 1056 1057 1058 1059 1060 1061
akaakiha,186,,189,rgb,23,3,,,0,2,1044 1046 1048 1050 1052 1054 1056 1057 1058 1059 1060 1061
akaakiha,187,,180 181 484,follows-palette,1,0,42.8,1,0,0,589
akaakiha,189,,182 487,follows-palette,1,0,42.8,1,0,0,589
akaakiha,195,空中檻髪　　本体（分岐部分）,190,rgb,2,3,,2,0,0,755 757
akaakiha,196,,191,rgb,2,3,,2,0,0,755 757
akaakiha,197,ＥＸ　ループ部分,192,rgb,3,3,,2,0,0,755 756 757
akaakiha,198,発射部分,197,rgb,2,3,,2,0,0,755 757
akaakiha,208,つめ,93 204 205 206 207 365,rgb,15,3,,,0,0,1086 1087 1088 1089 1090 1091 1092 1093 1094 1095 1096 1097
akaakiha,212,☆魅力ビーム,211,mixed-fixed,38,-114,,,0,1,1294 1295 1296 1297 1298 1299 1300 1301 1302 1303 1304 1305
akaakiha,213,,216 217,mixed-follows+fixed,16,02,44.3,,0,0,1384 1385 1386 1387 1388 1389 1390 1391 1392 1393 1394 1395
akaakiha,214,☆魅力ビーム小,210,mixed-fixed,38,-114,,,0,1,1294 1295 1296 1297 1298 1299 1300 1301 1302 1303 1304 1305
akaakiha,216,,239,follows-palette,1,0,43.4,1,0,1,85
akaakiha,217,全画面炎出し,238,follows-palette,1,0,42.8,1,0,1,589
akaakiha,221,,220 238,nosprite,0,,,,0,0,
akaakiha,222,,220 238,nosprite,0,,,,0,0,
akaakiha,223,,220 238,nosprite,0,,,,0,0,
akaakiha,224,,220 238,nosprite,0,,,,0,0,
akaakiha,225,,220 238,nosprite,0,,,,0,0,
akaakiha,227,,226 239,nosprite,0,,,,0,0,
akaakiha,231,歩きながら髪いっぱい 髪部分,230 560,follows-palette,1,0,43.4,1,0,0,85
akaakiha,232,,231,rgb,23,3,,,0,1,755 756 757 758 759 760 761 762 763 764 765 766
akaakiha,233,,231,rgb,22,3,,,0,1,777 778 779 780 781 782 783 784 785 786 787 788
akaakiha,234,,231,rgb,22,3,,,0,1,799 800 801 802 803 804 805 806 807 808 809 810
akaakiha,235,,231,rgb,22,3,,,0,1,821 822 823 824 825 826 827 828 829 830 831 832
akaakiha,236,,231,rgb,21,3,,,0,1,843 844 845 846 847 848 849 850 851 852 853 854
akaakiha,252,,254,follows-palette,21,0,44.3,,10,0,433 434 435 436 437 438 439 440 441 442 443 444
akaakiha,376,髪の毛 判定つき,375,mixed-fixed,19,14,,,0,1,1401 1402 1403 1404 1405 1406 1407 1408 1409 1410 1411 1412
akaakiha,377,放すときのEFF,375,fixed-indexed,13,4,,,0,0,1420 1421 1422 1423 1424 1425 1426 1427 1428 1429 1430 1431
akaakiha,385,うず,390 391,mixed-fixed,16,14,,,0,0,1114 1115 1116 1117 1118 1119 1120 1121 1122 1123 1124 1125
akaakiha,386,A接触発生,390,fixed-indexed,11,4,,,0,1,1130 1131 1132 1133 1134 1135 1136 1137 1138 1139 1140
akaakiha,387,B接触発生,391 392,mixed-fixed,12,14,,,0,2,1141 1142 1143 1144 1145 1146 1147 1148 1149 1150 1151 1152
akaakiha,388,EX接触発生,389,mixed-fixed,12,14,,,0,2,1153 1154 1155 1156 1157 1158 1159 1160 1161 1162 1163 1164
akaakiha,389,うずEX,392,mixed-fixed,16,14,,1,1,0,1114 1115 1116 1117 1118 1119 1120 1121 1122 1123 1124 1125
akaakiha,390,A関数,380,follows-palette,3,0,44.3,2,1,0,0 1 2
akaakiha,391,B関数,381,follows-palette,3,0,44.3,2,1,0,0 1 2
akaakiha,392,EX関数,382,follows-palette,3,0,44.3,2,0,0,0 1 2
akaakiha,404,＠空獣２ 近 変数5使用,478 479,follows-palette,15,0,44.3,,3,0,730 731 732 974 975 976 977 978 979 980 981 982
akaakiha,405,＠空獣２ 遠 変数6使用,480,follows-palette,15,0,44.3,,3,0,730 731 732 974 975 976 977 978 979 980 981 982
akaakiha,406,＠空獣２ 遠 変数7使用,473,follows-palette,15,0,44.3,,3,0,730 731 732 974 975 976 977 978 979 980 981 982
akaakiha,407,＠獣２ 近 強制発動,474,follows-palette,13,0,44.3,,2,0,130 131 132 726 727 728 729 988 989 990 991 992
akaakiha,410,うずGENE 飛Flag5使用,400 404,mixed-follows+fixed,3,014,44.3,1,0,1,0 1114 1116
akaakiha,411,うず,410,mixed-fixed,16,14,,1,0,0,1114 1115 1116 1117 1118 1119 1120 1121 1122 1123 1124 1125
akaakiha,415,うずGENE 飛Flag6使用,401 405,mixed-follows+fixed,4,014,44.3,1,0,1,0 1114 1115 1116
akaakiha,416,うず,415,mixed-fixed,16,14,,1,0,0,1114 1115 1116 1117 1118 1119 1120 1121 1122 1123 1124 1125
akaakiha,420,うずGENE 飛Flag7使用,402 406 430,mixed-follows+fixed,4,014,44.3,1,0,1,0 1114 1115 1116
akaakiha,421,うず,420,mixed-fixed,16,14,,1,0,0,1114 1115 1116 1117 1118 1119 1120 1121 1122 1123 1124 1125
akaakiha,422,うず接触発生 ←,,mixed-fixed,12,14,,,0,4,1141 1142 1143 1144 1145 1146 1147 1148 1149 1150 1151 1152
akaakiha,423,うず接触発生 →,,mixed-fixed,12,14,,,0,4,1141 1142 1143 1144 1145 1146 1147 1148 1149 1150 1151 1152
akaakiha,424,うず左右分岐,410 415 420,follows-palette,1,0,44.3,1,0,0,0
akaakiha,434,大きめ設置,462 492,mixed-fixed,19,14,,,0,2,1401 1402 1403 1404 1405 1406 1407 1408 1409 1410 1411 1412
akaakiha,435,放すときのEFF,434 436,fixed-indexed,13,4,,,0,0,1420 1421 1422 1423 1424 1425 1426 1427 1428 1429 1430 1431
akaakiha,436,小さい設置,456 457 460 461 490 491,mixed-fixed,19,14,,,0,1,1401 1402 1403 1404 1405 1406 1407 1408 1409 1410 1411 1412
akaakiha,452,鳥ＥＦＦ,449 450,rgb,22,3,,,0,3,864 865 866 867 868 869 870 871 872 873 874 875
akaakiha,463,☆,,rgb,22,3,,,0,3,952 953 954 955 956 957 958 959 960 961 962 963
akaakiha,465,つぶつぶ,,mixed-fixed,9,-114,,,0,0,1323 1324 1325 1326 1327 1328 1329 1330 1331
akaakiha,466,ライン,,rgb,1,3,,1,0,0,109
akaakiha,473,ジェネ,,rgb,2,1,,2,0,0,1236 1237
akaakiha,474,ジェネ,,rgb,2,1,,2,0,0,1236 1237
akaakiha,488,月　生成,485 486,follows-palette,1,0,42.8,1,0,0,589
akaakiha,489,BE 月生成,485 486,follows-palette,1,0,42.8,1,0,0,589
akaakiha,493,185 小,488 489,rgb,23,3,,,0,1,1044 1046 1048 1050 1052 1054 1056 1057 1058 1059 1060 1061
akaakiha,494,185 小,488 489,rgb,23,3,,,0,1,1044 1046 1048 1050 1052 1054 1056 1057 1058 1059 1060 1061
akaakiha,495,火柱　弱,488 489,rgb,23,3,,,0,1,1044 1046 1048 1050 1052 1054 1056 1057 1058 1059 1060 1061
akaakiha,500,ジェネレータ,499,follows-palette,3,0,44.3,1,0,0,0 1 2
akaakiha,501,玉EFF,500,mixed-fixed,14,14,,,0,0,1202 1203 1204 1205 1206 1207 1208 1209 1210 1211 1212 1213
akaakiha,503,放すときのEFF,,fixed-indexed,13,4,,,0,0,1420 1421 1422 1423 1424 1425 1426 1427 1428 1429 1430 1431
akaakiha,508,判定つきエフェクトＥＸ,512,mixed-fixed,14,14,,,2,2,1202 1203 1204 1205 1206 1207 1208 1209 1210 1211 1212 1213
akaakiha,509,判定つきエフェクト,510 511 512,mixed-fixed,14,14,,,3,2,1202 1203 1204 1205 1206 1207 1208 1209 1210 1211 1212 1213
akaakiha,510,飛ぶものＡ,505,follows-palette,3,0,44.3,1,0,0,0 1 4
akaakiha,511,飛ぶものＢ,506,follows-palette,3,0,44.3,1,0,0,0 1 4
akaakiha,512,飛ぶものＣ,507,follows-palette,3,0,44.3,1,0,0,0 1 4
akaakiha,516,スラエフェクト,515,mixed-follows+fixed,13,014,44.3,1,0,2,0 1141 1142 1143 1144 1145 1146 1147 1148 1149 1150 1151
akaakiha,523,判定つきエフェクト,520 521,mixed-fixed,14,14,,,0,3,1202 1203 1204 1205 1206 1207 1208 1209 1210 1211 1212 1213
akaakiha,524,判定つきエフェクトＥＸ,522,mixed-fixed,14,14,,,0,5,1202 1203 1204 1205 1206 1207 1208 1209 1210 1211 1212 1213
akaakiha,531,LA関数,530,follows-palette,3,0,44.3,1,0,0,0 1 2
akaakiha,532,波紋,535,fixed-indexed,6,4,,,0,0,1216 1217 1218 1219 1220 1221
akaakiha,533,ゲイザー,531,mixed-fixed,32,14,,,0,0,1222 1223 1224 1225 1226 1227 1228 1229 1230 1231 1232 1233
akaakiha,534,攻撃判定,531,follows-palette,4,0,44.3,1,0,1,0 1 3 4
akaakiha,535,波紋ジェネレータ,531,follows-palette,3,0,44.3,1,0,0,0 1 2
akaakiha,536,LAつかみ判定,530,follows-palette,1,0,44.3,2,0,1,0
akaakiha,537,LA背景,531,rgb,1,1,,1,0,0,1489
akaakiha,543,☆魅力ビーム小,541,mixed-fixed,25,14,,,0,3,1332 1333 1334 1335 1336 1337 1338 1339 1340 1341 1342 1343
akaakiha,544,☆魅力ビーム,542,mixed-fixed,38,-114,,,0,2,1294 1295 1296 1297 1298 1299 1300 1301 1302 1303 1304 1305
akaakiha,555,屈小ブレード　横紅葉手前,554,rgb,10,3,,,0,0,228 229 230 231 232 233 234 235 236 237
akiha,64,投げのマーク,61 62 66 218,mixed-follows+fixed,8,012,39.9,1 2,0,0,0 1311 1313 1315 1317 1319 1321 1323
akiha,65,投げマーク攻撃判定月,61 66 218 373 374 375,mixed-follows+fixed,14,012,39.9,1 2,0,0,0 1311 1312 1313 1314 1315 1316 1317 1318 1319 1320 1321
akiha,82,214D,81 90 91 275 371 466,rgb,6,1,,2,0,0,169 170 171 172 173 174
akiha,100,A(2B EFF55使用),1 430,rgb,6,1,,2,0,0,169 170 171 172 173 174
akiha,101,B,2,rgb,6,1,,2,0,0,169 170 171 172 173 174
akiha,102,B B,59 445 465,rgb,6,1,,2,0,0,169 170 171 172 173 174
akiha,103,2A,4,rgb,6,1,,2,0,0,169 170 171 172 173 174
akiha,104,2B,5,rgb,6,1,,2,0,0,169 170 171 172 173 174
akiha,105,2B 2B,5,rgb,6,1,,2,0,0,169 170 171 172 173 174
akiha,106,□6A,432,rgb,6,1,,2,0,0,169 170 171 172 173 174
akiha,107,JB,8 112,rgb,6,1,,2,0,0,169 170 171 172 173 174
akiha,109,チャージ立ち中,,mixed-follows+fixed,14,012,39.9,2,0,2,0 53 54 55 56 57 58 59 60 61 62 63
akiha,110,4C,80,rgb,6,1,,2,0,0,169 170 171 172 173 174
akiha,113,2A,4,rgb,6,1,,2,0,0,169 170 171 172 173 174
akiha,120,髪エフェクト 弱,114,mixed-fixed,16,12,,2,0,5,652 654 656 658 660 662 664 665 666 667 668 669
akiha,121,,115,mixed-fixed,16,12,,2,0,7,718 720 722 724 726 728 729 730 731 732 733 734
akiha,122,EX髪呼び出し,116 129,fixed-indexed,3,2,,2,0,0,630 631 632
akiha,123,☆空中 髪 弱,117 470,mixed-fixed,22,12,,2,0,6,739 740 741 742 743 744 745 746 747 748 749 750
akiha,124,☆,118 471,mixed-fixed,22,12,,2,0,5,827 828 829 830 831 832 833 834 835 836 837 838
akiha,125,空中EX髪呼び出し,119 195 196 198 451 453,fixed-indexed,3,2,,1,0,0,630 631 632
akiha,126,,195 196 198,nosprite,0,,,,0,0,
akiha,127,髪ランダム呼び出し部分,122 195 196 198,fixed-indexed,2,2,,2,0,0,630 632
akiha,128,,125 195 196 198,fixed-indexed,2,2,,2,0,0,630 632
akiha,129,＠昔のＥＸ鳥,195 196 198,follows-palette,13,0,39.9,,9,0,601 602 603 604 608 609 610 611 612 613 614 615
akiha,130,BE鳥,114 195 196 198,mixed-fixed,22,12,,2,0,12,652 653 654 655 656 657 658 659 660 661 662 663
akiha,131,髪エフェクト 弱,,mixed-fixed,16,12,,2,0,2,652 654 656 658 660 662 664 665 666 667 668 669
akiha,133,☆空中 髪 弱大,,mixed-fixed,22,12,,2,0,8,739 740 741 742 743 744 745 746 747 748 749 750
akiha,134,☆大,118 471,mixed-fixed,22,12,,2,0,7,827 828 829 830 831 832 833 834 835 836 837 838
akiha,138,JC1_1,,rgb,6,1,,2,0,0,169 170 171 172 173 174
akiha,139,JC1_2,,rgb,6,1,,2,0,0,169 170 171 172 173 174
akiha,141,JC2_1,9,rgb,6,1,,2,0,0,169 170 171 172 173 174
akiha,142,JC2_2,9,rgb,6,1,,2,0,0,169 170 171 172 173 174
akiha,145,EX髪,127,mixed-fixed,23,12,,2,0,2,630 631 632 633 634 635 636 637 638 639 640 641
akiha,146,,127,mixed-fixed,22,12,,2,0,2,652 653 654 655 656 657 658 659 660 661 662 663
akiha,147,,127,mixed-fixed,22,12,,2,0,2,674 675 676 677 678 679 680 681 682 683 684 685
akiha,148,,127,mixed-fixed,22,12,,2,0,2,696 697 698 699 700 701 702 703 704 705 706 707
akiha,149,,127,mixed-fixed,21,12,,2,0,2,718 719 720 721 722 723 724 725 726 727 728 729
akiha,150,空中EX髪,128,mixed-fixed,22,12,,2,0,3,739 740 741 742 743 744 745 746 747 748 749 750
akiha,151,,128,mixed-fixed,22,12,,2,0,3,761 762 763 764 765 766 767 768 769 770 771 772
akiha,152,,128,mixed-fixed,22,12,,2,0,3,783 784 785 786 787 788 789 790 791 792 793 794
akiha,153,,128,mixed-fixed,22,12,,2,0,3,805 806 807 808 809 810 811 812 813 814 815 816
akiha,154,,128,mixed-fixed,22,12,,2,0,3,827 828 829 830 831 832 833 834 835 836 837 838
akiha,155,地上EXとどめ,122,mixed-fixed,22,12,,2,0,2,696 697 698 699 700 701 702 703 704 705 706 707
akiha,156,空中EXとどめ,125,mixed-fixed,22,12,,2,0,3,827 828 829 830 831 832 833 834 835 836 837 838
akiha,165,炎本体,160 161 166 173 174,mixed-fixed,39,12,,2,1,0,869 870 871 872 873 874 875 876 877 878 879 880
akiha,166,,,fixed-indexed,1,2,,,0,0,652
akiha,167,,162 175,mixed-fixed,39,12,,2,1,0,869 870 871 872 873 874 875 876 877 878 879 880
akiha,168,炎の接触判定,165 167 170 171,mixed-follows+fixed,3,02,39.9,1,1,0,0 2 905
akiha,169,,165 167,mixed-fixed,29,12,,2,0,0,878 879 880 881 882 883 884 885 886 887 888 889
akiha,170,破壊時の攻撃判定,165,mixed-fixed,24,12,,2,0,2,872 873 874 875 876 877 878 879 880 881 882 883
akiha,171,EX,167,mixed-fixed,24,12,,2,0,4,872 873 874 875 876 877 878 879 880 881 882 883
akiha,184,火柱　弱,180 390 391,fixed-indexed,23,2,,2,0,1,919 921 923 925 927 929 931 932 933 934 935 936
akiha,185,,181,fixed-indexed,23,2,,2,0,1,919 921 923 925 927 929 931 932 933 934 935 936
akiha,186,,182,fixed-indexed,27,2,,2,0,2,919 920 921 922 923 924 925 926 927 929 931 932
akiha,187,BE B火,181,fixed-indexed,23,2,,2,0,1,919 921 923 925 927 929 931 932 933 934 935 936
akiha,195,空中檻髪　　本体（分岐部分）,190,fixed-indexed,2,2,,2,0,0,630 632
akiha,196,,191,fixed-indexed,2,2,,2,0,0,630 632
akiha,197,ＥＸ　ループ部分,192,fixed-indexed,3,2,,2,0,0,630 631 632
akiha,198,発射部分,197,fixed-indexed,2,2,,2,0,0,630 632
akiha,208,623,93 204 205 206 207 370,rgb,6,1,,2,0,0,169 170 171 172 173 174
akiha,211,,,mixed-fixed,21,12,,2,0,5,718 719 720 721 722 723 724 725 726 727 728 729
akiha,212,,210,rgb,1,1,,1,0,0,1420
akiha,213,,216 217,fixed-indexed,16,2,,2,0,0,1233 1234 1235 1236 1237 1238 1239 1240 1241 1242 1243 1244
akiha,216,空振り用火発生,229,follows-palette,1,0,39.9,1,0,1,0
akiha,217,,238,follows-palette,1,0,39.9,1,0,1,0
akiha,221,足下わっか,220 238,fixed-indexed,26,2,,2,0,0,1098 1099 1100 1101 1102 1103 1104 1105 1106 1107 1108 1109
akiha,222,足下どん,220 238,fixed-indexed,25,2,,2,0,0,1124 1125 1126 1127 1128 1129 1130 1131 1132 1133 1134 1135
akiha,223,青い足下わっか,220 238,fixed-indexed,18,4,,,0,0,1149 1150 1151 1152 1153 1154 1155 1156 1157 1158 1159 1160
akiha,224,攻撃火柱,220,mixed-fixed,46,12,,2,0,1,1167 1168 1169 1170 1171 1172 1173 1174 1175 1176 1177 1178
akiha,225,,220 238,mixed-follows+fixed,14,012,39.9,1 2,0,1,0 1311 1312 1313 1314 1315 1316 1317 1318 1319 1320 1321
akiha,227,失敗エフェクト,226,mixed-fixed,20,12,,2,0,54,1213 1214 1215 1216 1217 1218 1219 1220 1221 1222 1223 1224
akiha,228,ＡＡＤ失敗エフェクト,229,mixed-fixed,20,12,,2,0,18,1213 1214 1215 1216 1217 1218 1219 1220 1221 1222 1223 1224
akiha,231,歩きながら髪いっぱい 髪部分,230,follows-palette,1,0,39.9,1,0,0,0
akiha,232,,231,mixed-fixed,23,12,,2,0,1,630 631 632 633 634 635 636 637 638 639 640 641
akiha,233,,231,mixed-fixed,22,12,,2,0,1,652 653 654 655 656 657 658 659 660 661 662 663
akiha,234,,231,mixed-fixed,22,12,,2,0,1,674 675 676 677 678 679 680 681 682 683 684 685
akiha,235,,231,mixed-fixed,22,12,,2,0,1,696 697 698 699 700 701 702 703 704 705 706 707
akiha,236,,231,mixed-fixed,21,12,,2,0,1,718 719 720 721 722 723 724 725 726 727 728 729
akiha,239,ＡＡＤ攻撃火柱,238,mixed-fixed,46,12,,2,0,2,1167 1168 1169 1170 1171 1172 1173 1174 1175 1176 1177 1178
akiha,240,ラストアーク用髪の毛,210,mixed-follows+fixed,22,012,39.9,1 2,0,1,0 718 719 720 721 722 723 724 725 726 727 728
akiha,241,,210,mixed-follows+fixed,23,012,39.9,1 2,0,1,0 783 784 785 786 787 788 789 790 791 792 793
akiha,242,,210,mixed-follows+fixed,23,012,39.9,1 2,0,1,0 739 740 741 742 743 744 745 746 747 748 749
akiha,243,,210,mixed-follows+fixed,23,012,39.9,1 2,0,1,0 805 806 807 808 809 810 811 812 813 814 815
akiha,244,,210,mixed-follows+fixed,23,012,39.9,1 2,0,1,0 674 675 676 677 678 679 680 681 682 683 684
akiha,245,,210,mixed-follows+fixed,22,012,39.9,1 2,0,1,0 718 719 720 721 722 723 724 725 726 727 728
akiha,246,ブレイク用,210,mixed-follows+fixed,22,012,39.9,1 2,0,1,0 718 719 720 721 722 723 724 725 726 727 728
akiha,252,,254,follows-palette,21,0,39.9,,10,0,342 343 344 345 346 347 348 349 350 351 352 353
akiha,376,髪の毛 判定つき,373 374,mixed-fixed,19,14,,2,0,1,1324 1325 1326 1327 1328 1329 1330 1331 1332 1333 1334 1335
akiha,377,放すときのEFF,376 378,fixed-indexed,13,4,,2,0,0,1343 1344 1345 1346 1347 1348 1349 1350 1351 1352 1353 1354
akiha,378,髪の毛 判定つきＥＸ,375,mixed-fixed,19,14,,2,0,1,1324 1325 1326 1327 1328 1329 1330 1331 1332 1333 1334 1335
akiha,385,うず,390 391 419,mixed-fixed,16,14,,,0,0,1001 1002 1003 1004 1005 1006 1007 1008 1009 1010 1011 1012
akiha,386,A接触発生,390 419,fixed-indexed,11,4,,,0,2,1017 1018 1019 1020 1021 1022 1023 1024 1025 1026 1027
akiha,387,B接触発生,391 392,mixed-fixed,12,14,,,0,2,1028 1029 1030 1031 1032 1033 1034 1035 1036 1037 1038 1039
akiha,388,EX接触発生,389,mixed-fixed,12,14,,,0,6,1040 1041 1042 1043 1044 1045 1046 1047 1048 1049 1050 1051
akiha,389,うずEX,392,mixed-fixed,17,14,,1,1,0,1001 1002 1003 1004 1005 1006 1007 1008 1009 1010 1011 1012
akiha,390,A関数,400,follows-palette,3,0,39.9,2,2,0,0 1 2
akiha,391,B関数,401,follows-palette,3,0,39.9,2,1,0,0 1 2
akiha,392,EX関数,402,follows-palette,3,0,39.9,2,0,0,0 1 2
akiha,416,火柱LV1,419,fixed-indexed,19,2,,2,0,2,927 929 931 932 933 934 935 936 937 938 939 940
akiha,417,火柱LV2,419,fixed-indexed,23,2,,2,0,2,919 921 923 925 927 929 931 932 933 934 935 936
akiha,418,火柱LV3,419,fixed-indexed,23,2,,2,0,4,919 921 923 925 927 929 931 932 933 934 935 936
akiha,419,関数,420 421 422,follows-palette,3,0,39.9,2,0,0,0 1 2
akiha,434,大きめ設置,462,mixed-fixed,19,14,,2,0,2,1324 1325 1326 1327 1328 1329 1330 1331 1332 1333 1334 1335
akiha,435,放すときのEFF,434 436 440 457 458 459,fixed-indexed,13,4,,2,0,0,1343 1344 1345 1346 1347 1348 1349 1350 1351 1352 1353 1354
akiha,436,小さい設置,437 438 439 460 461,mixed-fixed,19,14,,2,0,4,1324 1325 1326 1327 1328 1329 1330 1331 1332 1333 1334 1335
akiha,440,小さい設置Ｂ・Ｃ,438 439,mixed-fixed,19,14,,2,0,1,1324 1325 1326 1327 1328 1329 1330 1331 1332 1333 1334 1335
akiha,452,鳥ＥＦＦ,449 450,mixed-fixed,22,12,,2,0,6,739 740 741 742 743 744 745 746 747 748 749 750
akiha,457,空中236A設置,460,mixed-follows+fixed,20,014,39.9,2,0,2,0 1324 1325 1326 1327 1328 1329 1330 1331 1332 1333 1334
akiha,458,空中236B設置,461,mixed-follows+fixed,20,014,39.9,2,0,2,0 1324 1325 1326 1327 1328 1329 1330 1331 1332 1333 1334
akiha,459,大きめ設置,462,mixed-follows+fixed,20,014,39.9,2,0,1,0 1324 1325 1326 1327 1328 1329 1330 1331 1332 1333 1334
aoko,49,カバン,50,follows-palette,1,0,15.9,1,0,0,1293
aoko,65,空中なげ エフェクト,272 273,fixed-indexed,9,2,,2,0,0,1240 1241 1242 1243 1244 1245 1246 1247 1248
aoko,66,空中なげ 離し時エフェクト,272 273,mixed-fixed,7,12,,2,0,0,1249 1250 1251 1252 1253 1254 1255
aoko,79,停止弾 弱,75,follows-palette,21,0,59.0,2,1,0,637 638 639 640 641 642 643 644 645 646 647 648
aoko,80,停止弾 強,76,follows-palette,21,0,59.0,2,1,0,637 638 639 640 641 642 643 644 645 646 647 648
aoko,81,停止弾 ＥＸ,77,follows-palette,21,0,51.1,2,1,0,0 1 2 3 4 724 725 726 727 728 729 730
aoko,82,地上用移動弾 弱,72,follows-palette,21,0,59.0,2,1,0,637 638 639 640 641 642 643 644 645 646 647 648
aoko,83,地上用移動弾 強,73,follows-palette,21,0,59.0,2,1,0,637 638 639 640 641 642 643 644 645 646 647 648
aoko,84,地上用移動弾 ＥＸ,74,follows-palette,16,0,54.6,2,1,0,724 725 726 727 728 729 730 731 732 733 734 735
aoko,98,,96 97 275,fixed-indexed,5,2,,2,0,0,212 213 214 215 216
aoko,106,コマンドチェッカ,102 103,follows-palette,3,0,43.8,2,0,0,0 1 2
aoko,110,追加レーザー部分,106,mixed-fixed,18,12,,2,0,1,560 561 562 563 564 565 566 567 568 569 570 571
aoko,118,下煙,116 117,fixed-indexed,21,2,,2,0,0,799 800 801 802 803 804 805 806 807 808 809 810
aoko,119,,118,fixed-indexed,19,2,,2,0,0,820 821 822 823 824 825 826 827 828 829 830 831
aoko,120,レーザー,116 117 496,fixed-indexed,26,2,,2,0,1,840 841 842 843 844 845 846 847 848 849 850 851
aoko,123,魔方陣,116 117,mixed-fixed,24,12,,2,0,0,866 867 868 869 870 871 872 873 874 875 876 877
aoko,124,蹴りレーザー,117,mixed-fixed,27,12,,2,0,12,890 891 892 893 894 895 896 897 898 899 900 901
aoko,125,波動,120,fixed-indexed,16,2,,2,0,1,917 918 919 920 921 922 923 924 925 926 927 928
aoko,126,爆炎,132,fixed-indexed,15,2,,2,0,0,933 934 935 936 937 938 939 940 941 942 943 944
aoko,127,光の玉,116 117,mixed-fixed,65,12,,2,0,0,948 949 950 951 952 953 954 955 956 957 958 959
aoko,128,影,116 117,follows-palette,1,0,43.8,1,0,0,0
aoko,129,,116 117,follows-palette,1,0,43.8,1,0,0,0
aoko,131,空中用波動,124,fixed-indexed,16,2,,2,0,0,917 918 919 920 921 922 923 924 925 926 927 928
aoko,132,爆炎出し,124,follows-palette,1,0,43.8,1,0,0,0
aoko,134,溜め強 レーザー,3,mixed-fixed,18,12,,2,0,5,560 561 562 563 564 565 566 567 568 569 570 571
aoko,135,,9,mixed-fixed,18,12,,2,0,5,560 561 562 563 564 565 566 567 568 569 570 571
aoko,136,１段階目レーザー,101 108 140 502,mixed-fixed,18,12,,2,0,4,572 573 574 575 576 577 578 579 580 581 582 583
aoko,137,最大ためレーザー,103 140,mixed-fixed,18,12,,2,0,1,560 561 562 563 564 565 566 567 568 569 570 571
aoko,143,レーザー部分,138 139,mixed-fixed,18,12,,2,0,1,560 561 562 563 564 565 566 567 568 569 570 571
aoko,144,,102 140 141 503,mixed-fixed,18,12,,2,0,2,560 561 562 563 564 565 566 567 568 569 570 571
aoko,145,EX レーザー,146,fixed-indexed,11,2,,2,0,4,1167 1168 1169 1170 1171 1172 1173 1174 1175 1176 1177
aoko,146,EX まほうじん,142 468 504,mixed-fixed,47,12,,2,0,2,1120 1121 1122 1123 1124 1125 1126 1127 1128 1129 1130 1131
aoko,150,エフェクト,147 148 149,fixed-indexed,10,2,,2,0,0,602 603 604 605 606 607 608 609 610 611
aoko,151,上方向 レーザー,147 148 497,mixed-fixed,12,12,,2,0,7,578 579 580 581 582 583 584 585 586 587 588 589
aoko,152,,,mixed-follows+fixed,19,012,43.8,1 2,0,6,0 560 561 562 563 564 565 566 567 568 569 570
aoko,153,,154,mixed-fixed,18,12,,2,0,10,560 561 562 563 564 565 566 567 568 569 570 571
aoko,154,EX 上レーザー Gen,149 498,follows-palette,5,0,43.8,1,0,0,0 1 2 3 4
aoko,157,LAの時のセリフ用,155,follows-palette,2,0,43.8,1,0,0,0 1
aoko,158,つかみ判定,155,follows-palette,1,0,43.8,1,0,2,0
aoko,159,,155,rgb,24,1,,2,0,0,1067 1068 1069 1070 1071 1072 1073 1074 1075 1076 1077 1078
aoko,160,ワイヤー玉,158,mixed-fixed,19,-11,,2,0,0,1013 1014 1015 1016 1017 1018 1019 1020 1021 1022 1023 1024
aoko,161,爆発玉,158,mixed-follows+fixed,17,02,43.8,1 2,0,0,0 1032 1033 1034 1035 1036 1037 1038 1039 1040 1041 1042
aoko,162,魔方陣,161,mixed-fixed,16,12,,2,0,0,1048 1049 1050 1051 1052 1053 1054 1055 1056 1057 1058 1059
aoko,163,爆発時 背景,161,rgb,1,1,,1,0,0,1064
aoko,164,,161,rgb,1,1,,1,0,0,1065
aoko,165,,161,rgb,1,1,,1,0,0,1066
aoko,166,,,mixed-fixed,18,12,,2,0,5,560 561 562 563 564 565 566 567 568 569 570 571
aoko,167,ラストアーク用 ビーム,156,fixed-indexed,1,2,,2,0,2,562
aoko,168,上方向 レーザー(Aのみ),147,mixed-fixed,12,12,,2,0,7,578 579 580 581 582 583 584 585 586 587 588 589
aoko,175,空中レーザー ブレード,172 173 174 224,fixed-indexed,11,2,,2,0,0,622 623 624 625 626 627 628 629 630 631 632
aoko,176,空中レーザー レーザー部分,172 499,mixed-fixed,18,12,,2,0,12,560 561 562 563 564 565 566 567 568 569 570 571
aoko,177,,173 500,mixed-fixed,18,12,,2,0,6,560 561 562 563 564 565 566 567 568 569 570 571
aoko,178,空中236 ホールド対応,174 501,mixed-fixed,18,12,,2,1,18,560 561 562 563 564 565 566 567 568 569 570 571
aoko,179,集中●,178,fixed-indexed,1,2,,2,1,0,563
aoko,185,連携エフェクト,180,fixed-indexed,6,2,,2,0,0,407 408 409 410 411 412
aoko,186,,181,fixed-indexed,6,2,,2,0,0,413 414 415 416 417 418
aoko,187,,182,fixed-indexed,6,2,,2,0,0,419 420 421 422 423 424
aoko,188,,183 395 575 576 577,fixed-indexed,6,2,,2,0,0,425 426 427 428 429 430
aoko,189,,68 69 70 184 535 536,fixed-indexed,6,2,,2,0,0,431 432 433 434 435 436
aoko,204,停止弾,201 202 203 431 432 509,follows-palette,11,0,60.0,2,0,0,647 648 649 650 651 652 653 654 655 656 657
aoko,205,破裂,,mixed-follows+fixed,14,-10,52.1,2,0,2,658 659 660 661 662 663 664 665 666 667 668 669
aoko,206,,,mixed-follows+fixed,14,-10,52.1,2,0,0,658 659 660 661 662 663 664 665 666 667 668 669
aoko,210,移動弾 出現,207,follows-palette,6,0,63.1,2,0,0,637 638 639 640 641 642
aoko,211,,208,follows-palette,6,0,63.1,2,0,0,637 638 639 640 641 642
aoko,212,,209,follows-palette,6,0,63.1,2,0,0,637 638 639 640 641 642
aoko,214,ボタン押してると動く弾,195,follows-palette,21,0,59.0,2,0,0,637 638 639 640 641 642 643 644 645 646 647 648
aoko,215,,196,follows-palette,21,0,59.0,2,0,0,637 638 639 640 641 642 643 644 645 646 647 648
aoko,216,,197,follows-palette,21,0,59.0,2,0,0,637 638 639 640 641 642 643 644 645 646 647 648
aoko,220,破裂,,mixed-follows+fixed,14,-10,52.1,2,0,2,658 659 660 661 662 663 664 665 666 667 668 669
aoko,226,シールドカウンター用レーザー,224,follows-palette,5,0,43.8,1,0,0,0 1 2 3 4
aoko,227,,226,mixed-fixed,18,12,,2,0,6,560 561 562 563 564 565 566 567 568 569 570 571
aoko,228,,223,follows-palette,1,0,43.8,1,0,1,171
aoko,230,,103 140,mixed-follows+fixed,11,02,43.8,1 2,0,0,0 550 551 552 553 554 555 556 557 558 559
aoko,232,リフレク　B_エフェクト,231,fixed-indexed,31,2,,2,3,24,693 694 695 696 697 698 699 700 701 702 703 704
aoko,233,リフレク　A_エフェクト,234,fixed-indexed,21,2,,2,5,15,693 694 695 696 697 698 699 700 701 702 703 704
aoko,236,リフレク　C_エフェクト,235,fixed-indexed,31,2,,2,5,40,693 694 695 696 697 698 699 700 701 702 703 704
aoko,392,サマソブレード,391,rgb,4,1,,2,0,0,447 448 449 450
aoko,404,サマソブレード,400 401 402 405 406 407,rgb,4,1,,2,0,0,447 448 449 450
aoko,428,△移動弾 出現　近い,426,follows-palette,6,0,63.1,2,0,0,637 638 639 640 641 642
aoko,429,△移動弾 出現 遠い,427,follows-palette,6,0,63.1,2,0,0,637 638 639 640 641 642
aoko,430,△移動弾 至近,425,follows-palette,6,0,63.1,2,0,0,637 638 639 640 641 642
aoko,438,△ブレード,435 436 437,fixed-indexed,6,2,,2,0,0,554 555 556 557 558 559
aoko,439,△,,fixed-indexed,3,2,,2,0,0,550 551 552
aoko,441,△飛び道具部分,436,mixed-fixed,15,12,,2,4,1,1178 1179 1180 1181 1182 1183 1184 1185 1186 1187 1188 1189
aoko,442,△３ヒット飛び道具部分,435 437,mixed-fixed,15,12,,2,4,3,1178 1179 1180 1181 1182 1183 1184 1185 1186 1187 1188 1189
aoko,443,△任意爆発,,mixed-fixed,9,12,,2,0,1,1184 1185 1186 1187 1188 1189 1190 1191 1192
aoko,444,△飛び道具部分,435,mixed-fixed,15,12,,2,4,1,1178 1179 1180 1181 1182 1183 1184 1185 1186 1187 1188 1189
aoko,448,ブレード,445 446 447,rgb,5,1,,2,0,0,1193 1194 1195 1196 1197
aoko,451,飛び道具部分,445,mixed-fixed,15,12,,2,1,2,1198 1199 1200 1201 1202 1203 1204 1205 1206 1207 1208 1209
aoko,452,飛び道具部分,446,mixed-fixed,15,12,,2,1,2,1198 1199 1200 1201 1202 1203 1204 1205 1206 1207 1208 1209
aoko,453,飛び道具部分,447,mixed-fixed,15,12,,2,2,8,1198 1199 1200 1201 1202 1203 1204 1205 1206 1207 1208 1209
aoko,455,FMSジャンプ強ブレード,9,mixed-fixed,6,12,,2,0,0,483 484 485 486 487 488
aoko,471,EX まほうじん,468 470,mixed-fixed,47,12,,2,0,3,1120 1121 1122 1123 1124 1125 1126 1127 1128 1129 1130 1131
aoko,472,EX レーザージェネレータ,471,fixed-indexed,3,2,,2,0,0,1167 1168 1169
aoko,473,EX レーザー,472,mixed-fixed,26,12,,2,8,6,1167 1168 1169 1170 1171 1172 1173 1174 1175 1176 1177 1178
aoko,476,EX まほうじん,475,mixed-follows+fixed,48,012,43.8,2,0,2,0 1120 1121 1122 1123 1124 1125 1126 1127 1128 1129 1130
aoko,477,EX 破裂ジェネレータ,476,fixed-indexed,3,2,,2,0,0,1167 1168 1169
aoko,478,破裂,477,mixed-follows+fixed,14,-10,52.1,2,0,4,658 659 660 661 662 663 664 665 666 667 668 669
aoko,484,マインジェネレータ,480,fixed-indexed,3,2,,2,0,0,1167 1168 1169
aoko,488,マイン,484,follows-palette,21,0,59.0,2,1,0,637 638 639 640 641 642 643 644 645 646 647 648
aoko,489,破裂,,mixed-follows+fixed,14,-10,52.1,2,0,2,658 659 660 661 662 663 664 665 666 667 668 669
aoko,496,"116,117ADビーム call",116 117,follows-palette,2,0,43.8,1,0,0,0 1
aoko,497,"147,148上レーザー call",147 148,follows-palette,2,0,43.8,1,0,0,0 1
aoko,498,149上レーザーEX call,149,follows-palette,2,0,43.8,1,0,0,0 1
aoko,499,172空中レーザー弱 call,172,follows-palette,2,0,43.8,1,0,0,0 1
aoko,500,173空中レーザー強 call,173,follows-palette,2,0,43.8,1,0,0,0 1
aoko,501,174空中レーザーEX call,174,follows-palette,2,0,43.8,1,0,0,0 1
aoko,502,108地上レーザー弱 call,108,follows-palette,2,0,43.8,1,0,0,0 1
aoko,503,100地上レーザー強 call,102,follows-palette,2,0,43.8,1,0,0,0 1
aoko,504,142地上レーザーEX call,142 468,follows-palette,2,0,43.8,1,0,0,0 1
aoko,505,103地上レーザー強ため call,103,follows-palette,2,0,43.8,1,0,0,0 1
aoko,506,103 ガード可能最大ためレーザー,505,mixed-fixed,18,12,,2,0,1,560 561 562 563 564 565 566 567 568 569 570 571
aoko,509,●破裂を前に弾移動させる,201,follows-palette,6,0,58.9,2,0,0,674 675 676 677 678 679
aoko,510,●破裂を上に弾移動させる,201 202 203,follows-palette,6,0,58.9,2,0,0,674 675 676 677 678 679
aoko,514,△移動弾 出現　近い,512,follows-palette,6,0,63.1,2,0,0,637 638 639 640 641 642
aoko,515,△移動弾 出現 遠い,513,follows-palette,6,0,63.1,2,0,0,637 638 639 640 641 642
aoko,516,△移動弾 至近,511,follows-palette,6,0,63.1,2,0,0,637 638 639 640 641 642
aoko,519,停止弾,517 518,follows-palette,11,0,60.0,2,0,0,647 648 649 650 651 652 653 654 655 656 657
aoko,520,見た目だけ破裂,519,mixed-follows+fixed,14,-10,52.1,2,0,0,658 659 660 661 662 663 664 665 666 667 668 669
aoko,521,上からビームA 判定,519,mixed-fixed,18,12,,2,0,8,560 561 562 563 564 565 566 567 568 569 570 571
aoko,522,上からビームB 判定,519,mixed-fixed,18,12,,2,0,4,560 561 562 563 564 565 566 567 568 569 570 571
aoko,523,上からビームEX 判定,519,mixed-fixed,17,12,,2,0,12,561 562 563 564 565 566 567 568 569 570 571 572
aoko,531,△移動弾 出現　近い,530,follows-palette,12,0,61.7,2,0,0,637 638 639 640 641 642 674 675 676 677 678 679
aoko,532,地上用移動弾 ＥＸ,531,follows-palette,16,0,54.6,2,2,0,724 725 726 727 728 729 730 731 732 733 734 735
aoko,554,移動操作関数,565,follows-palette,2,0,56.9,1,0,0,0 651
aoko,556,停止弾,557 558 568 569 570 571,follows-palette,11,0,60.0,2,0,0,647 648 649 650 651 652 653 654 655 656 657
aoko,560,破裂,,mixed-follows+fixed,14,-10,52.1,2,0,2,658 659 660 661 662 663 664 665 666 667 668 669
aoko,561,,,mixed-follows+fixed,14,-10,52.1,2,0,0,658 659 660 661 662 663 664 665 666 667 668 669
aoko,565,移動弾 出現,562,follows-palette,6,0,63.1,2,0,0,637 638 639 640 641 642
arc,80,立ち小ブレード,1,mixed-fixed,10,14,,2,0,0,32 33 34 35 36 37 38 39 40 41
arc,81,,2,mixed-fixed,14,14,,2,0,0,61 62 63 64 65 66 67 68 69 70 71 72
arc,82,,3 123 422 451 475,rgb,9,1,,2,0,0,102 104 105 106 107 108 109 110 111
arc,83,屈小ブレード,4,mixed-fixed,9,14,,2,0,0,147 148 149 150 151 152 153 154 155
arc,84,,48 100,mixed-fixed,12,14,,2,0,0,156 157 158 159 160 161 162 163 164 165 166 167
arc,85,,6,mixed-fixed,16,14,,2,0,0,198 199 200 201 202 203 204 205 206 207 208 209
arc,86,Ｊ小ブレード,7 550,mixed-fixed,13,14,,2,0,0,221 222 223 224 225 226 227 228 229 230 231 232
arc,87,,8 551,mixed-fixed,12,14,,2,0,0,245 246 247 248 249 250 251 252 253 254 255 256
arc,88,,8 551,mixed-fixed,13,14,,2,0,0,258 259 260 261 262 263 264 265 266 267 268 269
arc,89,Ｊ大ブレード,9 467 552,mixed-fixed,11,14,,2,0,0,281 282 283 284 285 286 287 288 289 290 291
arc,90,真祖アッパーブレード,102 120 465,mixed-fixed,11,14,,2,0,0,621 623 625 626 627 628 629 630 631 632 633
arc,91,真祖ニーの煙,,fixed-indexed,18,4,,2,0,0,113 114 115 116 117 118 119 120 121 122 123 124
arc,92,回転ブレード,103 112,mixed-fixed,20,14,,2,0,0,963 964 965 966 967 968 969 970 971 972 973 974
arc,93,,96 98 275,rgb,16,1,,2,0,0,1118 1119 1120 1121 1122 1123 1124 1125 1126 1127 1128 1129
arc,106,,,mixed-fixed,15,14,,2,0,0,1090 1091 1092 1093 1094 1095 1096 1097 1098 1099 1100 1101
arc,108,空中たたきつけ 爪,79 107 175 176 177 231,mixed-fixed,8,14,,2,0,0,1090 1092 1094 1096 1098 1100 1102 1104
arc,109,,78,mixed-fixed,14,14,,2,0,0,1067 1068 1069 1070 1071 1072 1073 1074 1075 1076 1077 1078
arc,115,光の柱,114,mixed-fixed,39,14,,2,0,1,1300 1301 1302 1303 1304 1305 1306 1307 1308 1309 1310 1311
arc,116,姫,114,indexed-palette-constant,22,0,0.0,1,0,0,1273 1274 1275 1276 1277 1278 1279 1280 1281 1282 1283 1284
arc,117,対しき＆ななや用,114,mixed-fixed,14,14,,2,0,1,1286 1287 1288 1289 1290 1291 1292 1293 1294 1295 1296 1297
arc,118,LA用背景,114,rgb,1,1,,1,0,0,1339
arc,125,ハードエッジ SP残像,124,follows-palette,6,0,35.7,1,0,0,322 323 324 325 326 849
arc,126,ハードエッジ SP残像２,171,follows-palette,8,0,39.2,1,0,0,855 856 857 858 876 877 878 879
arc,127,ハードエッジ SP残像3,172,follows-palette,4,0,39.2,1,0,0,858 864 865 866
arc,135,,,mixed-fixed,14,14,,2,0,0,1037 1038 1039 1040 1041 1042 1043 1044 1045 1046 1047 1048
arc,136,インパクト　爪エフェクト,97 110 152 167 175 176,mixed-fixed,14,14,,2,0,0,1037 1038 1039 1040 1041 1042 1043 1044 1045 1046 1047 1048
arc,137,,128 130 132,mixed-fixed,15,14,,2,0,0,1052 1053 1054 1055 1056 1057 1058 1059 1060 1061 1062 1063
arc,138,,129 131 133,mixed-fixed,14,14,,2,0,0,1067 1068 1069 1070 1071 1072 1073 1074 1075 1076 1077 1078
arc,140,つめエフェクト　大,188,mixed-fixed,15,14,,2,0,6,729 730 731 732 733 734 735 736 737 738 739 740
arc,141,,188,mixed-fixed,16,14,,2,0,2,744 745 746 747 748 749 750 751 752 753 754 755
arc,142,,188 189,mixed-fixed,16,14,,2,0,9,760 761 762 763 764 765 766 767 768 769 770 771
arc,143,,190,mixed-fixed,17,14,,2,0,1,776 777 778 779 780 781 782 783 784 785 786 787
arc,145,つめエフェクト　小,180 184 450,mixed-fixed,15,14,,2,0,0,729 730 731 732 733 734 735 736 737 738 739 740
arc,146,２,181 185,mixed-fixed,16,14,,2,0,0,744 745 746 747 748 749 750 751 752 753 754 755
arc,147,３,182 186,mixed-fixed,16,14,,2,0,0,760 761 762 763 764 765 766 767 768 769 770 771
arc,148,４,187,mixed-fixed,17,14,,2,0,0,776 777 778 779 780 781 782 783 784 785 786 787
arc,158,投げ下分岐,111,follows-palette,8,0,39.2,,0,0,1415 1416 1417 1418 1419 1420 1421 1422
arc,159,,111,nosprite,0,,,,0,0,
arc,168,,150 151 165 166,mixed-fixed,14,14,,2,0,0,1037 1038 1039 1040 1041 1042 1043 1044 1045 1046 1047 1048
arc,170,ハードエッジEX つめ,173,rgb,5,1,,2,0,0,880 881 882 883 884
arc,174,けむり,173,follows-palette,1,0,39.2,1 2,0,0,0
arc,179,★ＢＥ初段ブレード,180 184,mixed-fixed,12,14,,2,0,2,793 794 795 796 797 798 799 800 801 802 803 804
arc,183,★ＢＥＢ初段ブレード,184,mixed-fixed,12,14,,2,0,1,793 794 795 796 797 798 799 800 801 802 803 804
arc,184,★邪魔よ　中つめ　初段,180,mixed-follows+fixed,26,04,39.2,2,27,13,0 683 684 685 686 687 688 689 690 691 692 693
arc,185,●小爪二段目　ＢＥつき,181,mixed-follows+fixed,25,04,39.2,2,22,30,693 694 695 696 697 698 699 700 701 702 703 704
arc,193,,192,indexed-palette-constant,2,0,0.0,1,0,1,1253 1257
arc,203,飛び道具部分,202,fixed-indexed,22,4,,,1,1,1231 1232 1233 1234 1235 1236 1237 1238 1239 1240 1241 1242
arc,205,,198 204,nosprite,0,,,,0,0,
arc,207,,204,nosprite,0,,,,0,0,
arc,219,,221 223,nosprite,0,,,,0,0,
arc,220,鎖,221 223,nosprite,0,,,,0,0,
arc,221,超必殺つかみ,200,follows-palette,1,0,38.3,1,0,1,2
arc,222,鎖判定,221,follows-palette,2,0,39.2,1,0,1,0 2
arc,223,超必殺つかみBH,201,follows-palette,1,0,38.3,1,0,1,2
arc,224,鎖判定BH,223,follows-palette,2,0,39.2,1,0,1,0 2
arc,226,新横鎖,200 201,nosprite,0,,,1,0,0,
arc,237,巻き上がる破片,204 220 510,indexed-palette-constant,1,0,0.0,1,0,0,1253
arc,238,,220 510,indexed-palette-constant,1,0,0.0,1,0,0,1254
arc,239,,220 510,indexed-palette-constant,1,0,0.0,1,0,0,1255
arc,240,,220 510,indexed-palette-constant,1,0,0.0,1,0,0,1256
arc,241,,220 510,indexed-palette-constant,1,0,0.0,1,0,0,1257
arc,243,,242,follows-palette,2,0,31.8,1,0,0,0 1253
arc,244,,242,follows-palette,2,0,30.0,1,0,0,0 1254
arc,245,,242,follows-palette,2,0,30.9,1,0,0,0 1255
arc,246,,242,follows-palette,2,0,30.0,1,0,0,0 1256
arc,247,,242,follows-palette,2,0,30.9,1,0,0,0 1257
arc,252,,254,follows-palette,40,0,39.2,,18,0,388 389 390 391 392 393 394 395 396 397 398 399
arc,395,○とびのき用 ブレード,390 391 392,mixed-fixed,8,14,,2,0,3,1378 1379 1380 1381 1382 1383 1384 1385
arc,396,メテオストライク２段目 ブレード,,rgb,5,1,,2,0,0,885 886 887 888 889
arc,397,メテオストライク３段目 ブレード,,rgb,6,1,,2,0,0,890 891 892 893 894 895
arc,398,対空？ ブレード,440 441,rgb,6,1,,2,0,0,1148 1149 1150 1151 1152 1153
arc,399,対空 衝撃波部分？,440 441,mixed-fixed,8,-114,,2,0,0,1154 1155 1156 1157 1158 1159 1160 1161
arc,400,なぎはらい 立ちブレード,,fixed-indexed,13,4,,2,0,0,1162 1163 1164 1165 1166 1167 1168 1169 1170 1171 1172 1173
arc,401,なぎはらい しゃがみ用ブレード,,fixed-indexed,13,4,,2,0,0,1175 1176 1177 1178 1179 1180 1181 1182 1183 1184 1185 1186
arc,402,ジャンプ強２ ブレード,9 552,mixed-fixed,6,14,,2,0,0,665 666 667 668 669 670
arc,404,メテオストライク流用ブレード,8,rgb,5,1,,2,0,0,885 886 887 888 889
arc,407,しゃがみ強２ ブレード,6 466,rgb,4,1,,2,0,0,1349 1350 1351 1352
arc,408,とびのき用 ブレード,,mixed-fixed,8,14,,2,0,1,1378 1379 1380 1381 1382 1383 1384 1385
arc,410,○EXとびのき用 ブレード,411,mixed-fixed,8,14,,2,0,6,1378 1379 1380 1381 1382 1383 1384 1385
arc,426,横ひっかき ブレード,425,rgb,6,1,,2,0,0,1401 1402 1403 1404 1405 1406
arc,428,３段用ブレード ２段目,382,rgb,4,1,,2,0,0,650 651 652 653
arc,429,３段用ブレード ３段目,383,rgb,4,1,,2,0,0,654 655 656 657
arc,430,▲立ち中　ブレード つかいまわし,2,rgb,4,1,,2,0,0,650 651 652 653
arc,437,○メテオ３段目ブレード縮小,153 436,rgb,6,1,,2,0,0,890 891 892 893 894 895
arc,438,○BEブレード,436,rgb,6,1,,2,0,0,890 891 892 893 894 895
arc,439,△EXつめ　初段（1.2拡大）,441 443,fixed-indexed,13,4,,2,0,3,1162 1163 1164 1165 1166 1167 1168 1169 1170 1171 1172 1173
arc,448,○空中飛びのきようブレード,445 446,rgb,8,1,,2,0,12,1359 1360 1361 1362 1363 1364 1365 1366
arc,449,,,rgb,8,1,,2,0,0,1359 1360 1361 1362 1363 1364 1365 1366
arc,452,○空中ＥＸ飛びのきようブレード,447,rgb,8,1,,2,0,8,1359 1360 1361 1362 1363 1364 1365 1366
arc,478,初段ブレード,,mixed-fixed,12,14,,2,0,1,793 794 795 796 797 798 799 800 801 802 803 804
arc,486,初段ブレード,,mixed-fixed,12,14,,2,0,0,793 794 795 796 797 798 799 800 801 802 803 804
arc,487,２段目 上 ブレード,181 185 481,mixed-fixed,12,14,,2,0,0,805 806 807 808 809 810 811 812 813 814 815 816
arc,488,２段目 下 ブレード,482,mixed-fixed,12,14,,2,0,0,817 818 819 820 821 822 823 824 825 826 827 828
arc,489,２段目 中 ブレード,483,mixed-fixed,11,14,,2,0,0,829 830 831 832 833 834 835 836 837 838 839
arc,490,初段ブレード,491,mixed-fixed,12,14,,2,0,0,793 794 795 796 797 798 799 800 801 802 803 804
arc,504,新横鎖,500 501,nosprite,0,,,1,0,0,
arc,505,新横鎖,500 501,nosprite,0,,,1,0,0,
arc,506,超必殺つかみ,500,follows-palette,1,0,38.3,1,0,1,2
arc,507,鎖判定,506,follows-palette,2,0,39.2,1,0,2,0 2
arc,509,奥の鎖,506 516,nosprite,0,,,,0,0,
arc,510,手前の鎖,506 516,nosprite,0,,,,0,0,
arc,512,切り裂きEff,502,fixed-indexed,22,4,,,0,1,1231 1232 1233 1234 1235 1236 1237 1238 1239 1240 1241 1242
arc,516,BH超必殺つかみ,501,follows-palette,1,0,38.3,1,0,1,2
arc,517,BH鎖判定,516,follows-palette,2,0,39.2,1,0,1,0 2
b_arc,70,登場光の柱,50 77,mixed-follows+fixed,32,012,38.8,1 2,0,0,0 1401 1402 1403 1404 1405 1406 1407 1408 1409 1410 1411
b_arc,75,くっつく姫,76,follows-palette,24,0,36.3,,1,0,0 1603 1604 1605 1606 1607 1608 1609 1610 1611 1612 1613
b_arc,76,移動する親,50 77,follows-palette,3,0,38.8,1,0,0,0 1 9
b_arc,78,光の柱,,mixed-fixed,31,12,,2,0,0,1401 1402 1403 1404 1405 1406 1407 1408 1409 1410 1411 1412
b_arc,79,光の柱,,mixed-fixed,39,12,,2,0,0,1393 1394 1395 1396 1397 1398 1399 1400 1401 1402 1403 1404
b_arc,80,立ち小ブレード,1,mixed-fixed,10,12,,2,0,0,32 33 34 35 36 37 38 39 40 41
b_arc,81,,2 610,mixed-fixed,14,12,,2,0,0,61 62 63 64 65 66 67 68 69 70 71 72
b_arc,82,,3 422 451 475 611,rgb,8,1,,2,0,0,104 105 106 107 108 109 110 111
b_arc,83,屈小ブレード,4,mixed-fixed,9,12,,2,0,0,147 148 149 150 151 152 153 154 155
b_arc,84,,48 100,mixed-fixed,12,12,,2,0,0,156 157 158 159 160 161 162 163 164 165 166 167
b_arc,85,,6,mixed-fixed,16,12,,2,0,0,198 199 200 201 202 203 204 205 206 207 208 209
b_arc,86,Ｊ小ブレード,7 271 272 550,mixed-fixed,13,12,,2,0,0,221 222 223 224 225 226 227 228 229 230 231 232
b_arc,87,,8 551,mixed-fixed,12,12,,2,0,0,245 246 247 248 249 250 251 252 253 254 255 256
b_arc,88,,8 551,mixed-fixed,13,12,,2,0,0,258 259 260 261 262 263 264 265 266 267 268 269
b_arc,89,Ｊ大ブレード,9 467 552,mixed-fixed,11,12,,2,0,0,281 282 283 284 285 286 287 288 289 290 291
b_arc,90,真祖アッパーブレード,102 120 465,mixed-fixed,11,12,,2,0,0,621 623 625 626 627 628 629 630 631 632 633
b_arc,91,真祖ニーの煙,421,fixed-indexed,18,2,,2,0,0,113 114 115 116 117 118 119 120 121 122 123 124
b_arc,92,回転ブレード,103 657,mixed-fixed,20,12,,2,0,0,1056 1057 1058 1059 1060 1061 1062 1063 1064 1065 1066 1067
b_arc,93,,96 275,rgb,16,1,,2,0,0,1211 1212 1213 1214 1215 1216 1217 1218 1219 1220 1221 1222
b_arc,106,,,mixed-fixed,15,12,,2,0,0,1183 1184 1185 1186 1187 1188 1189 1190 1191 1192 1193 1194
b_arc,107,★Ｊ２Ｂ空中たたきつけ,,mixed-follows+fixed,18,02,38.8,,10,2,428 429 430 431 432 433 434 435 436 437 1174 1175
b_arc,108,空中たたきつけ 爪,107 175 176 177 231 605,mixed-fixed,8,12,,2,0,0,1183 1185 1187 1189 1191 1193 1195 1197
b_arc,109,,,mixed-fixed,14,12,,2,0,0,1160 1161 1162 1163 1164 1165 1166 1167 1168 1169 1170 1171
b_arc,112,＠LA用 姫アルク,114,follows-palette,9,0,32.8,1,0,0,1666 1667 1668 1669 1670 1671 1672 1673 1674
b_arc,115,光の柱,114,mixed-fixed,39,12,,2,0,1,1393 1394 1395 1396 1397 1398 1399 1400 1401 1402 1403 1404
b_arc,117,対しき＆ななや用,114,mixed-fixed,14,12,,2,0,1,1379 1380 1381 1382 1383 1384 1385 1386 1387 1388 1389 1390
b_arc,118,LA用背景,114,rgb,1,1,,1,0,0,1432
b_arc,125,ハードエッジ SP残像,124,follows-palette,6,0,34.9,1,0,0,322 323 324 325 326 942
b_arc,126,ハードエッジ SP残像２,171,follows-palette,8,0,38.8,1,0,0,948 949 950 951 969 970 971 972
b_arc,127,ハードエッジ SP残像3,172,follows-palette,4,0,38.8,1,0,0,951 957 958 959
b_arc,135,,,mixed-fixed,14,12,,2,0,0,1130 1131 1132 1133 1134 1135 1136 1137 1138 1139 1140 1141
b_arc,136,インパクト　爪エフェクト,97 152 167 175 176 177,mixed-fixed,14,12,,2,0,0,1130 1131 1132 1133 1134 1135 1136 1137 1138 1139 1140 1141
b_arc,137,,128 130 132,mixed-fixed,15,12,,2,0,0,1145 1146 1147 1148 1149 1150 1151 1152 1153 1154 1155 1156
b_arc,138,,129 131 133,mixed-fixed,14,12,,2,0,0,1160 1161 1162 1163 1164 1165 1166 1167 1168 1169 1170 1171
b_arc,140,つめエフェクト　大,188,mixed-fixed,15,12,,2,0,3,729 730 731 732 733 734 735 736 737 738 739 740
b_arc,141,,188,mixed-fixed,16,12,,2,0,1,744 745 746 747 748 749 750 751 752 753 754 755
b_arc,142,,188 189,mixed-fixed,16,12,,2,0,3,760 761 762 763 764 765 766 767 768 769 770 771
b_arc,143,,190,mixed-fixed,17,12,,2,0,1,776 777 778 779 780 781 782 783 784 785 786 787
b_arc,145,つめエフェクト　小,180 184 450,mixed-fixed,15,12,,2,0,0,729 730 731 732 733 734 735 736 737 738 739 740
b_arc,146,２,181 185,mixed-fixed,16,12,,2,0,0,744 745 746 747 748 749 750 751 752 753 754 755
b_arc,147,３,182 186,mixed-fixed,16,12,,2,0,0,760 761 762 763 764 765 766 767 768 769 770 771
b_arc,148,４,187,mixed-fixed,17,12,,2,0,0,776 777 778 779 780 781 782 783 784 785 786 787
b_arc,168,,150 151 165 166,mixed-fixed,14,12,,2,0,0,1130 1131 1132 1133 1134 1135 1136 1137 1138 1139 1140 1141
b_arc,170,ハードエッジEX つめ,173,rgb,5,1,,2,0,0,973 974 975 976 977
b_arc,174,けむり,173,follows-palette,1,0,38.8,1 2,0,0,0
b_arc,179,★ＢＥ初段ブレード,180 184,mixed-fixed,12,12,,2,0,1,793 794 795 796 797 798 799 800 801 802 803 804
b_arc,193,,192,indexed-palette-constant,2,0,0.0,1,0,1,1346 1350
b_arc,203,飛び道具部分,202,rgb,22,3,,,1,1,1324 1325 1326 1327 1328 1329 1330 1331 1332 1333 1334 1335
b_arc,205,,198 204,nosprite,0,,,,0,0,
b_arc,207,,204,nosprite,0,,,,0,0,
b_arc,219,,221 223,nosprite,0,,,,0,0,
b_arc,220,鎖,221 223,nosprite,0,,,,0,0,
b_arc,221,超必殺つかみ,200,follows-palette,1,0,36.1,1,0,1,2
b_arc,222,鎖判定,221,follows-palette,2,0,38.8,1,0,1,0 2
b_arc,223,超必殺つかみBH,201,follows-palette,1,0,36.1,1,0,1,2
b_arc,224,鎖判定BH,223,follows-palette,2,0,38.8,1,0,1,0 2
b_arc,226,新横鎖,200 201,nosprite,0,,,1,0,0,
b_arc,237,巻き上がる破片,204 220 510,indexed-palette-constant,1,0,0.0,1,0,0,1346
b_arc,238,,220 510,indexed-palette-constant,1,0,0.0,1,0,0,1347
b_arc,239,,220 510,indexed-palette-constant,1,0,0.0,1,0,0,1348
b_arc,240,,220 510,indexed-palette-constant,1,0,0.0,1,0,0,1349
b_arc,241,,220 510,indexed-palette-constant,1,0,0.0,1,0,0,1350
b_arc,243,,242,follows-palette,2,0,31.5,1,0,0,0 1346
b_arc,244,,242,follows-palette,2,0,29.7,1,0,0,0 1347
b_arc,245,,242,follows-palette,2,0,30.6,1,0,0,0 1348
b_arc,246,,242,follows-palette,2,0,29.7,1,0,0,0 1349
b_arc,247,,242,follows-palette,2,0,30.6,1,0,0,0 1350
b_arc,252,,254,follows-palette,22,0,38.8,,14,0,388 389 390 391 392 393 394 395 396 397 398 399
b_arc,395,○とびのき用 ブレード,390 391 392,mixed-fixed,8,12,,2,0,1,1471 1472 1473 1474 1475 1476 1477 1478
b_arc,396,メテオストライク２段目 ブレード,,rgb,5,1,,2,0,0,978 979 980 981 982
b_arc,397,メテオストライク３段目 ブレード,,rgb,6,1,,2,0,0,983 984 985 986 987 988
b_arc,398,対空？ ブレード,,rgb,6,1,,2,0,0,1241 1242 1243 1244 1245 1246
b_arc,399,対空 衝撃波部分？,,mixed-fixed,8,-112,,2,0,0,1247 1248 1249 1250 1251 1252 1253 1254
b_arc,400,なぎはらい 立ちブレード,,fixed-indexed,13,2,,2,0,0,1255 1256 1257 1258 1259 1260 1261 1262 1263 1264 1265 1266
b_arc,401,なぎはらい しゃがみ用ブレード,,fixed-indexed,13,2,,2,0,0,1268 1269 1270 1271 1272 1273 1274 1275 1276 1277 1278 1279
b_arc,402,ジャンプ強２ ブレード,,mixed-fixed,6,12,,2,0,0,665 666 667 668 669 670
b_arc,404,メテオストライク流用ブレード,,rgb,5,1,,2,0,0,978 979 980 981 982
b_arc,407,しゃがみ強２ ブレード,466,rgb,4,1,,2,0,0,1442 1443 1444 1445
b_arc,408,とびのき用 ブレード,,mixed-fixed,8,12,,2,0,1,1471 1472 1473 1474 1475 1476 1477 1478
b_arc,410,○EXとびのき用 ブレード,411 606,mixed-fixed,8,12,,2,0,3,1471 1472 1473 1474 1475 1476 1477 1478
b_arc,426,横ひっかき ブレード,425,rgb,6,1,,2,0,0,1494 1495 1496 1497 1498 1499
b_arc,437,○メテオ３段目ブレード縮小,436,rgb,6,1,,2,0,0,983 984 985 986 987 988
b_arc,448,○空中飛びのきようブレード,445 446,rgb,8,1,,2,0,6,1452 1453 1454 1455 1456 1457 1458 1459
b_arc,449,,,rgb,8,1,,2,0,0,1452 1453 1454 1455 1456 1457 1458 1459
b_arc,452,○空中ＥＸ飛びのきようブレード,447,rgb,8,1,,2,0,4,1452 1453 1454 1455 1456 1457 1458 1459
b_arc,478,初段ブレード,,mixed-fixed,12,12,,2,0,1,793 794 795 796 797 798 799 800 801 802 803 804
b_arc,486,初段ブレード,,mixed-fixed,12,12,,2,0,0,793 794 795 796 797 798 799 800 801 802 803 804
b_arc,487,２段目 上 ブレード,181 185 481,mixed-fixed,12,12,,2,0,0,805 806 807 808 809 810 811 812 813 814 815 816
b_arc,488,２段目 下 ブレード,482,mixed-fixed,12,12,,2,0,0,817 818 819 820 821 822 823 824 825 826 827 828
b_arc,489,２段目 中 ブレード,483,mixed-fixed,11,12,,2,0,0,829 830 831 832 833 834 835 836 837 838 839
b_arc,490,初段ブレード,491,mixed-fixed,12,12,,2,0,0,793 794 795 796 797 798 799 800 801 802 803 804
b_arc,497,ＡＡＤ演出タイミング調整,501,follows-palette,2,0,38.8,1,0,0,0 4
b_arc,498,ＡＤ演出タイミング調整,500,follows-palette,3,0,38.8,1,0,0,0 1 4
b_arc,504,新横鎖,500 501,nosprite,0,,,1,0,0,
b_arc,505,新横鎖,500 501,nosprite,0,,,1,0,0,
b_arc,506,超必殺つかみ,500,follows-palette,1,0,36.1,1,0,1,2
b_arc,507,鎖判定,506 516,follows-palette,2,0,38.8,1,0,1,0 2
b_arc,509,奥の鎖,506 516,nosprite,0,,,,0,0,
b_arc,510,手前の鎖,506 516,nosprite,0,,,,0,0,
b_arc,512,切り裂きEff,513,rgb,22,3,,,0,1,1324 1325 1326 1327 1328 1329 1330 1331 1332 1333 1334 1335
b_arc,513,,502,follows-palette,3,0,38.8,1,0,0,0 1 2
b_arc,516,ＢＨつかみ,501,follows-palette,1,0,36.1,1,0,1,2
b_arc,580,立ち中ツメにつかえる？,,mixed-fixed,15,12,,2,0,0,1183 1184 1185 1186 1187 1188 1189 1190 1191 1192 1193 1194
b_arc,581,,,mixed-fixed,12,12,,2,0,0,829 830 831 832 833 834 835 836 837 838 839 840
b_arc,583,＠EX用 姫アルク,590,follows-palette,9,0,32.8,1,0,0,1666 1667 1668 1669 1670 1671 1672 1673 1674
b_arc,585,,589,nosprite,0,,,,0,0,
b_arc,586,,589,nosprite,0,,,,0,0,
b_arc,587,,589,nosprite,0,,,,0,0,
b_arc,588,姫４,589,follows-palette,1,0,32.8,1,0,0,1669
b_arc,590,姫呼び,500 501 595 642 647 652,follows-palette,1,0,38.8,1,0,0,0
b_arc,591,姫,589,follows-palette,12,0,30.2,1,0,0,1366 1368 1369 1370 1371 1372 1373 1374 1375 1376 1377 1378
b_arc,596,◇爪呼び出し,595,follows-palette,4,0,38.8,1,0,0,0 1 2 9
b_arc,597,,596,mixed-fixed,16,12,,2,0,1,744 745 746 747 748 749 750 751 752 753 754 755
b_arc,598,,596,mixed-fixed,16,12,,2,0,3,760 761 762 763 764 765 766 767 768 769 770 771
b_arc,601,◇爪呼び出し,599 600,follows-palette,4,0,38.8,1,0,0,0 1 2 9
b_arc,602,,601,mixed-fixed,16,12,,2,0,1,744 745 746 747 748 749 750 751 752 753 754 755
b_arc,603,,601,mixed-fixed,16,12,,2,0,3,760 761 762 763 764 765 766 767 768 769 770 771
b_arc,625,相手の位置→親に座標,622 624,follows-palette,3,0,38.8,1,0,0,0 1 2
b_arc,633,,632 634 640 641 642 645,mixed-fixed,14,12,,2,0,0,1130 1131 1132 1133 1134 1135 1136 1137 1138 1139 1140 1141
b_arc,636,,635,mixed-fixed,15,12,,2,0,0,1145 1146 1147 1148 1149 1150 1151 1152 1153 1154 1155 1156
b_arc,666,波動effect,650 651,mixed-fixed,48,12,,2,1,2,841 842 843 844 845 846 847 848 849 850 851 852
b_arc,667,,651,mixed-fixed,48,12,,2,0,2,841 842 843 844 845 846 847 848 849 850 851 852
b_arc,668,,666 667 673,mixed-fixed,36,12,,2,0,0,878 879 880 881 882 883 884 885 886 887 888 889
b_arc,669,,,mixed-fixed,11,12,,2,0,0,914 915 916 917 918 919 920 921 922 923 924
b_arc,670,空中波動ｅｆｆｅｃｔ,655,mixed-fixed,46,-112,,2,1,2,841 842 843 844 845 846 847 848 849 850 851 852
b_arc,671,空中波動ｅｆｆｅｃｔ,656,mixed-fixed,45,12,,2,1,2,841 842 843 844 845 846 847 848 849 850 851 852
b_arc,672,空中波動ｅｆｆｅｃｔ,657,mixed-fixed,45,12,,2,1,2,841 842 843 844 845 846 847 848 849 850 851 852
b_arc,673,EX波動ｅｆｆｅｃｔ,652,mixed-fixed,48,12,,2,1,3,841 842 843 844 845 846 847 848 849 850 851 852
b_kohaku_m,21,やられチェッカー,0,follows-palette,4,0,40.1,1,0,0,0 1 2 3
b_kohaku_m,44,のっとり計画音声,13,follows-palette,3,0,40.1,1,0,0,0 1 4
b_kohaku_m,54,きらーん☆,9 64 201 217 219,fixed-indexed,11,2,,2,0,0,1154 1155 1156 1157 1158 1159 1160 1161 1162 1163 1164
b_kohaku_m,83,実は捕獲している判定,272,follows-palette,1,0,23.8,1,0,1,1174
b_kohaku_m,84,見せかけの重り,272,follows-palette,1,0,23.8,1,0,0,1174
b_kohaku_m,91,,50,follows-palette,1,0,5.9,1,0,0,432
b_kohaku_m,92,,91,follows-palette,1,0,40.1,1,0,0,0
b_kohaku_m,129,置かれる植木,126 218,follows-palette,19,0,19.7,1,0,2,562 563 564 565 566 567 568 569 570 571 572 573
b_kohaku_m,130,サボテン,127,follows-palette,17,0,21.4,1,1,3,581 582 583 584 585 586 587 588 589 590 591 592
b_kohaku_m,135,もみの木？,125,follows-palette,15,0,34.6,,0,3,2 646 647 648 649 650 651 652 653 654 655 656
b_kohaku_m,156,,91,follows-palette,2,0,2.7,1,0,0,437 438
b_kohaku_m,157,,91,follows-palette,1,0,2.7,1,0,0,437
b_kohaku_m,158,,91,follows-palette,2,0,2.7,1,0,0,437 439
b_kohaku_m,159,,91,follows-palette,2,0,2.7,1,0,0,437 440
b_kohaku_m,160,火,91,fixed-indexed,10,2,,2,0,0,441 442 443 444 445 446 447 448 449 450
b_kohaku_m,167,,166,fixed-indexed,18,2,,2,0,0,1036 1037 1038 1039 1040 1041 1042 1043 1044 1045 1046 1047
b_kohaku_m,168,,166,rgb,6,1,,1 2,0,1,1054 1055 1056 1057 1058 1059
b_kohaku_m,169,,168,rgb,1,1,,1,0,0,1031
b_kohaku_m,173,ブレード,166 170 172,mixed-fixed,10,12,,2,0,0,722 723 724 725 726 727 728 729 730 731
b_kohaku_m,181,上居合いブレード,171,mixed-fixed,10,12,,2,0,0,732 733 734 735 736 737 738 739 740 741
b_kohaku_m,182,文字出し,169,follows-palette,1,0,40.1,1,0,0,0
b_kohaku_m,183,文字 琥,182,rgb,1,3,,1,0,0,1032
b_kohaku_m,184,文字 珀,182,rgb,1,3,,1,0,0,1033
b_kohaku_m,185,文字 画,182,rgb,1,3,,1,0,0,1034
b_kohaku_m,186,ハンコ,182,rgb,1,3,,1,0,0,1035
b_kohaku_m,194,陳 連打エフェクト,217,mixed-fixed,12,12,,2,0,0,1076 1077 1078 1079 1080 1081 1082 1083 1084 1085 1086 1087
b_kohaku_m,195,陳 突き,217,mixed-fixed,6,12,,2,0,0,1088 1089 1090 1091 1092 1093
b_kohaku_m,196,陳 サマー,217,mixed-follows+fixed,15,01,40.1,2,0,0,0 1094 1095 1096 1097 1098 1099 1100 1101 1102 1103 1104
b_kohaku_m,202,割烹着,200,follows-palette,3,0,40.9,1,0,0,935 936 937
b_kohaku_m,203,ほうき,52 200,follows-palette,12,0,40.2,1,0,1,1005 1006 1007 1008 1009 1010 1011 1012 1013 1014 1015 1016
b_kohaku_m,205,煙,201 217,follows-palette,1,0,40.1,2,0,0,0
b_kohaku_m,206,影,201,follows-palette,4,0,40.1,1,0,0,0 978 979 980
b_kohaku_m,207,青い残像,201 217,fixed-indexed,8,2,,2,0,0,981 982 983 984 985 986 987 988
b_kohaku_m,208,,201 217,fixed-indexed,8,2,,2,0,0,989 990 991 992 993 994 995 996
b_kohaku_m,209,,201,fixed-indexed,8,2,,2,0,0,997 998 999 1000 1001 1002 1003 1004
b_kohaku_m,212,ゴン,215 228,nosprite,0,,,,0,0,
b_kohaku_m,213,,215 228,nosprite,0,,,,0,0,
b_kohaku_m,214,,215 228,nosprite,0,,,,0,0,
b_kohaku_m,216,琥珀さん,215,nosprite,0,,,,0,0,
b_kohaku_m,225,,248,follows-palette,12,0,40.2,1,0,0,1005 1006 1007 1008 1009 1010 1011 1012 1013 1014 1015 1016
b_kohaku_m,226,影,217,follows-palette,4,0,40.1,1,0,0,0 978 979 980
b_kohaku_m,227,色でセレクト,210,follows-palette,1,0,40.1,1,0,0,0
b_kohaku_m,237,,235,mixed-fixed,8,12,,2,0,0,1179 1180 1181 1182 1183 1184 1185 1186
b_kohaku_m,273,投げスカ用おもり,271,follows-palette,1,0,23.8,,0,0,1174
b_m_hisui_p,20,ガードエフェクト,17 18 19,mixed-fixed,5,12,,2,0,0,415 416 417 418 419
b_m_hisui_p,49,目の光り,50,fixed-indexed,1,2,,2,0,0,1426
b_m_hisui_p,138,スカートパーツ,152,follows-palette,3,0,25.3,,0,0,1076 1077 1078
b_m_hisui_p,139,ミサイル大,152,follows-palette,4,0,50.1,,0,1,1079 1080 1081 1082
b_m_hisui_p,141,ミサイル煙,139,fixed-indexed,25,2,,2,0,0,1088 1089 1090 1091 1092 1093 1094 1095 1096 1097 1098 1099
b_m_hisui_p,145,爆発大,,mixed-fixed,18,12,,2,0,0,752 753 754 755 756 757 758 759 760 761 762 763
b_m_hisui_p,166,,162,nosprite,0,,,,0,4,
b_m_hisui_p,168,,162,mixed-follows+fixed,7,012,39.4,1 3,0,0,0 707 708 709 710 711 712
b_m_hisui_p,189,,711,nosprite,0,,,,0,0,
b_m_hisui_p,214,,213,follows-palette,25,0,39.4,,12,0,334 335 336 337 338 367 368 369 370 371 372 373
b_m_hisui_p,216,,215,rgb,9,1,,2,0,0,1231 1232 1233 1234 1235 1236 1237 1238 1239
b_m_hisui_p,466,⇔レーザー,465,nosprite,0,,,,0,1,
b_m_hisui_p,710,黒フェード,702,follows-palette,16,0,39.4,1,0,0,0 1 2 3 4 5 6 7 8 9 10 11
b_m_hisui_p,711,飛んでくるメカヒスイ,706,follows-palette,15,0,39.3,1,0,0,329 330 331 332 1438 1439 1440 1441 1442 1443 1444 1445
b_m_hisui_p,712,ジャンプインするメカ,705,follows-palette,24,0,39.4,,2,0,339 340 341 342 343 344 345 346 347 348 349 350
b_m_hisui_p,713,↑からホバリング,704,follows-palette,7,0,39.3,,0,0,329 330 331 332 1446 1447 1448
b_m_hisui_p,714,足噴射,713,fixed-indexed,13,2,,2,0,0,1461 1462 1463 1464 1465 1466 1467 1468 1469 1470 1471 1472
b_ryougi,20,　立ち呼吸瞬き,0 800,follows-palette,5,0,33.2,1,0,0,0 7 8 9 10
b_ryougi,21,未使用,,mixed-follows+fixed,32,02,31.9,,0,0,297 595 675 720 721 722 723 724 725 726 727 938
b_ryougi,43,体にくっつくナイフ拾い判定,35 36 37 38 39 40,follows-palette,2,0,34.7,1,1,0,0 12
b_ryougi,45,　ＢＥ大音声,3 430,follows-palette,2,0,33.9,1,0,0,0 1
b_ryougi,62,ダッシュの砂煙手前,60 223 224 225 310 311,follows-palette,1,0,33.9,1,0,0,0
b_ryougi,63,ダッシュの砂煙奥,60 223 224 225 310 311,follows-palette,1,0,33.9,1,0,0,0
b_ryougi,64,ダッシュ煙反転,59 61,follows-palette,1,0,33.9,1,0,0,0
b_ryougi,72,　投げ音声,71,follows-palette,5,0,33.9,1,0,0,0 1 2 3 4
b_ryougi,100,立ち中 ２段 ブレードA,2,rgb,3,1,,2,0,0,31 32 33
b_ryougi,101,立ち中 ２段 ブレードB,176,rgb,3,1,,2,0,0,34 35 36
b_ryougi,102,ジャンプ弱 ブレード,7,mixed-fixed,4,12,,2,0,0,106 107 108 109
b_ryougi,103,ジャンプ中 ブレード,,rgb,3,1,,2,0,0,116 117 118
b_ryougi,104,ジャンプ強 ブレード,9 252,rgb,3,1,,2,0,0,125 126 127
b_ryougi,105,ジャンプ攻撃１ ブレード,7,rgb,2,1,,2,0,0,428 429
b_ryougi,106,J攻撃 ブレード,9,rgb,3,1,,2,0,0,546 547 548
b_ryougi,107,J攻撃 二段斬りブレードA,8,rgb,3,1,,2,0,0,532 533 534
b_ryougi,108,J攻撃 二段斬りブレードB,8 180,rgb,3,1,,2,0,0,535 536 537
b_ryougi,109,立ち強３ ブレード,3,rgb,3,1,,2,0,0,478 479 480
b_ryougi,110,立ち強　ブレード,3,rgb,3,1,,2,0,0,419 420 421
b_ryougi,111,立ち強ブレード,2,rgb,3,1,,2,0,0,464 465 466
b_ryougi,112,J攻撃 二段斬りブレードB強,,rgb,3,1,,2,0,0,535 536 537
b_ryougi,113,三段斬り突進暫定,378,mixed-fixed,4,12,,2,0,0,106 107 108 109
b_ryougi,115,投げ ブレード,71 272,rgb,3,1,,2,0,0,1228 1229 1230
b_ryougi,116,斬った時のどかーん,71 272,mixed-follows+fixed,7,012,33.9,1 2,0,0,0 1231 1232 1233 1234 1235 1236
b_ryougi,117,6C追加のどかーん,435 438 440 441,mixed-follows+fixed,7,012,33.9,1 2,0,0,0 1231 1232 1233 1234 1235 1236
b_ryougi,119,３Ｃブレード,5,rgb,3,1,,2,0,0,406 407 408
b_ryougi,120,しゃがみ攻撃２ ブレード,5 251,rgb,2,1,,2,0,0,499 500
b_ryougi,121,しゃがみ攻撃１ ブレード,4,rgb,3,1,,2,0,0,488 489 490
b_ryougi,122,しゃがみ攻撃３ ブレード,178,rgb,3,1,,2,0,0,509 510 511
b_ryougi,123,すっごい移動する屈大ブレード,6,rgb,3,1,,2,0,0,88 89 90
b_ryougi,125,必殺１ ブレード,218 231 233 331 332 341,rgb,4,1,,2,0,0,596 597 598 599
b_ryougi,126,必殺２ ブレード,219 232 234 360 491 515,rgb,4,1,,2,0,0,600 601 602 603
b_ryougi,127,立ち強３ ブレード必殺,,rgb,3,1,,2,0,0,478 479 480
b_ryougi,128,必殺２ ブレードＥＸ,362 492 517,rgb,4,1,,2,0,0,600 601 602 603
b_ryougi,129,立ち強３ ブレード必殺EX,,rgb,3,1,,2,0,0,478 479 480
b_ryougi,130,突進斬りブレード,220 226 230 315 316 317,rgb,3,1,,2,0,0,666 667 668
b_ryougi,131,派生三段上段締め,368 382 396 397,mixed-follows+fixed,4,01,34.8,2,0,0,739 740 741 742
b_ryougi,132,振り下ろしブレード,368 390 396 717,rgb,3,1,,2,0,0,669 670 671
b_ryougi,133,派生〆ブレード,,rgb,3,1,,2,0,0,672 673 674
b_ryougi,134,二段目中段ブレード,368 392 400 714,rgb,3,1,,2,0,0,728 729 730
b_ryougi,135,立ち強 特殊技ブレード,410,rgb,3,1,,2,0,0,65 66 67
b_ryougi,136,立ち強 特殊技EXブレード,,rgb,3,1,,2,0,0,65 66 67
b_ryougi,137,受身斬りブレード,480 481 482,rgb,3,1,,2,0,0,872 873 874
b_ryougi,138,その場回転ブレード,385 386,rgb,3,1,,2,0,0,753 754 755
b_ryougi,139,その場回転EXブレード,387,rgb,3,1,,2,0,0,753 754 755
b_ryougi,140,立ち強 6C短い特殊技ブレード,430 437 439,rgb,3,1,,2,0,0,65 66 67
b_ryougi,143,必殺１ ブレード反転,335 337 361 516,rgb,4,1,,2,0,0,596 597 598 599
b_ryougi,144,振り下ろしブレードEX,397,rgb,4,1,,2,0,0,676 677 678 679
b_ryougi,145,連携１ ブレード,1,rgb,2,1,,2,0,0,449 450
b_ryougi,146,連携２ ブレード,141 150 250,rgb,2,1,,2,0,0,451 452
b_ryougi,147,連携３ ブレード,85 86 142 151,rgb,2,1,,2,0,0,453 454
b_ryougi,148,三段打ち上げ,368 377 396 397 716,rgb,3,1,,2,0,0,116 117 118
b_ryougi,149,当て身エフェクト,580 581 582 585 586 587,mixed-fixed,9,12,,2,0,0,1188 1189 1190 1191 1192 1193 1194 1195 1196
b_ryougi,153,目閉じ重ね,155,follows-palette,1,0,8.7,,0,0,1331
b_ryougi,156,これが答えでござる,155 185 602,follows-palette,5,0,13.8,1,0,0,1329 1331 1332 1333 1336
b_ryougi,158,いま、おかしなこと,157,follows-palette,8,0,10.0,,0,0,1380 1381 1382 1385 1386 1387 1388 1389
b_ryougi,167,案外面白かったかな,160,follows-palette,6,0,10.0,,0,0,1380 1382 1385 1386 1387 1389
b_ryougi,168,うんいいんじゃないかアンタ,161,follows-palette,4,0,10.0,,0,0,1382 1385 1386 1387
b_ryougi,169,満足したか？,162,follows-palette,5,0,33.9,1,0,0,0 1357 1358 1359 1362
b_ryougi,170,なんて無様,163,follows-palette,4,0,33.9,1,0,0,0 1359 1362 1364
b_ryougi,171,これでしまいだ,164,follows-palette,5,0,33.9,1,0,0,0 9 1405 1408 1409
b_ryougi,172,寝てろ起こさないから,165,follows-palette,5,0,10.0,1,0,0,1405 1408 1409 1410 1412
b_ryougi,173,ちぇ、石頭な石頭,166,follows-palette,5,0,10.0,,0,0,1382 1384 1385 1386 1387
b_ryougi,204,　↓呼び,50,follows-palette,1,0,33.9,1,0,0,0
b_ryougi,235,相手サーチするヒット魔眼,3 218 219 220 230 233,follows-palette,4,0,34.6,1,3,0,0 11 12 13
b_ryougi,240,ラウンドとると親8+100,194,follows-palette,2,0,34.6,1,0,0,0 11
b_ryougi,245,変数4 表1 裏2,315 316 317 320 321 322,follows-palette,3,0,34.6,1,1,0,0 11 12
b_ryougi,275,空中投げスカ音声,70 271,follows-palette,2,0,33.9,1,0,0,0 1
b_ryougi,285,ガーブレ音声,280 282,follows-palette,2,0,33.9,1,0,0,0 1
b_ryougi,295,両儀用斬り 呼び出し,235,follows-palette,1,0,33.9,2,0,0,0
b_ryougi,296,１,295,nosprite,0,,,,0,0,
b_ryougi,297,２,295,nosprite,0,,,,0,0,
b_ryougi,298,３,295,nosprite,0,,,,0,0,
b_ryougi,388,　音声,387,follows-palette,2,0,33.9,1,0,0,0 1
b_ryougi,398,　つかみ判定,397,follows-palette,2,0,34.0,1,0,3,0 15
b_ryougi,399,　いっちょあがりだ,397,follows-palette,2,0,33.9,1,0,0,0 1
b_ryougi,422,つかみ判定,419 452,follows-palette,5,0,34.2,1,0,2,0 11 12 13 14
b_ryougi,423,　音声,421,follows-palette,5,0,33.9,1,0,0,0 1 2 3 4
b_ryougi,428,自分と相手の中間に残像を出す,427 430 437,follows-palette,2,0,32.8,1,0,0,0 44
b_ryougi,429,,437 439,nosprite,0,,,,0,0,
b_ryougi,447,■相手まで14Fで到着,446,follows-palette,1,0,33.9,1,0,0,0
b_ryougi,479,かぶせるもの,480 481,follows-palette,11,0,32.8,,0,0,860 861 862 863 864 865 866 867 868 869 870
b_ryougi,483,EX用かぶせ,482,follows-palette,11,0,32.8,,0,0,860 861 862 863 864 865 866 867 868 869 870
b_ryougi,540,発生F調整　地上,533,follows-palette,4,0,34.6,1,0,0,0 11 12 13
b_ryougi,541,硬直F調整　地上,533,follows-palette,4,0,34.6,1,0,0,0 11 12 13
b_ryougi,542,硬直F調整　空中,539,follows-palette,4,0,34.6,1,0,0,0 11 12 13
b_ryougi,545,＠地上ナイフ分岐　→,533,follows-palette,1,0,33.9,1,0,0,0
b_ryougi,546,＠空中ナイフ分岐　→,508 511 512 528 535 538,follows-palette,1,0,33.9,1,0,0,0
b_ryougi,547,＠地上ナイフＢＥ分岐　→,533,follows-palette,1,0,33.9,1,0,0,0
b_ryougi,557,1P・2P識別,555 556,mixed-follows+fixed,5,04,33.9,1,0,0,0 825 826 827 828
b_ryougi,560,ナイフ共通判定　浮き,550 551 552 553,follows-palette,1,0,33.9,1,0,1,0
b_ryougi,561,ナイフ共通判定　ガード不能,570,follows-palette,1,0,33.9,1,0,1,0
b_ryougi,574,　斜め下ナイフ 角度分岐,573,follows-palette,2,0,34.6,1,0,0,0 804
b_ryougi,576,　斜め下ナイフ 角度分岐,575,follows-palette,2,0,34.6,1,0,0,0 804
b_ryougi,577,　ナイフEX判定　固め,574 576 579,follows-palette,1,0,33.9,1,0,1,0
b_ryougi,579,　横ナイフ　共通,578,follows-palette,1,0,45.7,,0,0,804
b_ryougi,603,風が完全に病んだかチェック,605,follows-palette,2,0,34.6,1,0,0,0 11
b_ryougi,605,管理　変数3,600,follows-palette,10,0,33.0,1,0,1,0 11 12 13 14 15 16 17 18 19
b_ryougi,606,カメラ管理,605,follows-palette,4,0,34.2,1,0,0,0 11 12 14
b_ryougi,607,LA用白い板,610,rgb,1,3,,1,0,0,1128
b_ryougi,608,LA背景,605,rgb,1,1,,1,0,0,942
b_ryougi,609,ホワイトアウト素材,,rgb,1,3,,,0,0,943
b_ryougi,610,LAブレード,601 602,rgb,6,3,,,0,0,1009 1010 1011 1012 1013 1014
b_ryougi,611,花びら,616,indexed-palette-constant,14,0,0.0,1,0,0,944 945 946 947 948 949 950 951 952 953 954 955
b_ryougi,612,小１,611,indexed-palette-constant,7,0,0.0,1,0,0,958 959 960 961 962 963 964
b_ryougi,613,小２,611,indexed-palette-constant,8,0,0.0,1,0,0,965 966 967 968 969 970 971 972
b_ryougi,615,花びらの親呼び出しディレイ,605,follows-palette,1,0,33.9,1,0,0,0
b_ryougi,617,BGMストップ,601 602,follows-palette,3,0,34.2,1,0,0,0 11 14
b_ryougi,619,LA開始と同時の桜,605,follows-palette,2,0,34.6,1,0,0,0 11
b_ryougi,620,背景の花びら管理,605,follows-palette,4,0,34.6,1,0,0,0 11 12 13
b_ryougi,623,　ＬＡ音声,601 602,follows-palette,7,0,33.9,1,0,0,0 1 2 3 4 5 6
b_ryougi,626,　0-10,619 620,follows-palette,2,0,33.5,1,0,0,0 14
b_ryougi,627, 10-20,620,follows-palette,2,0,33.5,1,0,0,0 14
b_ryougi,628, 20-30,620,follows-palette,2,0,33.5,1,0,0,0 14
b_ryougi,630,花びら１,626 627 628 635,follows-palette,10,0,32.5,1,0,0,0 973 974 975 976 977 978 979 980 981
b_ryougi,631,花びら２,626 627 628 635,follows-palette,10,0,32.5,1,0,0,0 982 983 984 985 986 987 988 989 990
b_ryougi,632,花びら３,626 627 628 635,follows-palette,10,0,32.5,1,0,0,0 991 992 993 994 995 996 997 998 999
b_ryougi,633,花びら４,626 627 628 635,follows-palette,10,0,33.2,1,0,0,0 1000 1001 1002 1003 1004 1005 1006 1007 1008
b_ryougi,639,全てはユメと,623,follows-palette,4,0,9.4,1,0,0,892 894 895 896
b_ryougi,640,花びらドバー,605,mixed-follows+fixed,26,01,33.9,1,0,0,0 1015 1016 1017 1018 1019 1020 1021 1022 1023 1024 1025
b_ryougi,655,つかみ分岐,647 679,follows-palette,1,0,33.9,1,0,2,0
b_ryougi,657,つかんでぽい・魔眼分岐,646 686,follows-palette,4,0,34.3,1,0,1,0 12 13 14
b_ryougi,658,背景暗転管理序盤のみ,646 686,follows-palette,3,0,34.6,1,0,0,0 11 12
b_ryougi,660,ブレード1,652,rgb,7,1,,2,0,0,1091 1092 1093 1094 1095 1096 1097
b_ryougi,661,ブレード２,652,rgb,7,1,,2,0,0,1098 1099 1100 1101 1102 1103 1104
b_ryougi,662,ブレード３,652,rgb,7,1,,2,0,0,1105 1106 1107 1108 1109 1110 1111
b_ryougi,665,ダッシュの砂煙奥,647 679,follows-palette,1,0,33.9,1,0,0,0
b_ryougi,666,,679,nosprite,0,,,,0,0,
b_ryougi,670,ブラーっぽいもの,671,fixed-indexed,1,2,,3,0,0,1121
b_ryougi,671,ほぼ地上用死の線,646 686,mixed-follows+fixed,2,02,33.9,1 3,0,0,0 1121
b_ryougi,672,BGMストップ,646 679 686,follows-palette,3,0,34.2,1,0,0,0 11 14
b_ryougi,673,キラッ☆の～,647,mixed-follows+fixed,3,01,33.9,1 2,0,0,0 1119 1120
b_ryougi,674,キラッ☆演出固定,647,mixed-fixed,7,12,,2,0,0,1112 1113 1115 1116 1117 1118 1119
b_ryougi,676,AADラスト背景,654,rgb,27,13,,2,0,0,1122 1123 1124 1125 1126 1127 1128 1129 1130 1131 1132 1133
b_ryougi,677,　ＡＡＤの式の影１　乗算,652,follows-palette,1,0,32.9,1,0,0,1076
b_ryougi,678,　ＡＡＤの式の影２　減算,677,follows-palette,1,0,32.9,3,0,0,1076
b_ryougi,704,　タイムカウント,705,follows-palette,1,0,37.5,1,0,0,824
b_ryougi,723,　飛ぶナイフ,720,follows-palette,1,0,45.7,,0,1,804
b_ryougi,724,　飛ぶナイフ,721,follows-palette,1,0,45.7,,0,1,804
b_ryougi,725,　飛ぶナイフ,722,follows-palette,1,0,45.7,,0,1,804
b_ryougi,726,　BE飛ぶナイフ,720,follows-palette,1,0,45.7,,0,1,804
b_ryougi,727,　BE飛ぶナイフ,721,follows-palette,1,0,45.7,,0,1,804
b_ryougi,733,　飛ぶナイフ,730,follows-palette,1,0,45.7,,0,1,804
b_ryougi,734,　飛ぶナイフ,731,follows-palette,1,0,45.7,,0,1,804
b_ryougi,735,　飛ぶナイフ,732,follows-palette,1,0,45.7,,0,1,804
b_ryougi,736,　BE飛ぶナイフ,730,follows-palette,1,0,45.7,,0,1,804
b_ryougi,737,　BE飛ぶナイフ,731,follows-palette,1,0,45.7,,0,1,804
b_ryougi,743,　飛ぶナイフ,740,follows-palette,1,0,45.7,,0,1,804
b_ryougi,744,　飛ぶナイフ,741,follows-palette,1,0,45.7,,0,1,804
b_ryougi,745,　斜め下ナイフ 角度分岐,742,follows-palette,2,0,34.6,1,0,1,0 804
b_ryougi,746,　BE飛ぶナイフ,740,follows-palette,1,0,45.7,,0,1,804
b_ryougi,747,　BE飛ぶナイフ,741,follows-palette,1,0,45.7,,0,1,804
ciel,47,ダッシュ波動,101,fixed-indexed,7,4,,2,0,0,1392 1393 1394 1395 1396 1397 1398
ciel,49,＿登場音声,50,follows-palette,3,0,37.8,1,0,0,0 1 2
ciel,51,＿勝ち音声,52 530,follows-palette,2,0,37.8,1,0,0,0 1
ciel,57,クロスカウンターの絵,56,nosprite,0,,,,0,0,
ciel,59,,50,follows-palette,35,0,22.6,1,0,0,1065 1066 1067 1068 1069 1070 1071 1072 1073 1074 1075 1076
ciel,62,そのブレード,61 465,fixed-indexed,6,4,,2,0,0,131 132 133 134 135 136
ciel,103,空中弱用 剣,160 504,mixed-follows+fixed,6,04,7.6,1 2,3,3,647 810 811 812 813 814
ciel,104,右下　黒鍵,161,mixed-follows+fixed,6,04,7.6,1 2,3,3,647 810 811 812 813 814
ciel,105,ダウン用,167 168,mixed-follows+fixed,6,04,7.6,1 2,3,1,647 810 811 812 813 814
ciel,106,ＥＸ黒鍵用,162,mixed-follows+fixed,6,04,7.6,1 2,3,3,647 810 811 812 813 814
ciel,107,,162,mixed-follows+fixed,6,04,7.6,1 2,3,1,647 810 811 812 813 814
ciel,108,右下　黒鍵（浮く）,164 165,mixed-follows+fixed,6,04,7.6,1 2,3,3,647 810 811 812 813 814
ciel,110,EX黒鍵ダウン用（105）,162,mixed-follows+fixed,6,04,7.6,1 2,3,1,647 810 811 812 813 814
ciel,111,ＬＡ用黒鍵　炎付き,238,mixed-follows+fixed,7,04,31.0,1 2,3,3,0 647 810 811 812 813 814
ciel,113,,115,mixed-follows+fixed,6,04,7.6,2,3,2,810 811 812 813 814 1383
ciel,114,,115,mixed-follows+fixed,6,04,7.6,2,2,2,810 811 812 813 814 1383
ciel,135,足投げ用剣,134,mixed-follows+fixed,6,04,7.6,2,0,4,810 811 812 813 814 1384
ciel,136,弱　黒鍵　飛び道具部分,121 124 126 127 130,mixed-follows+fixed,6,04,7.6,2,3,1,810 811 812 813 814 1383
ciel,137,,125,mixed-follows+fixed,6,04,7.6,2,2,1,810 811 812 813 814 1383
ciel,138,中　黒鍵　飛び道具部分,131 132 133,mixed-follows+fixed,6,04,7.6,2,1,1,810 811 812 813 814 1383
ciel,139,,,mixed-follows+fixed,6,04,7.6,2,3,1,810 811 812 813 814 1383
ciel,140,ＥＸ　黒鍵　飛び道具部分,122 199,mixed-follows+fixed,6,04,7.6,2,2,1,810 811 812 813 814 1383
ciel,141,,122,mixed-follows+fixed,6,04,7.6,2,3,1,810 811 812 813 814 1383
ciel,142,火葬式典,120 415,mixed-follows+fixed,6,04,7.6,2,4,4,810 811 812 813 814 1383
ciel,144,鉄甲作用,,mixed-follows+fixed,6,04,7.6,2,3,1,810 811 812 813 814 1383
ciel,145,その火種,139 144,follows-palette,1,0,37.8,1,0,1,0
ciel,146,立ち大からの派生黒鍵,54,mixed-follows+fixed,7,04,31.0,1 2,3,2,0 810 811 812 813 814 1383
ciel,154,サマーソルト エフェクト,99 150 151 152 156 157,fixed-indexed,6,4,,2,0,0,861 862 863 864 865 866
ciel,159,倒れなさい音声,158,follows-palette,2,0,37.8,1,0,0,0 1
ciel,163,空中214A,160,mixed-follows+fixed,6,04,7.6,1 2,4,4,647 810 811 812 813 814
ciel,182,ＥＸ用　剣（攻撃判定）,181,follows-palette,3,0,37.8,1,0,1,0 1 2
ciel,183,,181,follows-palette,3,0,37.8,1,0,1,0 1 2
ciel,184,ヒット後　回転する剣,,mixed-follows+fixed,5,04,7.6,2,0,0,810 811 812 813 814
ciel,185,壁投げ２用,186,mixed-follows+fixed,6,04,7.6,2,4,4,810 811 812 813 814 1385
ciel,188,壁投げ２用,187,mixed-follows+fixed,6,04,7.6,2,3,2,647 810 811 812 813 814
ciel,189,剣 下,,mixed-follows+fixed,6,04,7.6,2,2,2,806 810 811 812 813 814
ciel,190,剣 下下右,109 503,mixed-follows+fixed,6,04,7.6,2,2,4,810 811 812 813 814 1385
ciel,191,剣 右下,109 503,mixed-follows+fixed,6,04,7.6,2,2,4,647 810 811 812 813 814
ciel,192,剣 右右下,109 128 503,mixed-follows+fixed,6,04,7.6,2,3,4,810 811 812 813 814 1384
ciel,193,剣 右,,mixed-follows+fixed,5,04,7.6,2,3,4,810 811 812 813 814
ciel,198,バックファイヤー,199 200,mixed-fixed,11,-14,,2,0,0,1414 1415 1416 1417 1418 1419 1420 1421 1422 1423 1424
ciel,201,法衣→聖典,199 200 230,follows-palette,16,0,22.3,,0,0,1049 1050 1051 1052 1053 1054 1055 1056 1057 1058 1059 1060
ciel,202,聖典→服,199 200 230 231 236,follows-palette,9,0,19.8,,0,0,1065 1066 1067 1068 1069 1070 1071 1072 1073
ciel,204,羽　奥,199 200 230,fixed-indexed,24,4,,2,0,0,1017 1018 1019 1020 1021 1022 1023 1024 1025 1026 1027 1028
ciel,206,衝撃破,199 200,fixed-indexed,10,4,,2,0,0,1404 1405 1406 1407 1408 1409 1410 1411 1412 1413
ciel,207,ななこ,60,follows-palette,25,0,28.7,1,0,0,1074 1075 1076 1077 1078 1079 1080 1081 1082 1083 1335 1336
ciel,210,後方衝撃波,199 200 230,fixed-indexed,7,4,,2,0,0,1392 1393 1394 1395 1396 1397 1398
ciel,211,魔法陣,,fixed-indexed,5,4,,2,0,0,1399 1400 1401 1402 1403
ciel,212,十字架,199 200 230,fixed-indexed,1,4,,2,0,0,1048
ciel,213,羽　１,204,fixed-indexed,4,4,,2,0,0,1149 1150 1151 1152
ciel,214,,213,fixed-indexed,14,4,,2,0,0,1139 1140 1141 1142 1143 1144 1145 1146 1147 1148 1149 1150
ciel,215,,213,fixed-indexed,14,4,,2,0,0,1139 1140 1141 1142 1143 1144 1145 1146 1147 1148 1149 1150
ciel,216,,213,fixed-indexed,14,4,,2,0,0,1139 1140 1141 1142 1143 1144 1145 1146 1147 1148 1149 1150
ciel,217,十字架２,212,fixed-indexed,1,4,,2,0,0,1048
ciel,218,ページだし関数,200,follows-palette,3,0,37.8,1,0,0,0 1 2
ciel,219,第七聖典のページ,218,follows-palette,21,0,38.4,1,0,0,1118 1119 1120 1121 1122 1123 1124 1125 1126 1127 1128 1129
ciel,220,,218,follows-palette,21,0,38.4,1,0,0,1118 1119 1120 1121 1122 1123 1124 1125 1126 1127 1128 1129
ciel,221,,218,follows-palette,21,0,38.4,1,0,0,1118 1119 1120 1121 1122 1123 1124 1125 1126 1127 1128 1129
ciel,222,,218,follows-palette,21,0,38.4,1,0,0,1118 1119 1120 1121 1122 1123 1124 1125 1126 1127 1128 1129
ciel,228,シンカーブレード,225 226 485 486 508 509,fixed-indexed,5,4,,2,0,0,890 891 892 893 894
ciel,229,シンカーブレード大,227 487,fixed-indexed,5,4,,2,0,0,890 891 892 893 894
ciel,232,,231,fixed-indexed,2,4,,2,0,0,1174 1175
ciel,233,,231,fixed-indexed,25,4,,2,0,0,1176 1177 1178 1179 1180 1181 1182 1183 1184 1185 1186 1187
ciel,234,,231,fixed-indexed,14,4,,2,0,0,1201 1202 1203 1204 1205 1206 1207 1208 1209 1210 1211 1212
ciel,235,,230,fixed-indexed,20,4,,2,0,0,1215 1216 1217 1218 1219 1220 1221 1222 1223 1224 1225 1226
ciel,239,衝撃,146 421,fixed-indexed,8,4,,2,0,0,815 816 817 818 819 820 821 822
ciel,240,爆発,111,mixed-fixed,10,14,,2,0,0,823 824 825 826 827 828 829 830 831 832
ciel,241,地面炎,111,mixed-fixed,17,14,,2,0,1,833 834 835 836 837 838 839 840 841 842 843 844
ciel,252,,253 254,follows-palette,21,0,36.5,,7,0,346 347 348 349 350 351 352 353 354 355 356 357
ciel,381,しゃがみ中ナツフブレード,5 466,rgb,3,1,,2,0,0,578 579 580
ciel,402,EXハイロゥ 判定,401,follows-palette,3,0,37.8,1,0,2,0 1 2
ciel,403,EXハイロゥ とどめ判定,401,follows-palette,3,0,37.8,1,0,1,0 1 2
ciel,404,EXハイロゥ攻撃線,402,mixed-fixed,7,14,,2,0,0,908 909 910 911 912 913 914
ciel,416,捕獲黒鍵,415,mixed-follows+fixed,6,04,7.6,1 2,2,4,810 811 812 813 814 1383
ciel,417,爆発,416,mixed-fixed,10,14,,2,0,0,823 824 825 826 827 828 829 830 831 832
ciel,421,黒鍵 立ち強っぽいやつ,420,mixed-follows+fixed,7,04,31.0,1 2,2,4,0 810 811 812 813 814 1383
ciel,422,剣 ０°vec2800,445 447,mixed-follows+fixed,5,04,7.6,2,6,4,810 811 812 813 814
ciel,426,剣 １０°vec2800,425 446 447,mixed-follows+fixed,5,04,7.6,2,9,6,810 811 812 813 814
ciel,427,剣 ２０°vec2800,425 446 447,mixed-follows+fixed,5,04,7.6,2,3,6,810 811 812 813 814
ciel,428,剣 ３０°vec2800,425 446 447,mixed-follows+fixed,5,04,7.6,2,4,8,810 811 812 813 814
ciel,431,剣 -２０°vec3200,430 446,mixed-follows+fixed,5,04,7.6,2,12,8,810 811 812 813 814
ciel,432,剣 -３０°vec3200,430 446,mixed-follows+fixed,5,04,7.6,2,12,8,810 811 812 813 814
ciel,433,剣 -４０°vec3200,430 446,mixed-follows+fixed,5,04,7.6,2,12,8,810 811 812 813 814
ciel,437,影縫い判定,491,follows-palette,1,0,37.8,1,0,1,0
ciel,438,影？,441,rgb,15,3,,1,0,3,630 631 632 633 634 635 636 637 638 639 640 641
ciel,441,影縫い進む,491,follows-palette,3,0,37.8,1,0,0,0 1 3
ciel,450,剣 -２０°vec2800,447,mixed-follows+fixed,5,04,7.6,2,6,4,810 811 812 813 814
ciel,451,剣 -３０°vec2800,447,mixed-follows+fixed,5,04,7.6,2,6,4,810 811 812 813 814
ciel,452,剣 -４０°vec2800,447,mixed-follows+fixed,5,04,7.6,2,6,4,810 811 812 813 814
ciel,481,フリッカーEFF,470 471 472 474,rgb,3,1,,2,0,0,933 934 935
ciel,491,剣 ４７°vec5000,490,follows-palette,1,0,7.6,1,2,8,810
ciel,499,剣 右右下,500,mixed-follows+fixed,6,04,7.6,2,3,4,810 811 812 813 814 1384
ciel,501,236A 黒鍵1,504,mixed-follows+fixed,6,04,7.6,1 2,3,3,647 810 811 812 813 814
ciel,502,236A 黒鍵2,504,mixed-follows+fixed,6,04,7.6,1 2,3,3,810 811 812 813 814 1384
ciel,511,　空中シンカーブレード,,fixed-indexed,5,4,,2,0,0,890 891 892 893 894
ciel,522,剣 下下右,503,fixed-indexed,5,4,,2,2,3,811 812 813 814 1385
ciel,523,剣 右下,503,mixed-follows+fixed,6,04,7.6,2,2,4,647 810 811 812 813 814
ciel,524,剣 右右下,503,mixed-follows+fixed,6,04,7.6,2,3,4,810 811 812 813 814 1384
effect,0,空中ダッシュ前,,rgb,14,1,,2,0,0,57 58 59 60 61 62 63 64 65 66 67 68
effect,1,空中ダッシュ後,,rgb,14,1,,2,0,0,57 58 59 60 61 62 63 64 65 66 67 68
effect,2,ハイジャンプ,,rgb,15,1,,,0,0,42 43 44 45 46 47 48 49 50 51 52 53
effect,3,ガード,,rgb,9,1,,2,0,0,0 2 4 6 8 10 12 14 16
effect,4,ダウン,,rgb,15,1,,,0,0,71 72 73 74 75 76 77 78 79 80 81 82
effect,5,＠相殺,,rgb,2,1,,1,0,0,0 1
effect,6,ブロック,,rgb,5,1,,2,0,0,37 38 39 40 41
effect,9,燃え出し関数,,rgb,1,1,,2,0,0,86
effect,10,燃え上がり本体,9,rgb,17,1,,2,0,0,87 88 89 90 91 92 93 94 95 96 97 98
effect,11,電気１,,rgb,20,1,,2,0,0,130 131 132 133 134 135 136 137 138 139 140 141
effect,12,電気２,,rgb,20,1,,2,0,0,130 131 132 133 134 135 136 137 138 139 140 141
effect,15,着地用わっか,20,rgb,1,1,,2,0,0,119
effect,18,横吹き飛び用土煙 ←向き,,rgb,17,1,,,0,0,414 415 416 417 418 419 420 421 422 423 424 425
effect,19,着地の砂埃 旧20,,rgb,11,1,,2,0,0,104 105 106 107 108 109 110 111 112 113 114
effect,20,＠着地の砂埃 現状使用,,rgb,3,1,,1,0,0,104 105 106
effect,21,着地波動,19,rgb,1,1,,2,0,0,118
effect,22,土煙,,rgb,6,1,,2,0,0,150 151 152 153 154 155
effect,23,土煙呼び出し関数,19 20,rgb,1,1,,2,0,0,0
effect,24,,,rgb,1,1,,2,0,0,0
effect,25,２段ジャンプ,,rgb,16,1,,2,0,0,165 166 167 168 169 170 171 172 173 174 175 176
effect,28,喰らい時土煙,,rgb,15,1,,2,0,0,150 151 152 153 154 155 156 157 158 159 160 161
effect,29,喰らい土煙呼び出し,,rgb,1,1,,2,0,0,0
effect,31,シールドエフェクト,,rgb,1,1,,2,0,0,37
effect,32,シオン銃弾着地,,rgb,1,1,,2,0,0,118
effect,34,ローラーダッシュ火花　出始め,,rgb,15,1,,2,0,0,565 566 567 568 569 570 571 572 573 574 575 576
effect,35,,,rgb,15,1,,2,0,0,565 566 567 568 569 570 571 572 573 574 575 576
effect,36,回転渦　→,,rgb,48,1,,,0,0,194 195 196 197 198 199 200 201 202 203 204 205
effect,38,メカの電撃,,rgb,16,1,,2,0,0,206 207 208 209 210 211 212 213 214 215 216 217
effect,39,ワラキア登場用,,rgb,13,1,,,0,0,401 402 403 404 405 406 407 408 409 410 411 412
effect,41,,,rgb,9,1,,2,0,0,0 2 4 6 8 10 12 14 16
effect,42,,,rgb,17,1,,2,0,0,0 1 2 3 4 5 6 7 8 9 10 11
effect,45,,,rgb,15,1,,2,0,0,150 151 152 153 154 155 156 157 158 159 160 161
effect,46,,,rgb,15,1,,2,0,0,150 151 152 153 154 155 156 157 158 159 160 161
effect,50,たたきつけ,,rgb,16,1,,,0,0,267 268 269 270 271 272 273 274 275 276 277 278
effect,51,琥珀登場,,rgb,16,1,,,0,0,267 268 269 270 271 272 273 274 275 276 277 278
effect,53,クラッシュ,,rgb,10,1,,2,0,0,248 249 250 251 252 253 254 255 256 257
effect,56,ｘｼｰﾙﾄﾞ持続（空Effとして必要,,rgb,1,1,,1,0,0,0
effect,60,横吹き飛び用土煙 汎用→,,rgb,17,1,,,0,0,414 415 416 417 418 419 420 421 422 423 424 425
effect,65,ロングジャンプ用 煙,,rgb,15,1,,,0,0,431 432 433 434 435 436 437 438 439 440 441 442
effect,67,壁激突,,rgb,3,1,,1,0,0,71 72 85
effect,68,,67,nosprite,0,,,1,0,0,
effect,69,,67,nosprite,0,,,1,0,0,
effect,70,サーキットブレイク,,rgb,10,1,,2,0,0,248 249 250 251 252 253 254 255 256 257
effect,75,ダッシュ煙 高call,,rgb,1,1,,1,0,0,222
effect,76,ダッシュ煙 低,,rgb,1,1,,1,0,0,232
effect,77,ダッシュ煙 高,75,rgb,10,1,,,0,0,222 223 224 225 226 227 228 229 230 231
effect,78,ダッシュ煙 低,76,rgb,16,1,,,0,0,232 233 234 235 236 237 238 239 240 241 242 243
effect,80,サーキットスパーク共通,,rgb,16,1,,2,0,2,326 327 328 329 330 331 332 333 334 335 336 337
effect,81,サーキットスパークわっか,80,rgb,1,1,,1,0,0,120
effect,92,ガードピンチ,,rgb,13,1,,2,0,0,283 284 285 286 287 288 289 290 291 292 293 294
effect,93,,,rgb,9,1,,2,0,0,0 2 4 6 8 10 12 14 16
effect,94,,,rgb,12,1,,2,0,0,296 297 298 299 300 301 302 303 304 305 306 307
effect,98,,,rgb,14,1,,2,0,0,535 536 537 538 539 540 541 542 543 544 545 546
effect,100,ゲージ破壊,,rgb,9,1,,2,0,0,526 527 528 529 530 531 532 533 534
effect,101,MAXエフェクト,,rgb,7,1,,2,0,0,518 519 520 521 522 523 524
effect,102,スパークエフェクト,,rgb,12,1,,2,0,0,486 487 488 489 490 491 492 493 494 495 496 497
effect,104,MAX継続,,rgb,3,1,,2,0,0,472 473 474
effect,105,MAX継続,,rgb,2,1,,2,0,0,478 479
effect,106,MAX継続,,rgb,2,1,,2,0,0,482 483
effect,107,MAX継続,,rgb,2,1,,2,0,0,510 511
effect,108,MAX継続,,rgb,2,1,,2,0,0,514 515
effect,110,シールド 赤,,rgb,1,1,,2,0,0,623
effect,111,シールド 青,,rgb,1,1,,2,0,0,623
effect,112,シールド 緑,,rgb,1,1,,2,0,0,623
effect,113,シールド 黄,,rgb,1,1,,2,0,0,623
effect,115,シールドEX 赤,,rgb,1,1,,2,0,0,623
effect,116,シールドEX 青,,rgb,1,1,,2,0,0,623
effect,117,シールドEX 緑,,rgb,1,1,,2,0,0,623
effect,118,シールドEX 黄,,rgb,1,1,,2,0,0,623
effect,120,新 シールド持続関数,31,rgb,2,1,,1,0,0,0 2
effect,121,,120,nosprite,0,,,2,0,0,
effect,122,解放わっか,121,nosprite,0,,,2,0,0,
effect,125,新 シールド持続関数,,rgb,2,1,,1,0,0,0 2
effect,126,持続Eff,125,rgb,12,1,,2,0,0,641 642 643 644 645 646 647 648 649 650 651 652
effect,127,シールドフラッシュ,31,nosprite,0,,,2,0,0,
effect,128,シールドフラッシュ,,rgb,5,1,,2,0,0,37 38 39 40 41
effect,130,ゲージため,,rgb,18,1,,2,0,0,308 309 310 311 312 313 314 315 316 317 318 319
effect,134,時間停止（暗転中進まない）,135,rgb,2,1,,2,0,0,343 344
effect,135,EXガード,,rgb,10,1,,2,0,0,342 343 344 345 346 347 348 349 350 351
effect,136,EXレデュース,,rgb,7,1,,2,0,0,352 353 354 355 356 357 358
effect,137,なげぬけ,,mixed-fixed,7,-11,,2,1,0,359 360 361 362 363 364 365
effect,140,ロマキャン煙,,rgb,12,1,,,0,0,454 455 456 457 458 459 460 461 462 463 464 465
effect,141,ロマキャンかみなり,,mixed-fixed,8,-11,,2,0,0,446 447 448 449 450 451 452 453
effect,150,汎用 スライディング,,rgb,19,1,,,0,0,366 367 368 369 370 371 372 373 374 375 376 377
effect,160,ジャンプ用けむり,,rgb,16,1,,,0,0,385 386 387 388 389 390 391 392 393 394 395 396
effect,165,相殺かみなり,5,mixed-fixed,10,-11,,2,0,0,580 581 582 583 584 585 586 587 588 589
effect,166,相殺まんなか,5,rgb,13,1,,2,0,0,17 18 19 20 21 22 24 26 28 30 32 34
effect,167,相殺わっか,5,rgb,1,1,,2,0,0,119
effect,169,クリティカルわっか,170,nosprite,0,,,1,0,0,
effect,170,クリティカル,,rgb,1,1,,1,0,0,0
effect,171,受け身,172,nosprite,0,,,2,0,0,
effect,172,＠受け身発生,,rgb,3,1,,1,0,0,0 1 2
effect,173,空中ダッシュ,174,nosprite,0,,,2,0,0,
effect,174,＠空中ダッシュ←発生,0,rgb,3,1,,1,0,0,0 1 2
effect,175,空中ダッシュ,176,nosprite,0,,,2,0,0,
effect,176,＠空中ダッシュ→発生,1,rgb,3,1,,1,0,0,0 1 2
effect,177,,178,nosprite,0,,,2,0,0,
effect,178,電気New,179,rgb,6,1,,2,0,0,597 598 599 600 602 605
effect,179,電気ジェネレータ,,rgb,1,1,,1,0,0,0
effect,180,電気１,,rgb,5,1,,2,0,0,130 131 132 133 134
effect,181,電気１,,rgb,5,1,,2,0,0,135 136 137 138 139
effect,182,電気１,,rgb,5,1,,2,0,0,140 141 142 143 144
effect,183,電気１,,rgb,5,1,,2,0,0,145 146 147 148 149
effect,184,＠解放チャクラ,,rgb,3,1,,1,0,0,0 1 2
effect,185,解放わっか,184 186 196,nosprite,0,,,2,0,0,
effect,186,＠解放チャクラ,,rgb,3,1,,1,0,0,0 1 2
effect,187,土煙呼び出し,,rgb,3,1,,1,0,0,0 1 2
effect,188,解放用土煙←,187,rgb,12,1,,,0,0,454 455 456 457 458 459 460 461 462 463 464 465
effect,189,解放用土煙→,187,rgb,12,1,,,0,0,454 455 456 457 458 459 460 461 462 463 464 465
effect,190,,4,rgb,1,1,,2,0,0,0
effect,191,,190,nosprite,0,,,2,0,0,
effect,193,解放チャクラ,184 186,nosprite,0,,,2,0,0,
effect,194,解放わっか,184,nosprite,0,,,2,0,0,
effect,195,解放わっか2,194,rgb,1,1,,2,0,0,120
effect,196,＠解放チャクラHMS,,rgb,3,1,,1,0,0,0 1 2
effect,197,,198,nosprite,0,,,,0,0,
effect,198,,184 186 196,nosprite,0,,,,0,0,
effect,200,シールド白,115 116 117 118,rgb,9,1,,2,0,0,618 619 620 621 622 623 624 625 626
effect,201,EX 赤,115,mixed-fixed,12,-11,,2,0,0,606 607 608 609 610 611 612 613 614 615 616 617
effect,202,EX 青,116,mixed-fixed,12,-11,,2,0,0,606 607 608 609 610 611 612 613 614 615 616 617
effect,203,EX 緑,117,mixed-fixed,12,-11,,2,0,0,606 607 608 609 610 611 612 613 614 615 616 617
effect,204,EX 黄色,118,mixed-fixed,12,-11,,2,0,0,606 607 608 609 610 611 612 613 614 615 616 617
effect,210,シールド白,110 111 112 113,rgb,5,1,,2,0,0,636 637 638 639 640
effect,211,EX 赤,110,rgb,9,1,,2,0,0,627 628 629 630 631 632 633 634 635
effect,212,EX 青,111,rgb,9,1,,2,0,0,627 628 629 630 631 632 633 634 635
effect,213,EX 緑,112,rgb,9,1,,2,0,0,627 628 629 630 631 632 633 634 635
effect,214,EX 黄色,113,rgb,9,1,,2,0,0,627 628 629 630 631 632 633 634 635
effect,220,空中ダッシュ飛び散る○,174,rgb,3,1,,1,0,0,0 1 2
effect,221,,220,nosprite,0,,,2,0,0,
effect,222,空中ダッシュ飛び散る○,176,rgb,3,1,,1,0,0,0 1 2
effect,223,,222,nosprite,0,,,2,0,0,
effect,225,受け身,172,nosprite,0,,,2,0,0,
effect,226,,,rgb,1,1,,2,0,0,641
effect,230,両儀式用 足元の衝撃,,rgb,3,1,,2,0,0,466 467 468
effect,231,,,rgb,3,1,,2,0,0,469 470 471
effect,232,FMSダッシュテスト,,rgb,10,1,,,0,0,232 233 234 235 236 237 238 243 244 245
effect,234,両儀用斬り 呼び出し,,rgb,1,1,,2,0,0,0
effect,235,,234,nosprite,0,,,,0,0,
effect,236,,234,nosprite,0,,,,0,0,
effect,237,,234,nosprite,0,,,,0,0,
effect,239,非コンボ空中なげ,240,nosprite,0,,,1,0,0,
effect,240,,,rgb,1,1,,1,0,0,120
effect,244,炎上,,rgb,26,1,,1 2,0,0,0 181 182 183 184 185 186 187 188 189 190 191
effect,245,燃え上がり本体,,rgb,17,1,,2,0,0,87 88 89 90 91 92 93 94 95 96 97 98
effect,247,,,rgb,9,1,,2,0,0,258 259 260 261 262 263 264 265 266
effect,250,＠空中ダッシュ斜め発生,,rgb,3,1,,1,0,0,0 1 2
effect,251,空中ダッシュ飛び散る○,250,rgb,3,1,,1,0,0,0 1 2
effect,252,,251,nosprite,0,,,2,0,0,
effect,253,空中ダッシュ,250,nosprite,0,,,2,0,0,
effect,260,イベント用ゲージため,,rgb,18,1,,2,0,0,308 309 310 311 312 313 314 315 316 317 318 319
effect,261,イベント用ゲージため,,rgb,18,1,,2,0,0,308 309 310 311 312 313 314 315 316 317 318 319
effect,300,ゲージ破壊 Half,,rgb,9,1,,2,0,0,556 557 558 559 560 561 562 563 564
effect,301,MAXエフェクト Half,,rgb,7,1,,2,0,0,549 550 551 552 553 554 555
effect,302,スパークエフェクト Half,,rgb,12,1,,2,0,0,498 499 500 501 502 503 504 505 506 507 508 509
effect,304,MAX継続 Half,,rgb,3,1,,2,0,0,475 476 477
effect,305,MAX継続 Half,,rgb,2,1,,2,0,0,480 481
effect,306,MAX継続 Half,,rgb,2,1,,2,0,0,484 485
effect,307,MAX継続 Half,,rgb,2,1,,2,0,0,512 513
effect,308,MAX継続 Half,,rgb,2,1,,2,0,0,516 517
Hermes,79,したから,81 82,mixed-fixed,13,14,,,0,1,23 24 25 26 27 28 29 30 31 32 33 34
Hermes,80,うえから,85 86,mixed-fixed,15,14,,,0,1,36 37 38 39 40 41 42 43 44 45 46 47
Hermes,81,,5 101,rgb,3,1,,1,0,0,23 24 25
Hermes,82,,81,rgb,3,1,,1,0,0,23 24 25
Hermes,85,,6 102,rgb,3,1,,1,0,0,23 24 25
Hermes,86,,85,rgb,3,1,,1,0,0,23 24 25
Hermes,90,,,rgb,1,1,,2,0,0,24
Hermes,91,足元けむり,0 35 36 37 50 90,mixed-follows+fixed,11,04,0.0,1,0,0,0 51 52 53 54 55 56 57 58 59 60
Hermes,94,登場足元煙呼び出し,50,indexed-palette-constant,3,0,0.0,1,0,0,0 1 2
Hermes,95,登場用の足元煙,94,mixed-follows+fixed,11,04,0.0,1,0,0,0 51 52 53 54 55 56 57 58 59 60
Hermes,116,　まず音声ありき,115,indexed-palette-constant,10,0,0.0,1,0,0,0 1 2 3 4 5 6 7 8 9
Hermes,195,登場,50,indexed-palette-constant,3,0,0.0,1,0,0,0 177 179
Hermes,199,,,fixed-indexed,1,4,,,0,0,67
Hermes,200,立ち,0 35 36 37 199,indexed-palette-constant,9,0,0.0,1,0,0,0 1 2 3 4 5 6 7 8
Hermes,201,,,rgb,10,1,,,0,0,104 105 106 107 108 109 110 111 112 113
Hermes,204,Final負けcall,,fixed-indexed,1,4,,1,0,0,51
Hermes,205,負け,204,indexed-palette-constant,8,0,0.0,1,0,0,0 174 175 176 177 178 179 180
Hermes,206,,205,indexed-palette-constant,1,0,0.0,1,0,0,179
Hermes,210,対空ひも,209,fixed-indexed,20,4,,,0,1,67 68 69 70 71 72 73 74 75 76 77 78
Hermes,215,,214,fixed-indexed,16,4,,,0,0,87 88 89 90 91 92 93 94 95 96 97 98
Hermes,216,,214,fixed-indexed,1,2,,2,0,0,103
Hermes,217,,216,fixed-indexed,1,2,,2,0,3,103
Hermes,220,黒煙関数,205,indexed-palette-constant,1,0,0.0,1,0,0,0
Hermes,221,,220,rgb,12,3,,,0,0,140 141 142 143 144 145 146 147 148 149 150 151
Hermes,222,,205 220,rgb,12,3,,,0,0,152 153 154 155 156 157 158 159 160 161 162 163
Hermes,223,,220,rgb,10,3,,,0,0,164 165 166 167 168 169 170 171 172 173
Hermes,234,ゴゴゴゴ効果音,235,indexed-palette-constant,2,0,0.0,1,0,0,0 1
Hermes,236,全画面EFF,235,mixed-follows+fixed,37,014,0.0,1,0,1,0 104 105 106 107 108 109 110 111 112 113 114
Hermes,237,光柱,235,nosprite,0,,,,0,0,
Hermes,238,光柱,247,nosprite,0,,,,0,0,
Hermes,239,たま呼び出し,237,indexed-palette-constant,3,0,0.0,1,0,0,0 1 2
Hermes,240,,239,nosprite,0,,,,0,0,
Hermes,241,,239,nosprite,0,,,,0,0,
Hermes,242,,235 239,nosprite,0,,,,0,0,
Hermes,244,,243,nosprite,0,,,,0,0,
Hermes,245,,243,nosprite,0,,,,0,0,
Hermes,246,,243,nosprite,0,,,,0,0,
Hermes,247,光柱呼び出し,235,indexed-palette-constant,3,0,0.0,1,0,0,0 1 2
hisui,45,いす破片,3 89 166 170 221 571,follows-palette,1,0,29.9,1,0,0,57
hisui,46,,3 89 166 170 221 571,follows-palette,1,0,46.8,1,0,0,58
hisui,47,,3 89 166 170 221 571,follows-palette,1,0,29.9,1,0,0,59
hisui,57,★エフェクト,55 126,mixed-fixed,12,14,,2,0,0,1157 1158 1159 1160 1161 1162 1163 1164 1165 1166 1167 1168
hisui,60,屈大水しぶき,6 166 170 198 476,fixed-indexed,9,4,,2,0,0,172 173 174 175 176 177 178 179 180
hisui,61,跳ね水関数,6 166 170 198 476,follows-palette,1,0,39.6,2,0,0,296
hisui,63,,61,fixed-indexed,6,4,,2,0,0,181 182 183 184 185 186
hisui,72,,71,mixed-fixed,5,14,,2,0,0,546 547 548 549 550
hisui,74,水,73,mixed-fixed,21,14,,2,0,0,580 581 582 583 584 585 586 587 588 589 590 591
hisui,80,ジョウロのゲージ減らす部分,73,follows-palette,1,0,38.4,1,2,0,0
hisui,89,置かれたイス,88,follows-palette,1,0,46.8,1,2,0,68
hisui,91,テーブル破片,48 97,follows-palette,1,0,29.9,1,0,0,226
hisui,92,,48 97,follows-palette,1,0,29.9,1,0,0,227
hisui,93,,48 97,follows-palette,1,0,29.9,1,0,0,228
hisui,94,,48 97,follows-palette,1,0,29.9,1,0,0,229
hisui,95,,48 97,follows-palette,1,0,29.9,1,0,0,230
hisui,96,テーブル本体,98,follows-palette,1,0,29.9,1,2,0,225
hisui,98,,9 222 577 591 627,follows-palette,3,0,29.9,1,0,0,231 232 233
hisui,118,x,115 116 117 175,follows-palette,11,0,19.0,,0,0,782 783 784 785 786 787 788 789 790 791 792
hisui,119,x,115 116 117 175 365 366,fixed-indexed,6,4,,2,0,0,803 804 805 806 807 808
hisui,123,,120 121 122,mixed-fixed,7,14,,2,0,0,839 840 841 842 843 844 845
hisui,124,,100 101 117 175 372 385,mixed-fixed,7,14,,2,0,0,809 810 811 812 813 814 815
hisui,127,ブレード,125 526,mixed-fixed,7,14,,2,0,0,551 552 553 554 555 556 557
hisui,128,,126,mixed-fixed,7,14,,2,0,0,558 559 560 561 562 563 564
hisui,133,暗器,130 131 132,indexed-palette-constant,5,0,0.0,1,1,1,859 860 861 862 863
hisui,134,,130 131 132 521,indexed-palette-constant,5,0,0.0,1,1,1,864 865 866 867 868
hisui,135,,130 131 132,follows-palette,6,0,10.1,1,1,1,869 870 871 872 873 874
hisui,136,,130 131 132,follows-palette,3,0,12.8,,1,1,875 876 877
hisui,137,,130 131 132 521,indexed-palette-constant,3,0,0.0,,1,1,890 891 892
hisui,138,,130 131 132,follows-palette,8,0,16.4,1,1,1,882 883 884 885 886 887 888 889
hisui,139,LA文字,156,follows-palette,1,0,38.4,,0,0,0
hisui,140,,156,follows-palette,1,0,38.4,,0,0,0
hisui,143,,156,follows-palette,1,0,38.4,,0,0,0
hisui,146,,156,follows-palette,1,0,38.4,,0,0,0
hisui,153,渦,150,follows-palette,1,0,38.4,1,0,0,0
hisui,154,？,150,indexed-palette-constant,3,0,0.0,,0,0,697 698 699
hisui,155,,150,indexed-palette-constant,3,0,0.0,,0,0,700 701 702
hisui,156,犯人です出現関数,150,follows-palette,3,0,38.4,1,0,0,0 1 2
hisui,158,ほこり,,fixed-indexed,30,4,,2,0,0,733 734 735 736 737 738 739 740 741 742 743 744
hisui,159,,162,fixed-indexed,30,4,,2,5,10,733 734 735 736 737 738 739 740 741 742 743 744
hisui,163,BEほこりおや,161,mixed-follows+fixed,4,04,38.4,1 2,0,1,0 743 744 757
hisui,178,,176,follows-palette,1,0,38.4,1,0,0,0
hisui,182,,179 180 181 275,rgb,14,1,,2,0,0,672 673 674 675 676 677 678 679 680 681 682 683
hisui,183,,179 180 181 275,mixed-fixed,5,14,,2,0,0,686 687 688 689 690
hisui,187,ブレード,167 186 475 630,mixed-fixed,4,14,,2,0,0,622 623 624 625
hisui,190,,191,follows-palette,17,0,38.4,,2,0,504 505 506 507 508 898 899 900 901 902 903 904
hisui,192,シート,189,follows-palette,1,0,58.1,1,0,0,910
hisui,193,,190,follows-palette,1,0,58.1,1,0,0,910
hisui,195,弁当→爆発,192,mixed-follows+fixed,22,-1014,14.2,1 2,1,2,911 912 913 914 915 942 943 944 945 946 947 948
hisui,196,弁当→爆発,193,mixed-follows+fixed,22,-1014,14.2,1 2,1,2,911 912 913 914 915 942 943 944 945 946 947 948
hisui,201,手,199 200 223 225 237,follows-palette,16,0,34.4,,0,0,981 982 983 984 985 986 987 988 989 990 991 992
hisui,202,手の残像,199 200 223 225 237,follows-palette,16,0,34.4,1,0,0,981 982 983 984 985 986 987 988 989 990 991 992
hisui,204,発射ライト,203,mixed-fixed,23,14,,2,0,0,1033 1034 1035 1036 1037 1038 1039 1040 1041 1042 1043 1044
hisui,205,,203 238,mixed-fixed,4,14,,2,0,0,1055 1056 1057 1058
hisui,206,硬直,210 213 216,follows-palette,8,0,38.4,,5,0,288 289 290 291 292 293 294 295
hisui,207,,210 213 216,nosprite,0,,,,0,0,
hisui,209,,200 223 237,rgb,1,1,,2,0,0,1068
hisui,210,集まってくる暗黒オーラ,209 225,mixed-fixed,46,14,,2,1,0,1059 1060 1061 1062 1063 1064 1065 1066 1067 1068 1069 1070
hisui,211,,,mixed-fixed,37,14,,2,1,0,1059 1060 1061 1062 1063 1064 1065 1066 1067 1068 1069 1070
hisui,212,,203,mixed-fixed,14,14,,2,0,5,1104 1105 1106 1107 1108 1109 1110 1111 1112 1113 1114 1115
hisui,213,集まってくる暗黒オーラ,209,mixed-fixed,46,14,,2,1,0,1059 1060 1061 1062 1063 1064 1065 1066 1067 1068 1069 1070
hisui,214,,,mixed-fixed,37,14,,2,1,0,1059 1060 1061 1062 1063 1064 1065 1066 1067 1068 1069 1070
hisui,215,,203,mixed-fixed,14,14,,2,0,3,1104 1105 1106 1107 1108 1109 1110 1111 1112 1113 1114 1115
hisui,216,集まってくる暗黒オーラ,209,mixed-fixed,46,14,,2,1,0,1059 1060 1061 1062 1063 1064 1065 1066 1067 1068 1069 1070
hisui,217,,,mixed-fixed,37,14,,2,1,0,1059 1060 1061 1062 1063 1064 1065 1066 1067 1068 1069 1070
hisui,218,,203 238,mixed-fixed,14,14,,2,0,6,1104 1105 1106 1107 1108 1109 1110 1111 1112 1113 1114 1115
hisui,227,暗器割れ,136 512,follows-palette,1,0,14.9,1,0,0,878
hisui,228,,136 512,follows-palette,1,0,8.6,1,0,0,879
hisui,229,,136 512,follows-palette,1,0,12.8,1,0,0,880
hisui,230,,136 512,follows-palette,1,0,7.7,1,0,0,881
hisui,231,,137 513,indexed-palette-constant,1,0,0.0,1,0,0,893
hisui,232,,137 513,indexed-palette-constant,1,0,0.0,1,0,0,894
hisui,233,,137 513,indexed-palette-constant,1,0,0.0,1,0,0,895
hisui,234,,137 513,indexed-palette-constant,1,0,0.0,1,0,0,896
hisui,235,,137 513,indexed-palette-constant,1,0,0.0,1,0,0,897
hisui,239,,238,mixed-fixed,23,14,,2,0,0,1033 1034 1035 1036 1037 1038 1039 1040 1041 1042 1043 1044
hisui,252,,253 254,follows-palette,25,0,38.4,,13,0,311 312 313 314 315 344 345 346 347 348 349 350
hisui,295,新ほこり,160 161 163 294,fixed-indexed,15,4,,2,0,0,743 744 745 746 747 748 749 750 751 752 753 754
hisui,373,百烈 手,365 366 370 371 372 572,follows-palette,11,0,19.0,1,0,0,782 783 784 785 786 787 788 789 790 791 792
hisui,374,百烈 ブレード,365 366 370 371 372 572,fixed-indexed,6,4,,2,0,0,803 804 805 806 807 808
hisui,380,空中百烈 ブレード,377 378 379 382 590,mixed-fixed,7,14,,2,0,0,839 840 841 842 843 844 845
hisui,381,空中百烈 手,120 121 122 377 378 379,follows-palette,10,0,19.0,1,0,0,829 830 831 832 833 834 835 836 837 838
hisui,390,ふりおろし用ブレード,387 532,rgb,4,1,,2,0,0,816 817 818 819
hisui,414,シート出始め 弱？,410,follows-palette,10,0,58.1,1,0,0,916 917 918 919 920 921 922 923 924 925
hisui,415,シート切り放し 弱？,414,follows-palette,1,0,58.1,1,0,0,910
hisui,416,弁当→爆発,415,mixed-follows+fixed,22,-1014,14.2,1 2,2,4,911 912 913 914 915 942 943 944 945 946 947 948
hisui,418,シート出始め 強？,411,follows-palette,10,0,58.1,1,0,0,916 917 918 919 920 921 922 923 924 925
hisui,419,シート切り放し 強？,418,follows-palette,1,0,58.1,1,0,0,910
hisui,420,弁当→爆発,419,mixed-follows+fixed,22,-1014,14.2,1 2,2,4,911 912 913 914 915 942 943 944 945 946 947 948
hisui,422,シート出始め EX？,412,follows-palette,10,0,66.5,1,0,0,926 927 928 929 930 931 932 933 934 935
hisui,423,シート切り放し EX？,422,follows-palette,1,0,63.8,1,0,0,936
hisui,424,弁当→爆発,423,mixed-follows+fixed,22,-1014,16.8,1 2,2,4,937 938 939 940 941 942 943 944 945 946 947 948
hisui,431,置くまで,430 576,follows-palette,5,0,46.8,1,0,0,69 70 71 72 73
hisui,432,置かれたイス,431,follows-palette,1,0,46.8,1,4,0,68
hisui,433,いす破片,432,follows-palette,1,0,29.9,1,0,0,57
hisui,434,,432,follows-palette,1,0,46.8,1,0,0,58
hisui,435,,432,follows-palette,1,0,29.9,1,0,0,59
hisui,438,置くまで,437,indexed-palette-constant,6,0,0.8,1,0,0,74 75 76 77 78 79
hisui,439,置かれたイス,438,indexed-palette-constant,1,0,1.2,1,2,0,79
hisui,440,いす破片,439,indexed-palette-constant,1,0,0.9,1,0,0,80
hisui,441,,439,indexed-palette-constant,1,0,1.0,1,0,0,81
hisui,442,,439,indexed-palette-constant,1,0,0.8,1,0,0,82
hisui,445,置くまで,444,indexed-palette-constant,6,0,0.0,1,0,0,84 85 86 87 88 89
hisui,446,置かれたイス,445,indexed-palette-constant,2,0,0.0,1,2,0,89 90
hisui,447,いす破片,446,indexed-palette-constant,1,0,0.0,1,0,0,91
hisui,448,,446,indexed-palette-constant,1,0,0.0,1,0,0,92
hisui,449,,446,indexed-palette-constant,1,0,0.0,1,0,0,93
hisui,450,,446,indexed-palette-constant,1,0,0.0,1,0,0,94
hisui,461,置くまで,460 575,follows-palette,5,0,30.7,1,0,0,115 116 117 118 119
hisui,462,置かれたイス,461,follows-palette,1,0,30.7,1,2,0,119
hisui,463,いす破片,462,follows-palette,1,0,29.9,1,0,0,120
hisui,464,,462,follows-palette,1,0,29.9,1,0,0,121
hisui,465,,462,follows-palette,1,0,30.7,1,0,0,122
hisui,468,置くまで,467,follows-palette,6,0,14.9,1,0,0,123 124 125 126 127 128
hisui,469,置かれたイス,468,follows-palette,1,0,14.9,1,2,0,128
hisui,470,いす破片,469,follows-palette,1,0,14.9,1,0,0,129
hisui,471,,469,follows-palette,1,0,29.9,1,0,0,130
hisui,472,,469,follows-palette,1,0,29.9,1,0,0,131
hisui,480,毒関数,424,follows-palette,1,0,38.4,1,1,0,0
hisui,481,毒Eff,480,fixed-indexed,5,4,,1,0,0,1233 1234 1235 1236 1237
hisui,486,棒,491,follows-palette,1,0,29.9,1,0,0,235
hisui,487,足,491,follows-palette,1,0,12.8,1,0,0,234
hisui,488,スタンド,491,follows-palette,1,0,11.2,1,0,0,237
hisui,489,棒破片,491,follows-palette,1,0,29.9,1,0,0,236
hisui,490,電気スタンド本体,492,follows-palette,1,0,9.0,1,1,0,240
hisui,492,電気スタンド出現まで,9 586,follows-palette,3,0,9.0,1,0,0,238 239 240
hisui,496,時間差ほこり,495,fixed-indexed,15,4,,2,0,1,743 744 745 746 747 748 749 750 751 752 753 754
hisui,503,暗器出現まで,500 501 502 520 521 576,indexed-palette-constant,1,0,0.0,1,0,0,859
hisui,504,,500 501 502,indexed-palette-constant,1,0,0.0,1,0,0,864
hisui,505,,500 501 502 520 521 576,follows-palette,1,0,10.5,1,0,0,869
hisui,506,,500 501 502 520 521 576,follows-palette,1,0,12.8,1,0,0,875
hisui,507,,500 501 502 520 521 576,indexed-palette-constant,2,0,0.0,1,0,0,890 892
hisui,508,,500 501 502 520 521 576,follows-palette,1,0,12.8,,0,0,882
hisui,509,暗器,503,indexed-palette-constant,4,0,0.0,1,1,1,860 861 862 863
hisui,510,,504,indexed-palette-constant,4,0,0.0,1,1,1,865 866 867 868
hisui,511,,505,follows-palette,5,0,10.1,1,1,1,870 871 872 873 874
hisui,512,,506,follows-palette,3,0,12.8,,1,1,875 876 877
hisui,513,,507,indexed-palette-constant,3,0,0.0,,1,1,890 891 892
hisui,514,,508,follows-palette,8,0,16.4,1,1,1,882 883 884 885 886 887 888 889
hisui,547,雑巾用ブレード,8,mixed-fixed,7,14,,2,0,0,974 975 976 977 978 979 980
hisui,634,タッチで起こす,53,follows-palette,3,0,38.4,1,0,0,0 2 4
hisui,710,後ろ向いてる翡翠,703,follows-palette,1,0,30.5,,0,0,1213
kishima,53,勝ち用エフェクト,52,mixed-fixed,10,12,,2,0,0,1276 1277 1278 1279 1280 1281 1282 1283 1284 1285
kishima,54,登場で投げる服,50,follows-palette,1,0,41.8,1,0,0,1269
kishima,69,,70,mixed-fixed,8,12,,2,0,0,444 445 446 447 448 449 450 451
kishima,73,投げ爆発,70 75 111 114 116 151,mixed-fixed,19,14,,,0,1,425 426 427 428 429 430 431 432 433 434 435 436
kishima,77,ブレード,76 442,mixed-fixed,10,12,,2,0,0,478 479 480 481 482 483 484 485 486 487
kishima,84,三段 エフェクト,80 125 128,mixed-fixed,18,12,,2,0,0,546 547 548 549 550 551 552 553 554 555 556 557
kishima,85,,81 126 128 129,mixed-fixed,18,12,,2,0,0,564 565 566 567 568 569 570 571 572 573 574 575
kishima,86,,82 98 99 127 130 471,mixed-fixed,13,12,,2,0,0,582 583 584 585 586 587 588 589 590 591 592 593
kishima,87,,86,mixed-fixed,8,12,,2,0,0,587 588 589 590 591 592 593 594
kishima,95,空中技 炎,90 91 185 186 417,mixed-fixed,11,-112,,2,0,0,615 616 617 618 619 620 621 622 623 624 625
kishima,96,空中昇竜 EXEff,92,rgb,12,1,,2,0,6,638 639 640 641 642 643 644 645 646 647 648 649
kishima,103,強本体ダミー,101 220 221 222,follows-palette,4,0,36.7,1,0,0,650 651 652 653
kishima,104,どっかん,100 101,mixed-fixed,12,12,,2,2,6,654 655 656 657 658 659 660 661 662 663 664 665
kishima,105,,103 222,mixed-fixed,12,12,,2,0,0,654 655 656 657 658 659 660 661 662 663 664 665
kishima,106,,,mixed-fixed,12,12,,2,2,6,654 655 656 657 658 659 660 661 662 663 664 665
kishima,107,ダッシュきらきら,101 220 221 222 448 449,mixed-fixed,7,12,,2,0,0,666 667 668 669 670 671 672
kishima,108,どっかんEX,102,mixed-fixed,23,12,,2,2,2,690 691 692 693 694 695 761 762 763 764 765 766
kishima,109,22Bどっかん,101,mixed-fixed,12,12,,2,1,3,654 655 656 657 658 659 660 661 662 663 664 665
kishima,118,突き爆発,112,mixed-fixed,9,14,,,0,0,728 729 730 731 732 733 734 735 736
kishima,119,,110 115 117,mixed-fixed,10,12,,2,0,0,737 738 739 740 741 742 743 744 745 746
kishima,120,,113,mixed-fixed,9,14,,,0,0,728 729 730 731 732 733 734 735 736
kishima,132,,131,mixed-fixed,14,12,,2,0,0,747 748 749 750 751 752 753 754 755 756 757 758
kishima,135,立ち強ブレード,3,mixed-fixed,8,12,,2,0,0,94 95 96 97 98 99 100 101
kishima,136,しゃがみ強ブレード,6,mixed-fixed,9,12,,2,0,0,134 135 136 137 138 139 140 141 142
kishima,137,Ｊ強ブレード,9,mixed-fixed,9,12,,2,0,0,169 170 171 172 173 174 175 176 177
kishima,139,必殺３用分身,102,follows-palette,2,0,36.7,1,0,0,652 653
kishima,140,,102,follows-palette,2,0,36.7,1,0,0,652 653
kishima,141,,102,follows-palette,2,0,36.7,1,0,0,652 653
kishima,142,,102,follows-palette,2,0,36.7,1,0,0,652 653
kishima,152,つかみダメージ判定,151,follows-palette,1,0,36.7,1,0,1,0
kishima,157,,156,follows-palette,1,0,36.7,1,0,1,0
kishima,159,,162,mixed-fixed,30,12,,2,0,0,1090 1091 1092 1093 1094 1095 1096 1097 1098 1099 1100 1101
kishima,160,足下炎,150 155,mixed-fixed,34,12,,2,0,0,1164 1165 1166 1167 1168 1169 1170 1171 1172 1173 1174 1175
kishima,161,超必殺 玉,150,mixed-fixed,22,12,,2,0,2,1052 1053 1054 1055 1056 1057 1058 1059 1060 1061 1062 1063
kishima,162,火柱,151,mixed-fixed,30,12,,2,0,0,1120 1121 1122 1123 1124 1125 1126 1127 1128 1129 1130 1131
kishima,164,超２用 玉,155,mixed-fixed,22,12,,2,0,2,1052 1053 1054 1055 1056 1057 1058 1059 1060 1061 1062 1063
kishima,165,,156,fixed-indexed,16,2,,2,0,0,1074 1075 1076 1077 1078 1079 1080 1081 1082 1083 1084 1085
kishima,166,大爆発,156,rgb,14,1,,2,0,0,1150 1151 1152 1153 1154 1155 1156 1157 1158 1159 1160 1161
kishima,167,,156,mixed-fixed,30,12,,2,0,0,1120 1121 1122 1123 1124 1125 1126 1127 1128 1129 1130 1131
kishima,168,,167,mixed-fixed,30,12,,2,0,0,1090 1091 1092 1093 1094 1095 1096 1097 1098 1099 1100 1101
kishima,172,判定,171 177,follows-palette,1,0,36.7,1,0,2,0
kishima,173,爆発,171 177,mixed-fixed,21,12,,2,0,0,1198 1199 1200 1201 1202 1203 1204 1205 1206 1207 1208 1209
kishima,174,地面炎,173,mixed-fixed,30,12,,2,0,0,1090 1091 1092 1093 1094 1095 1096 1097 1098 1099 1100 1101
kishima,175,背景,171 177,rgb,1,1,,1,0,0,1219
kishima,182,バンカー＆アッパーエフェクト,180 181 193 275 433,mixed-fixed,15,12,,2,0,0,1225 1226 1227 1228 1229 1230 1231 1232 1233 1234 1235 1236
kishima,183,　＞続き,182,mixed-fixed,13,12,,2,0,0,1227 1228 1229 1230 1231 1232 1233 1234 1235 1236 1237 1238
kishima,188,昇竜ExEff,187,rgb,12,1,,2,0,8,638 639 640 641 642 643 644 645 646 647 648 649
kishima,195,ボディ EFF,432,mixed-fixed,15,12,,2,0,0,488 489 490 491 492 493 494 495 496 497 498 499
kishima,196,ボディ EFF　追いかけない,194 432,rgb,3,1,,2,0,0,488 489 490
kishima,197,　＞続き,196,mixed-fixed,13,12,,2,0,0,490 491 492 493 494 495 496 497 498 499 500 501
kishima,203,ふんばり 炎EFF,206 207,rgb,8,1,,2,0,0,920 921 922 923 924 925 926 927
kishima,204, >続きふんばり 炎EFF,203,mixed-fixed,10,12,,2,0,0,927 928 929 930 931 932 933 934 935 936
kishima,223,ダミー,222,follows-palette,12,0,37.7,1,0,0,208 209 210 211 212 213 214 215 216 217 218 219
kishima,380,蹴り用エフェクト,,rgb,12,1,,2,0,0,638 639 640 641 642 643 644 645 646 647 648 649
kishima,389,△□蹴り用エフェクト,,mixed-follows+fixed,13,012,36.7,2,0,0,788 789 790 791 792 793 794 801 802 803 804 805
kishima,391,△□蹴り用エフェクト,392 393,rgb,13,1,,2,0,0,808 809 810 811 812 813 814 815 816 817 818 819
kishima,395,△□蹴り用エフェクト,394 471,rgb,13,1,,2,0,0,808 809 810 811 812 813 814 815 816 817 818 819
kishima,396,△□蹴り用エフェクト,392 393,rgb,13,1,,2,0,0,808 809 810 811 812 813 814 815 816 817 818 819
kishima,403,つかみEff,400,mixed-fixed,9,12,,2,0,0,861 862 863 864 865 866 867 868 869
kishima,404,つかみEff,401 465 466,mixed-fixed,8,12,,2,0,0,870 871 872 873 874 875 876 877
kishima,405,つかみEff,402 467,rgb,10,1,,2,0,0,878 879 880 881 882 883 884 885 886 887
kishima,406,つかみEff,402 466 467,mixed-fixed,10,12,,2,0,0,888 889 890 891 892 893 894 895 896 897
kishima,407,つかみEff 岩１,406,fixed-indexed,1,4,,1,0,0,898
kishima,408,つかみEff 岩１,406,fixed-indexed,1,4,,1,0,0,899
kishima,409,つかみEff 岩１,406,fixed-indexed,1,4,,1,0,0,900
kishima,410,つかみ大Eff,467,mixed-fixed,8,12,,2,0,0,870 871 872 873 874 875 876 877
kishima,418,ＢＥ炎,417,mixed-fixed,11,-112,,2,0,4,615 616 617 618 619 620 621 622 623 624 625
kishima,423,派生３段目用ブレード,422,mixed-fixed,7,12,,2,0,0,788 789 790 791 792 793 794
kishima,447,☆その場ダミー,443 444 445,follows-palette,14,0,37.7,1,0,0,267 268 269 270 271 272 273 274 275 276 988 989
kishima,451,＠ダッシュ部分ダミー,445,follows-palette,17,0,37.7,1,0,0,0 193 194 195 196 197 198 267 268 269 270 271
kishima,452,＿どっかん　判定無し,443 444 445,mixed-fixed,14,12,,2,0,0,991 992 993 994 995 996 997 998 999 1000 1001 1002
kishima,459,●立強暫定ブレード,,mixed-fixed,10,12,,2,0,0,478 479 480 481 482 483 484 485 486 487
kishima,461,立ち強２？ブレード,3,mixed-fixed,7,12,,2,0,0,960 961 962 963 964 965 966
kishima,710,黒フェード,702,follows-palette,1,0,38.4,1,0,0,1254
kohaku,20,,,rgb,1,1,,2,0,1,479
kohaku,44,のっとり計画音声,13,follows-palette,3,0,40.1,1,0,0,0 1 2
kohaku,45,タッチ時のピカ☆,53,mixed-fixed,9,12,,2,0,0,142 143 144 145 146 147 148 149 150
kohaku,49,登場音声,50,follows-palette,3,0,40.1,1,0,0,0 1 4
kohaku,54,きらーん☆,9 64 96 97 98 100,fixed-indexed,11,2,,2,0,0,1154 1155 1156 1157 1158 1159 1160 1161 1162 1163 1164
kohaku,83,実は捕獲している判定,82 146,follows-palette,1,0,23.8,1,0,1,1174
kohaku,84,見せかけの重り,82 146 272 274,follows-palette,1,0,23.8,1,0,0,1174
kohaku,86,実は捕獲している判定(空投),272,follows-palette,1,0,23.8,1,0,2,1174
kohaku,87,実は捕獲している判定(生空投),274,follows-palette,1,0,23.8,1,0,2,1174
kohaku,91,,50 90,follows-palette,1,0,5.9,1,0,0,432
kohaku,92,,91,follows-palette,1,0,40.1,1,0,0,0
kohaku,104,火炎瓶　小,96 97 100,follows-palette,1,0,5.9,1,0,0,432
kohaku,105,,104,mixed-fixed,15,14,,1,0,2,474 475 476 477 478 479 480 481 482 483 484 485
kohaku,106,火炎瓶　中,101 221 572 577,follows-palette,1,0,5.9,1,0,0,432
kohaku,107,,106,mixed-fixed,15,14,,1,0,2,474 475 476 477 478 479 480 481 482 483 484 485
kohaku,108,火炎瓶　大,98 102 241,follows-palette,1,0,5.9,1,0,0,432
kohaku,109,,108,mixed-fixed,15,14,,1,0,2,474 475 476 477 478 479 480 481 482 483 484 485
kohaku,129,置かれる植木,126 218 220,follows-palette,19,0,19.7,1,0,6,562 563 564 565 566 567 568 569 570 571 572 573
kohaku,130,サボテン,127,follows-palette,17,0,21.4,1,5,15,581 582 583 584 585 586 587 588 589 590 591 592
kohaku,131,ジョニー,128,follows-palette,23,0,23.9,1,0,0,598 600 602 604 606 608 610 612 614 616 618 620
kohaku,132,ジョニー火炎エフェクト,131 133,fixed-indexed,8,2,,2,0,0,660 661 662 663 664 665 666 667
kohaku,133,火の玉（攻撃部分）,131,mixed-follows+fixed,8,02,40.1,2,5,5,0 668 669 670 671 672 673 674
kohaku,135,もみの木？,125,follows-palette,15,0,34.6,,0,9,2 646 647 648 649 650 651 652 653 654 655 656
kohaku,155,火炎瓶,152,follows-palette,1,0,5.9,1,0,0,432
kohaku,156,,91 104 106 108 155 427,follows-palette,2,0,2.7,1,0,0,437 438
kohaku,157,,91 104 106 108 155 427,follows-palette,1,0,2.7,1,0,0,437
kohaku,158,,91 104 106 108 155 427,follows-palette,2,0,2.7,1,0,0,437 439
kohaku,159,,91 104 106 108 155 427,follows-palette,2,0,2.7,1,0,0,437 440
kohaku,160,火,91 104 106 108 155 427,fixed-indexed,10,2,,2,0,0,441 442 443 444 445 446 447 448 449 450
kohaku,161,爆発,155,mixed-fixed,15,14,,,0,1,474 475 476 477 478 479 480 481 482 483 484 485
kohaku,164,,155,mixed-fixed,15,14,,2,0,1,474 475 476 477 478 479 480 481 482 483 484 485
kohaku,167,,166,fixed-indexed,18,2,,2,0,0,1036 1037 1038 1039 1040 1041 1042 1043 1044 1045 1046 1047
kohaku,168,,166,rgb,6,1,,1 2,0,2,1054 1055 1056 1057 1058 1059
kohaku,169,,168,rgb,1,1,,1,0,0,1031
kohaku,173,ブレード,139 166 170 172 175 239,mixed-fixed,10,12,,2,0,0,722 723 724 725 726 727 728 729 730 731
kohaku,174,ＥＸの攻撃判定,175,rgb,3,1,,1,0,1,722 723 724
kohaku,178,落ちる救急箱,176,follows-palette,4,0,40.4,1,0,0,809 810 811 812
kohaku,179,DOI再使用不可飛び道具,176,follows-palette,1,0,40.1,1,0,0,0
kohaku,181,上居合いブレード,171,mixed-fixed,10,12,,2,0,0,732 733 734 735 736 737 738 739 740 741
kohaku,182,文字出し,169,follows-palette,1,0,40.1,1,0,0,0
kohaku,183,文字 琥,182,rgb,1,3,,1,0,0,1032
kohaku,184,文字 珀,182,rgb,1,3,,1,0,0,1033
kohaku,185,文字 画,182,rgb,1,3,,1,0,0,1034
kohaku,186,ハンコ,182,rgb,1,3,,1,0,0,1035
kohaku,194,陳 連打エフェクト,217,mixed-fixed,12,12,,2,0,0,1076 1077 1078 1079 1080 1081 1082 1083 1084 1085 1086 1087
kohaku,195,陳 突き,217,mixed-fixed,6,12,,2,0,0,1088 1089 1090 1091 1092 1093
kohaku,196,陳 サマー,217,mixed-follows+fixed,15,01,40.1,2,0,0,0 1094 1095 1096 1097 1098 1099 1100 1101 1102 1103 1104
kohaku,202,割烹着,43 200 223 233,follows-palette,3,0,40.9,1,0,0,935 936 937
kohaku,203,ほうき,43 52 200 223 233,follows-palette,12,0,40.2,1,0,1,1005 1006 1007 1008 1009 1010 1011 1012 1013 1014 1015 1016
kohaku,205,煙,199 201 217 223 232 233,follows-palette,1,0,40.1,2,0,0,0
kohaku,206,影,199 201 223 232 233,follows-palette,4,0,40.1,1,0,0,0 978 979 980
kohaku,207,青い残像,199 201 217 223 232 233,fixed-indexed,8,2,,2,0,0,981 982 983 984 985 986 987 988
kohaku,208,,199 201 217 223 232 233,fixed-indexed,8,2,,2,0,0,989 990 991 992 993 994 995 996
kohaku,209,,199 201 223 232 233,fixed-indexed,8,2,,2,0,0,997 998 999 1000 1001 1002 1003 1004
kohaku,212,ゴン,215 228 229 230 231,nosprite,0,,,,0,0,
kohaku,213,,215 228 229 230 231,nosprite,0,,,,0,0,
kohaku,214,,215 228 229 230 231,nosprite,0,,,,0,0,
kohaku,216,琥珀さん,215,nosprite,0,,,,0,0,
kohaku,225,,224 247 248,follows-palette,12,0,40.2,1,0,0,1005 1006 1007 1008 1009 1010 1011 1012 1013 1014 1015 1016
kohaku,226,影,217,follows-palette,4,0,40.1,1,0,0,0 978 979 980
kohaku,227,色でセレクト,210 223 233,follows-palette,1,0,40.1,1,0,0,0
kohaku,237,,235 236 275,mixed-fixed,8,12,,2,0,0,1179 1180 1181 1182 1183 1184 1185 1186
kohaku,242,青い残像,223,fixed-indexed,8,2,,2,0,0,981 982 983 984 985 986 987 988
kohaku,243,,223,fixed-indexed,8,2,,2,0,0,989 990 991 992 993 994 995 996
kohaku,244,,223,fixed-indexed,8,2,,2,0,0,997 998 999 1000 1001 1002 1003 1004
kohaku,273,投げスカ用おもり,271,follows-palette,1,0,23.8,,0,0,1174
kohaku,389,当身 光るところ要Wait調整,388,rgb,3,1,,2,0,0,884 885 886
kohaku,390,当身成功,388,rgb,1,1,,2,0,0,884
kohaku,394,とぶかたな,3,follows-palette,5,0,36.8,,1,1,899 901 902 903 904
kohaku,395,△刀 あたって回転,394,follows-palette,5,0,40.1,1,0,0,0 901 902 903 904
kohaku,401,△一閃 エフェクト,400,mixed-follows+fixed,6,01,40.1,2,0,0,0 831 832 833 834 835
kohaku,404,△通常一閃 エフェクト,220 388 402 403,mixed-follows+fixed,6,01,40.1,1 2,0,0,0 831 832 833 834 835
kohaku,419,アンバー移動エフェクト,418 591,fixed-indexed,7,2,,2,0,0,668 669 670 671 672 673 674
kohaku,427,火炎瓶,425 587 592,follows-palette,1,0,5.9,1,0,0,432
kohaku,428,爆発,427,mixed-fixed,15,14,,1,0,2,474 475 476 477 478 479 480 481 482 483 484 485
kohaku,429,,427,mixed-fixed,15,14,,2,0,2,474 475 476 477 478 479 480 481 482 483 484 485
kohaku,448,△ＥＦ掃除攻撃（477用けむり）,2 450 451 452 481 520,fixed-indexed,11,4,,,0,0,784 785 786 787 788 789 790 791 792 793 794
kohaku,453,☆ゴルフスイング ブレード,450 451 452 520 521,rgb,4,1,,2,0,0,521 522 523 524
kohaku,455,当身ブレード,220 388 400 402 403 466,rgb,4,1,,2,0,0,887 888 889 890
kohaku,456,当身 光るところ要Wait調整,220 402 403,rgb,3,1,,2,0,0,884 885 886
kohaku,457,当身EX 光るところ要Wait調整,400,rgb,3,1,,2,0,0,884 885 886
kohaku,458,当身成功,400 402,rgb,1,1,,2,0,0,884
kohaku,460,毒ジョニー,459,follows-palette,23,0,12.6,1,0,0,599 601 603 605 607 609 611 613 615 617 619 621
kohaku,461,毒関数,460,mixed-follows+fixed,4,04,40.1,1,4,2,0 675 676 677
kohaku,462,毒Eff,461,fixed-indexed,5,4,,1,0,0,675 676 677 678 679
kohaku,474,△□居合い→,470 575,mixed-fixed,9,12,,2,0,8,742 743 744 745 746 747 748 749 750
kohaku,475,△□居合い↑,221 471 571 576,rgb,9,1,,2,0,2,751 752 753 754 755 756 757 758 759
kohaku,476,△□居合いＥＸ暫定→,472,mixed-fixed,9,12,,2,0,18,742 743 744 745 746 747 748 749 750
kohaku,477,△□居合い→ BE,470,mixed-fixed,9,12,,2,0,4,742 743 744 745 746 747 748 749 750
kohaku,478,△□居合い↑ BE,471,rgb,9,1,,2,0,2,751 752 753 754 755 756 757 758 759
kohaku,495,爆弾A,490 572,follows-palette,1,0,32.2,1,0,0,917
kohaku,496,爆弾B（18_19で跳ね返り乱),491 575,follows-palette,2,0,41.6,1,2,1,0 916
kohaku,499,１,496 497 498 507 508,fixed-indexed,1,4,,1,0,0,913
kohaku,500,２,496 497 498 507 508,fixed-indexed,1,4,,1,0,0,914
kohaku,501,３,496 497 498 507 508,fixed-indexed,1,4,,1,0,0,915
kohaku,503,爆発A,495,mixed-fixed,15,14,,,0,1,474 475 476 477 478 479 480 481 482 483 484 485
kohaku,504,爆発B,496 498,mixed-fixed,15,14,,,0,1,474 475 476 477 478 479 480 481 482 483 484 485
kohaku,505,爆発EX,497 507,mixed-fixed,15,14,,,0,2,474 475 476 477 478 479 480 481 482 483 484 485
kohaku,507,　＠新大玉,492,follows-palette,2,0,28.8,1,1,0,0 918
kohaku,508,　カウントダウン関数,507,follows-palette,5,0,40.1,1,0,0,0 1 2 3 4
kohaku,546,ジャンプ強２ ブレード,9,rgb,4,1,,2,0,0,539 540 541 542
kohaku,548,絆用214B,571,rgb,9,1,,2,0,2,751 752 753 754 755 756 757 758 759
kohaku,634,タッチで起こす,53,follows-palette,3,0,40.1,1,0,0,0 2 4
kohaku,720,落ちないホウキ,711,follows-palette,1,0,40.2,,0,0,1005
kohaku_m,20,,,rgb,1,1,,2,0,1,479
kohaku_m,44,のっとり計画音声,13,follows-palette,3,0,39.9,1,0,0,0 1 4
kohaku_m,54,きらーん☆,9 62 67 100 199 201,fixed-indexed,11,2,,2,0,0,1154 1155 1156 1157 1158 1159 1160 1161 1162 1163 1164
kohaku_m,68,　投げ中なのをメカに伝える,64,follows-palette,2,0,39.9,1,0,0,0 1
kohaku_m,83,実は捕獲している判定,82 146 272,follows-palette,1,0,28.7,1,0,2,1174
kohaku_m,84,見せかけの重り,82 146 272 274,follows-palette,1,0,28.7,1,0,0,1174
kohaku_m,85,実は捕獲している判定生,274,follows-palette,1,0,28.7,1,0,1,1174
kohaku_m,86,普通・実は捕獲している判定,272,follows-palette,1,0,28.7,1,0,1,1174
kohaku_m,91,,50 90 702,indexed-palette-constant,1,0,0.2,1,0,0,432
kohaku_m,92,,91,follows-palette,1,0,39.9,1,0,0,0
kohaku_m,111,メカヒスイちゃん起動です,50,follows-palette,3,0,39.9,1,0,0,0 1 2
kohaku_m,112,ドクターご準備を,50,follows-palette,3,0,39.9,1,0,0,0 1 2
kohaku_m,113,メカっと片付けますよ,50,follows-palette,3,0,39.9,1,0,0,0 1 2
kohaku_m,114,切除ですか,50,follows-palette,3,0,39.9,1,0,0,0 1 2
kohaku_m,115,みられたからには,50,follows-palette,3,0,39.9,1,0,0,0 1 2
kohaku_m,129,,218,nosprite,0,,,,0,0,
kohaku_m,140,向き確認,137,follows-palette,2,0,39.9,1,0,0,0 1
kohaku_m,156,,91,indexed-palette-constant,2,0,0.2,1,0,0,437 438
kohaku_m,157,,91,indexed-palette-constant,1,0,0.2,1,0,0,437
kohaku_m,158,,91,indexed-palette-constant,2,0,0.2,1,0,0,437 439
kohaku_m,159,,91,indexed-palette-constant,2,0,0.2,1,0,0,437 440
kohaku_m,160,火,91,fixed-indexed,10,2,,2,0,0,441 442 443 444 445 446 447 448 449 450
kohaku_m,164,,,mixed-fixed,15,14,,2,0,1,474 475 476 477 478 479 480 481 482 483 484 485
kohaku_m,167,,166,fixed-indexed,18,2,,2,0,0,1036 1037 1038 1039 1040 1041 1042 1043 1044 1045 1046 1047
kohaku_m,168,,166,rgb,6,1,,1 2,0,1,1054 1055 1056 1057 1058 1059
kohaku_m,169,,168,rgb,1,1,,1,0,0,1031
kohaku_m,173,ブレード,139 166 170 172 175,mixed-fixed,10,12,,2,0,0,722 723 724 725 726 727 728 729 730 731
kohaku_m,174,ＥＸの攻撃判定,175,rgb,3,1,,1,0,1,722 723 724
kohaku_m,178,落ちる救急箱,176,follows-palette,4,0,38.5,1,0,0,809 810 811 812
kohaku_m,179,DOI再使用不可飛び道具,176,follows-palette,1,0,39.9,1,0,0,0
kohaku_m,181,上居合いブレード,171,mixed-fixed,10,12,,2,0,0,732 733 734 735 736 737 738 739 740 741
kohaku_m,182,文字出し,169,follows-palette,1,0,39.9,1,0,0,0
kohaku_m,183,文字 琥,182,rgb,1,3,,1,0,0,1032
kohaku_m,184,文字 珀,182,rgb,1,3,,1,0,0,1033
kohaku_m,185,文字 画,182,rgb,1,3,,1,0,0,1034
kohaku_m,186,ハンコ,182,rgb,1,3,,1,0,0,1035
kohaku_m,194,陳 連打エフェクト,217,mixed-fixed,12,12,,2,0,0,1076 1077 1078 1079 1080 1081 1082 1083 1084 1085 1086 1087
kohaku_m,195,陳 突き,217,mixed-fixed,6,12,,2,0,0,1088 1089 1090 1091 1092 1093
kohaku_m,196,陳 サマー,217,mixed-follows+fixed,15,01,39.9,2,0,0,0 1094 1095 1096 1097 1098 1099 1100 1101 1102 1103 1104
kohaku_m,202,割烹着,200 223,follows-palette,3,0,29.6,1,0,0,935 936 937
kohaku_m,203,ほうき,52 200 223,follows-palette,12,0,29.9,1,0,1,1005 1006 1007 1008 1009 1010 1011 1012 1013 1014 1015 1016
kohaku_m,205,煙,199 201 217 223 232,follows-palette,1,0,39.9,2,0,0,0
kohaku_m,206,影,199 201 223 232,follows-palette,4,0,39.9,1,0,0,0 978 979 980
kohaku_m,207,青い残像,199 201 217 223 232,fixed-indexed,8,2,,2,0,0,981 982 983 984 985 986 987 988
kohaku_m,208,,199 201 217 223 232,fixed-indexed,8,2,,2,0,0,989 990 991 992 993 994 995 996
kohaku_m,209,,199 201 223 232,fixed-indexed,8,2,,2,0,0,997 998 999 1000 1001 1002 1003 1004
kohaku_m,212,ゴン,215 228 229 230 231,nosprite,0,,,,0,0,
kohaku_m,213,,215 228 229 230 231,nosprite,0,,,,0,0,
kohaku_m,214,,215 228 229 230 231,nosprite,0,,,,0,0,
kohaku_m,216,琥珀さん,215,nosprite,0,,,,0,0,
kohaku_m,225,,224 248,follows-palette,12,0,29.9,1,0,0,1005 1006 1007 1008 1009 1010 1011 1012 1013 1014 1015 1016
kohaku_m,226,影,217,follows-palette,4,0,39.9,1,0,0,0 978 979 980
kohaku_m,227,色でセレクト,210 223,follows-palette,1,0,39.9,1,0,0,0
kohaku_m,237,,235 275,mixed-fixed,8,12,,2,0,0,1179 1180 1181 1182 1183 1184 1185 1186
kohaku_m,273,投げスカ用おもり,271,follows-palette,1,0,28.7,,0,0,1174
kohaku_m,385,＠しゃがみ移動,,mixed-follows+fixed,4,-10,36.2,,2,0,354 375 376 377
kohaku_m,386,●しゃがみ後歩き,,mixed-follows+fixed,3,-10,36.2,,2,0,354 375 376
kohaku_m,394,とぶかたな,3,follows-palette,5,0,26.3,,1,1,899 901 902 903 904
kohaku_m,395,△刀 あたって回転,394,follows-palette,5,0,39.9,1,0,0,0 901 902 903 904
kohaku_m,448,△ＥＦ掃除攻撃（477用けむり）,2 450 451 452 520,fixed-indexed,11,4,,,0,0,784 785 786 787 788 789 790 791 792 793 794
kohaku_m,453,☆ゴルフスイング ブレード,450 451 452 520,rgb,4,1,,2,0,0,521 522 523 524
kohaku_m,455,当身ブレード,466,mixed-fixed,4,-1,,2,0,0,887 888 889 890
kohaku_m,466,★ひねりだし一閃,,mixed-fixed,14,-1,,,5,5,848 852 855 856 857 858 859 860 861 862 863 864
kohaku_m,474,△□居合い→,470,mixed-fixed,9,12,,2,0,4,742 743 744 745 746 747 748 749 750
kohaku_m,475,△□居合い↑,471,rgb,9,1,,2,0,2,751 752 753 754 755 756 757 758 759
kohaku_m,476,△□居合いＥＸ暫定→,472,mixed-fixed,9,12,,2,0,18,742 743 744 745 746 747 748 749 750
kohaku_m,477,△□居合い→ BE,470,mixed-fixed,9,12,,2,0,4,742 743 744 745 746 747 748 749 750
kohaku_m,478,△□居合い↑ BE,471,rgb,9,1,,2,0,2,751 752 753 754 755 756 757 758 759
kohaku_m,495,爆弾A,490,indexed-palette-constant,1,0,0.0,1,0,0,917
kohaku_m,496,爆弾B（18_19で跳ね返り乱),491,follows-palette,2,0,33.8,1,2,1,0 916
kohaku_m,499,１,496 497 498 507 508,fixed-indexed,1,4,,1,0,0,913
kohaku_m,500,２,496 497 498 507 508,fixed-indexed,1,4,,1,0,0,914
kohaku_m,501,３,496 497 498 507 508,fixed-indexed,1,4,,1,0,0,915
kohaku_m,503,爆発A,495,mixed-fixed,15,14,,,0,1,474 475 476 477 478 479 480 481 482 483 484 485
kohaku_m,504,爆発B,496 498,mixed-fixed,15,14,,,0,1,474 475 476 477 478 479 480 481 482 483 484 485
kohaku_m,505,爆発EX,497 507,mixed-fixed,15,14,,,0,1,474 475 476 477 478 479 480 481 482 483 484 485
kohaku_m,507,　＠新大玉,492,follows-palette,2,0,26.0,1,1,0,0 918
kohaku_m,508,　カウントダウン関数,507,follows-palette,5,0,39.9,1,0,0,0 1 2 3 4
kohaku_m,546,ジャンプ強２ ブレード,9,rgb,4,1,,2,0,0,539 540 541 542
kohaku_m,611,スタイル毎に音声だけ分岐,601 606,follows-palette,1,0,39.9,1,0,0,1
kohaku_m,612,スタイル毎に音声だけ分岐,602 607,follows-palette,1,0,39.9,1,0,0,1
kohaku_m,651,つかみ・管理,650,follows-palette,10,0,39.7,1,0,1,0 1 2 3 4 5 6 7 8 9
kohaku_m,670,,660,rgb,4,1,,2,0,0,521 522 523 524
kohaku_m,675,向きチェック　変7,680,follows-palette,2,0,39.9,1,0,0,0 1
kohaku_m,682,本体のやられ　変数6=99,685 686 687 688 689 690,follows-palette,3,0,39.9,1,0,0,0 1 2
kohaku_m,710,チラッ,,mixed-fixed,4,-1,,,2,0,1246 1247 1248 1250
kohaku_m,713,,,mixed-fixed,1,-1,,,2,0,1216
kohaku_m,714,,,mixed-fixed,5,-1,,,2,0,1240 1241 1242 1243 1244
kohaku_m,715,,,mixed-fixed,2,-1,,,2,0,1240 1241
kohaku_m,720,おちないしののの,708 713 717 719,follows-palette,1,0,29.9,,0,0,1005
len,55,,12 66 135 138 442,follows-palette,1,0,36.1,1,2,0,413
len,56,,14,follows-palette,1,0,36.1,1,2,0,413
len,70,弱ブレード,1,fixed-indexed,14,2,,2,0,0,22 23 24 25 26 27 28 29 30 31 32 33
len,71,中ブレード,2 501,mixed-fixed,14,12,,2,0,0,47 48 49 50 51 52 53 54 55 56 57 58
len,72,強ブレード,3,mixed-fixed,35,12,,2,0,8,79 80 81 82 83 84 85 86 87 88 89 90
len,73,しゃがみ弱ブレード,4,fixed-indexed,8,2,,2,0,0,117 118 119 120 121 122 123 124
len,74,しゃがみ中ブレード,5,mixed-fixed,7,12,,2,0,0,130 131 132 133 134 135 136
len,75,,6,follows-palette,12,0,34.4,1,1,1,141 142 143 144 147 148 149 150 151 152 153 506
len,76,ジャンプ弱ブレード,7,fixed-indexed,10,2,,2,0,0,159 160 161 162 163 164 165 166 167 168
len,77,ジャンプ中ブレード,8 441,fixed-indexed,11,2,,2,0,0,178 180 182 183 184 185 186 187 188 189 190
len,78,ジャンプ強ブレード,65,mixed-fixed,18,12,,2,0,18,204 205 206 207 208 209 210 211 212 213 214 215
len,79,,9,fixed-indexed,10,2,,2,0,0,583 584 585 586 587 588 589 590 591 592
len,80,,66 442,follows-palette,4,0,36.1,1,1,0,137 138 139 140
len,81,ひねりだしＪＣブレード,,fixed-indexed,9,2,,2,0,0,583 585 586 587 588 589 590 591 592
len,90,,82,follows-palette,7,0,11.4,,0,6,622 623 624 625 626 627 628
len,91,噴射,90,fixed-indexed,33,2,,2,0,0,629 630 631 632 633 634 635 636 637 638 639 640
len,92,地面煙,91,fixed-indexed,15,2,,2,0,0,662 663 664 665 666 667 668 669 670 671 672 673
len,93,,86,indexed-palette-constant,15,0,1.7,1,0,1,677 678 679 680 681 682 683 684 685 686 687 688
len,94,,86,follows-palette,15,0,2.5,1,1,0,692 693 694 695 696 697 698 699 700 701 702 703
len,95,,85,indexed-palette-constant,15,0,0.6,1,0,1,707 708 709 710 711 712 713 714 715 716 717 718
len,96,,85,follows-palette,15,0,13.2,1,0,0,722 723 724 725 726 727 728 729 730 731 732 733
len,102,,,mixed-follows+fixed,6,02,26.5,2,0,0,0 233 234 235 236 237
len,103,,100 101 275,mixed-fixed,13,12,,2,0,0,1261 1262 1263 1264 1265 1266 1267 1268 1269 1270 1271 1272
len,109,上ブレード,112,mixed-fixed,13,12,,2,0,0,768 769 770 771 772 773 774 775 776 777 778 779
len,113,上ブレード,110 111 112,mixed-fixed,13,12,,2,0,0,768 769 770 771 772 773 774 775 776 777 778 779
len,114,横ブレード,111,mixed-fixed,13,12,,2,0,0,768 769 770 771 772 773 774 775 776 777 778 779
len,122,手からでるもの,115 387,mixed-fixed,23,12,,2,0,4,849 850 851 852 853 854 855 856 857 858 859 860
len,123,,116,mixed-fixed,23,12,,2,0,2,849 850 851 852 853 854 855 856 857 858 859 860
len,124,手からでるもの空中EX,121,mixed-fixed,23,12,,1 2,0,8,849 850 851 852 853 854 855 856 857 858 859 860
len,125,手からでるもの地上EX,117,mixed-fixed,23,12,,2,0,0,849 850 851 852 853 854 855 856 857 858 859 860
len,126,EX判定,117,follows-palette,1,0,34.4,1,0,3,0
len,127,弱ため,115 387,mixed-fixed,23,12,,2,0,4,849 850 851 852 853 854 855 856 857 858 859 860
len,128,強ため1,116,mixed-fixed,23,12,,2,0,4,849 850 851 852 853 854 855 856 857 858 859 860
len,129,強ため2,116 120,mixed-fixed,22,12,,2,0,12,872 873 874 875 876 877 878 879 880 881 882 883
len,132,手からでるもの空中用,119,mixed-fixed,23,12,,2,0,8,849 850 851 852 853 854 855 856 857 858 859 860
len,152,,150,mixed-fixed,48,12,,2,2,2,1110 1111 1112 1113 1114 1115 1116 1117 1118 1119 1120 1121
len,153,,152,rgb,40,1,,2,0,0,1158 1159 1160 1161 1162 1163 1164 1165 1166 1167 1168 1169
len,157,とびどうぐ,155,mixed-fixed,48,12,,2,0,1,1110 1111 1112 1113 1114 1115 1116 1117 1118 1119 1120 1121
len,158,,157,rgb,40,1,,2,0,0,1158 1159 1160 1161 1162 1163 1164 1165 1166 1167 1168 1169
len,160,もやもや,,fixed-indexed,18,2,,3,0,1,1198 1199 1200 1201 1202 1203 1204 1205 1206 1207 1208 1209
len,161,もやもやBG,160,mixed-follows+fixed,8,02,34.4,1 3,0,1,0 1216 1217 1218 1219 1220 1221 1222
len,162,つかみ判定,160,follows-palette,3,0,34.4,1,0,1,0 1 2
len,163,突進ダミー,155,follows-palette,32,0,34.4,1,0,0,0 971 972 973 974 975 976 977 978 979 980 981
len,165,突進いろいろ,163,follows-palette,25,0,34.4,1,0,0,971 972 973 974 975 976 977 978 979 980 981 982
len,166,コス１　パジャマ,163,follows-palette,25,0,26.4,1,0,0,993 1021 1022 1023 1024 1025 1026 1027 1028 1029 1030 1031
len,167,コス２　すくみず,163,follows-palette,25,0,34.4,1,0,0,993 996 997 998 999 1000 1001 1002 1003 1004 1005 1006
len,168,コス３　ウェイトレス,163,follows-palette,25,0,19.3,1,0,0,1046 1047 1048 1049 1050 1051 1052 1053 1054 1055 1056 1057
len,169,コス４　浴衣,163,follows-palette,25,0,26.5,1,0,0,1070 1071 1072 1073 1074 1075 1076 1077 1078 1079 1080 1081
len,178,煙,180 181,follows-palette,1,0,34.4,1,0,0,0
len,183,,182,follows-palette,2,0,20.2,1,0,2,0 244
len,184,ささるもの,183,nosprite,0,,,,0,0,
len,185,,183,nosprite,0,,,,0,0,
len,186,,183,nosprite,0,,,,0,0,
len,187,,183,nosprite,0,,,,0,0,
len,188,,183,nosprite,0,,,,0,0,
len,189,,183,nosprite,0,,,,0,0,
len,190,ささり判定,184 185 186 187 188 189,follows-palette,1,0,34.4,1,0,1,0
len,193,,192,follows-palette,2,0,20.2,1,0,1,0 244
len,203,フェイント前ジャンプ,201,follows-palette,15,0,34.4,1,4,0,315 316 317 318 319 320 321 322 323 324 325 326
len,204,フェイントダッシュ,202,follows-palette,14,0,34.4,1,2,0,276 277 278 279 280 281 282 283 284 285 286 287
len,208,,207,mixed-fixed,9,12,,2,0,0,235 236 1286 1287 1288 1289 1290 1291 1292
len,211,　BEブレード,210,mixed-fixed,11,12,,2,0,0,233 234 235 236 1286 1287 1288 1289 1290 1291 1292
len,214,横向き氷,120 213,mixed-fixed,23,12,,2,0,2,849 850 851 852 853 854 855 856 857 858 859 860
len,216, BEJ236B,120,mixed-fixed,23,12,,2,0,7,872 873 874 875 876 877 878 879 880 881 882 883
len,217, BEJ236B,120,mixed-fixed,23,12,,2,0,7,849 850 851 852 853 854 855 856 857 858 859 860
len,380,新飛び道具 飛ばす部分A,377,mixed-fixed,3,12,,2,1,1,894 895 908
len,381,飛び道具エフェクト,380 383,mixed-fixed,15,12,,2,0,0,894 895 896 897 898 899 900 901 902 903 904 905
len,382,飛び道具 破裂,380 383 384,mixed-fixed,8,12,,2,0,0,909 910 911 912 913 914 915 916
len,383,新飛び道具 飛ばす部分B,378,mixed-fixed,3,12,,2,1,1,894 895 908
len,384,新飛び道具 飛ばす部分EX,379,mixed-fixed,3,12,,2,2,2,894 895 908
len,385,飛び道具エフェクトEX用,384,mixed-fixed,15,12,,2,0,0,894 895 896 897 898 899 900 901 902 903 904 905
len,386,飛び道具 破裂EX用,384,mixed-fixed,8,12,,2,0,0,909 910 911 912 913 914 915 916
len,395,△弾き手「壁」→,390,mixed-fixed,24,12,,2,2,2,947 948 949 950 951 952 953 954 955 956 957 958
len,396,△弾き手「壁」↑,391 500,mixed-fixed,24,12,,2,0,2,947 948 949 950 951 952 953 954 955 956 957 958
len,398,△エイジス,392 452,mixed-fixed,24,12,,2,1,1,947 948 949 950 951 952 953 954 955 956 957 958
len,401,弾（仮,,rgb,12,1,,2,0,0,931 932 933 934 935 936 937 938 939 940 941 942
len,405,弾（仮,400,rgb,10,1,,2,0,0,931 932 933 934 935 936 937 938 939 940
len,406,自分の周りを回転,400 401,mixed-follows+fixed,7,01,34.4,2,2,2,0 941 942 943 944 945 946
len,407,弾 飛ぶ部分（仮,,rgb,6,1,,2,0,0,941 942 943 944 945 946
len,410,,,rgb,6,1,,2,0,0,941 942 943 944 945 946
len,413,星呼び出し,415 416 417 420,follows-palette,3,0,34.4,1,0,0,283 284 285
len,414,キラキラ,413,fixed-indexed,6,2,,2,0,0,295 296 297 298 299 300
len,428,立ち弱２段目EFF,426,mixed-fixed,11,12,,2,0,0,548 549 550 551 552 553 554 555 556 557 558
len,429,立ち弱３段目EFF,427,mixed-fixed,15,12,,2,0,0,559 560 561 562 563 564 565 566 567 568 569 570
len,439,ブレード,440,mixed-fixed,11,12,,2,0,0,233 234 235 236 1286 1287 1288 1289 1290 1291 1292
len,446,△Ｆの弱（しゃがみ弱ブレード,1,fixed-indexed,8,2,,2,0,0,117 118 119 120 121 122 123 124
len,455,△空中弾き手「壁」→,450,mixed-fixed,24,12,,2,2,2,947 948 949 950 951 952 953 954 955 956 957 958
len,456,△空中弾き手「壁」↑,451,mixed-fixed,24,12,,2,0,2,947 948 949 950 951 952 953 954 955 956 957 958
len,468,変身した小槌,467,indexed-palette-constant,7,0,0.3,1,0,2,237 238 239 240 241 242 243
m_hisui,20,ガードエフェクト,17 18 19 320 321 322,mixed-fixed,5,12,,2,0,0,415 416 417 418 419
m_hisui,45,チェーンソード,3 89,follows-palette,3,0,28.7,1,0,0,60 61 62
m_hisui,46,,89,follows-palette,1,0,33.5,1,0,0,61
m_hisui,47,,89,follows-palette,1,0,39.4,1,0,0,0
m_hisui,49,目の光り,50,fixed-indexed,1,2,,2,0,0,1426
m_hisui,57,電撃★エフェクト,55,mixed-fixed,22,12,,2,0,1,1369 1370 1371 1372 1373 1374 1375 1376 1377 1378 1379 1380
m_hisui,60,屈大セイバー　軌跡,6 441,mixed-fixed,13,12,,2,0,0,106 107 108 109 110 111 112 113 114 115 116 117
m_hisui,61,,,mixed-fixed,13,12,,2,0,0,106 107 108 109 110 111 112 113 114 115 116 117
m_hisui,72,,71 440,mixed-fixed,13,12,,2,0,0,897 898 899 900 901 902 903 904 905 906 907 908
m_hisui,74,☆,8 442,mixed-fixed,12,12,,2,0,0,141 142 143 144 145 146 147 148 149 150 151 152
m_hisui,89,置かれたイス,88,follows-palette,1,0,39.4,1,1,0,0
m_hisui,95,,77,rgb,6,1,,2,0,0,1516 1517 1518 1519 1520 1521
m_hisui,98,フレイムビジット　飛び道具部分,73,follows-palette,1,0,42.1,1,0,0,165
m_hisui,99,,73,mixed-fixed,49,12,,2,0,26,166 167 168 169 170 171 172 173 174 175 176 177
m_hisui,100,,73,fixed-indexed,50,2,,2,0,0,215 216 217 218 219 220 221 222 223 224 225 226
m_hisui,101,地面の火の粉,102,fixed-indexed,4,2,,2,0,0,770 771 772 773
m_hisui,102,火の粉出し関数,,fixed-indexed,2,2,,2,0,0,770 771
m_hisui,108,飛びさるスクランダー　前,77,follows-palette,2,0,48.6,1,0,0,918 920
m_hisui,109,飛びさるスクランダー　後,78,follows-palette,2,0,48.6,1,0,0,970 973
m_hisui,110,飛びさるスクランダー　前,75,follows-palette,1,0,50.5,,0,0,920
m_hisui,111,その炎,75 108 116 118,fixed-indexed,3,2,,2,0,0,923 924 925
m_hisui,112,,112,fixed-indexed,37,2,,2,0,0,926 927 928 929 930 931 932 933 934 935 936 937
m_hisui,113,飛びさるスクランダー　後,76,follows-palette,1,0,50.5,,0,0,973
m_hisui,114,炎,76 109 117 119,rgb,3,1,,2,0,0,976 977 978
m_hisui,115,,115,fixed-indexed,37,2,,2,0,0,979 980 981 982 983 984 985 986 987 988 989 990
m_hisui,116,Aスクラン,79 87,follows-palette,3,0,48.6,,0,2,917 918 919
m_hisui,117,Bスクラン,80 90,follows-palette,3,0,48.6,,0,2,970 971 972
m_hisui,118,H　離れるスクラン,108,follows-palette,3,0,48.6,,0,0,917 918 919
m_hisui,119,H　離れるスクラン,109,follows-palette,3,0,48.6,,0,0,970 971 972
m_hisui,124,バリアエフェクト,120,mixed-fixed,21,12,,2,0,4,1024 1026 1028 1030 1032 1034 1036 1038 1040 1042 1044 1046
m_hisui,125,バリアエフェクト,121,mixed-fixed,40,12,,2,0,6,1024 1025 1026 1027 1028 1029 1030 1031 1032 1033 1034 1035
m_hisui,126,バリアエフェクト,122,mixed-fixed,40,12,,2,0,6,1024 1025 1026 1027 1028 1029 1030 1031 1032 1033 1034 1035
m_hisui,133,ミサイル小,135,follows-palette,5,0,50.1,,0,1,1083 1084 1085 1086 1087
m_hisui,134,,174 175 176 196,follows-palette,1,0,44.5,1,0,0,1246
m_hisui,138,スカートパーツ,135 136 137 152,follows-palette,3,0,25.3,,0,0,1076 1077 1078
m_hisui,139,ミサイル大,137 152,follows-palette,4,0,50.1,,1,2,1079 1080 1081 1082
m_hisui,140,ミサイル中,136,follows-palette,5,0,50.1,,0,1,1083 1084 1085 1086 1087
m_hisui,141,ミサイル煙,133 139 140,fixed-indexed,25,2,,2,0,0,1088 1089 1090 1091 1092 1093 1094 1095 1096 1097 1098 1099
m_hisui,142,爆発,,mixed-fixed,18,12,,2,0,0,752 753 754 755 756 757 758 759 760 761 762 763
m_hisui,145,爆発大,,mixed-fixed,18,12,,2,0,0,752 753 754 755 756 757 758 759 760 761 762 763
m_hisui,147,電撃 エフェクト,143,mixed-fixed,24,12,,2,0,0,1123 1124 1125 1126 1127 1128 1129 1130 1131 1132 1133 1134
m_hisui,148,,144,mixed-fixed,24,12,,2,0,0,1123 1124 1125 1126 1127 1128 1129 1130 1131 1132 1133 1134
m_hisui,149,,146 523,mixed-fixed,24,12,,2,0,0,1123 1124 1125 1126 1127 1128 1129 1130 1131 1132 1133 1134
m_hisui,154,小ミサイル,150,mixed-follows+fixed,22,012,54.0,2,1,2,728 729 730 731 752 753 754 755 756 757 758 759
m_hisui,155,,151,mixed-follows+fixed,22,012,54.0,2,1,2,728 729 730 731 752 753 754 755 756 757 758 759
m_hisui,156,,151 194,mixed-follows+fixed,22,012,54.0,2,1,2,728 729 730 731 752 753 754 755 756 757 758 759
m_hisui,157,煙,150 151 194,fixed-indexed,16,2,,2,0,0,732 733 734 735 736 737 738 739 740 741 742 743
m_hisui,158,炎,154 155 156 514 517,fixed-indexed,3,2,,2,0,0,749 750 751
m_hisui,164,レーザー,160 378 379 410,nosprite,0,,,,0,2,
m_hisui,165,BEAレーザー,161 379 410,nosprite,0,,,,0,2,
m_hisui,166,,162,nosprite,0,,,,0,18,
m_hisui,167,影,160 161 378 379 410,mixed-follows+fixed,7,012,39.4,1 3,0,0,0 701 702 703 704 705 706
m_hisui,168,,162,mixed-follows+fixed,7,012,39.4,1 3,0,0,0 707 708 709 710 711 712
m_hisui,170,火炎放射,172,mixed-fixed,50,12,,2,0,6,770 771 772 773 774 775 776 777 778 779 780 781
m_hisui,171,,172,fixed-indexed,50,2,,2,0,0,820 821 822 823 824 825 826 827 828 829 830 831
m_hisui,179,飛行部分,180,follows-palette,2,0,39.4,,0,2,1 1458
m_hisui,183,足噴射,181,fixed-indexed,13,2,,2,0,0,1461 1462 1463 1464 1465 1466 1467 1468 1469 1470 1471 1472
m_hisui,184,噴射,181,fixed-indexed,15,2,,2,0,0,1475 1476 1477 1478 1479 1480 1481 1482 1483 1484 1485 1486
m_hisui,185,,181,mixed-fixed,8,12,,2,0,0,1490 1491 1492 1493 1494 1495 1496 1497
m_hisui,186,足噴射,,fixed-indexed,13,2,,2,0,0,1461 1462 1463 1464 1465 1466 1467 1468 1469 1470 1471 1472
m_hisui,187,飛行中噴射 左,179,fixed-indexed,5,2,,2,0,0,1508 1509 1510 1511 1512
m_hisui,188,飛行中噴射 右,179,fixed-indexed,5,2,,2,0,0,1508 1509 1510 1511 1512
m_hisui,189,飛行中噴射 停止部分,180 711,fixed-indexed,2,2,,2,0,0,1459 1460
m_hisui,190,,179,rgb,10,1,,2,0,0,1498 1499 1500 1501 1502 1503 1504 1505 1506 1507
m_hisui,191,,179,rgb,10,1,,2,0,0,1498 1499 1500 1501 1502 1503 1504 1505 1506 1507
m_hisui,192,,,fixed-indexed,2,2,,2,0,0,1459 1460
m_hisui,201,,204 205 575 576 577 578,follows-palette,14,0,39.3,1,2,2,306 307 308 309 310 311 312 313 314 315 316 317
m_hisui,203,よびだしS,200,follows-palette,2,0,39.3,1,0,0,285 286
m_hisui,204,よびだし,200,follows-palette,2,0,39.3,1,0,0,285 286
m_hisui,205,呼び出しS地上,200,follows-palette,2,0,39.3,1,0,0,285 286
m_hisui,214,,213,follows-palette,25,0,39.4,,12,0,334 335 336 337 338 367 368 369 370 371 372 373
m_hisui,216,,215,rgb,9,1,,2,0,0,1231 1232 1233 1234 1235 1236 1237 1238 1239
m_hisui,218,,203 204,follows-palette,2,0,39.3,,0,0,1207 1208
m_hisui,219,,203 204,follows-palette,2,0,39.3,,0,0,1209 1210
m_hisui,220,,203,follows-palette,2,0,43.8,,0,0,1211 1212
m_hisui,225,ジェットスクランダー,203,follows-palette,2,0,43.8,1,0,1,1203 1204
m_hisui,226,,203,follows-palette,2,0,39.7,1,0,1,1205 1206
m_hisui,227,ジェットスクランダー噴射,,rgb,9,1,,2,0,0,1231 1232 1233 1234 1235 1236 1237 1238 1239
m_hisui,228,,,rgb,9,1,,2,0,0,1231 1232 1233 1234 1235 1236 1237 1238 1239
m_hisui,230,,175,fixed-indexed,1,2,,2,0,1,1426
m_hisui,231,,174 175 196,fixed-indexed,1,2,,2,0,1,1426
m_hisui,232,,174 175 196,fixed-indexed,1,2,,2,0,1,1426
m_hisui,233,,174 175 196,fixed-indexed,1,2,,2,0,1,1426
m_hisui,234,,175,fixed-indexed,1,2,,2,0,1,1426
m_hisui,235,,176,fixed-indexed,1,2,,2,0,2,1426
m_hisui,237,登場たかし,50,follows-palette,8,0,38.5,1,0,0,0 1404 1405 1406 1408 1409 1410 1411
m_hisui,238,勝ちたかし,52,follows-palette,3,0,16.4,,1,0,1404 1405 1406
m_hisui,239,時間切れたかし,248,follows-palette,4,0,15.1,,1,0,1529 1530 1531 1532
m_hisui,252,,253 254,follows-palette,21,0,39.4,,13,0,0 367 368 369 370 371 372 373 374 375 376 377
m_hisui,377,⇔レーザー,376,nosprite,0,,,,0,1,
m_hisui,383,レーザー,380 385,nosprite,0,,,1,0,0,
m_hisui,384,レーザー判定,383,follows-palette,2,0,39.4,1,0,7,0 4
m_hisui,385,Ｂビーム２回呼び出し,381,follows-palette,2,0,39.4,1,0,0,0 1
m_hisui,386,超レーザー,382 445,nosprite,0,,,1,0,0,
m_hisui,387,超レーザー判定,386,follows-palette,2,0,39.4,1,0,14,0 4
m_hisui,393,指EFF EX用,392,rgb,8,1,,2,0,0,1247 1248 1249 1250 1251 1252 1253 1254
m_hisui,394,指EFF,390 391,rgb,8,1,,2,0,0,1247 1248 1249 1250 1251 1252 1253 1254
m_hisui,395,前ダッシュ,390,follows-palette,4,0,39.3,,1,1,306 307 308 432
m_hisui,399,空中,391,follows-palette,3,0,43.8,,1,1,432 1203 1204
m_hisui,400,噴射,399,rgb,9,1,,2,0,0,1231 1232 1233 1234 1235 1236 1237 1238 1239
m_hisui,402,,392,follows-palette,1,0,48.0,,0,0,1458
m_hisui,403,飛行中噴射 左,402,fixed-indexed,5,2,,2,0,0,1508 1509 1510 1511 1512
m_hisui,404,レーザージェネレータ,402,follows-palette,3,0,39.4,1,0,0,0 1 2
m_hisui,405,レーザージェネレータ,402,follows-palette,3,0,39.4,1,0,0,0 1 2
m_hisui,406,,404,nosprite,0,,,1,0,2,
m_hisui,407,小ミサイル,405,mixed-follows+fixed,20,012,54.0,2,0,2,730 731 752 753 754 755 756 757 758 759 760 761
m_hisui,408,炎,407,fixed-indexed,3,2,,2,0,0,749 750 751
m_hisui,409,加速炎,407,fixed-indexed,3,2,,2,0,0,749 750 751
m_hisui,412,⇔レーザー,411 414,nosprite,0,,,,0,1,
m_hisui,413,⇔レーザー,411 414,nosprite,0,,,,0,1,
m_hisui,421,置くまで,420,follows-palette,1,0,28.0,1,0,0,650
m_hisui,422,置かれた機械,421,follows-palette,1,0,28.0,1,1,0,650
m_hisui,427,置くまで,426,follows-palette,1,0,20.5,1,0,0,649
m_hisui,428,置かれた機械,427,follows-palette,1,0,20.5,1,0,2,649
m_hisui,433,置くまで,432,follows-palette,1,0,19.7,1,0,0,651
m_hisui,434,置かれた機械,433,follows-palette,1,0,19.7,1,1,0,651
m_hisui,438,爆発大,428,mixed-fixed,18,12,,2,0,0,752 753 754 755 756 757 758 759 760 761 762 763
m_hisui,465,角度の低いランチャー玉,510,follows-palette,1,0,80.1,1,1,0,1287
m_hisui,466,捨てる武器,461,follows-palette,1,0,33.5,1,0,0,1274
m_hisui,467,→,461,follows-palette,1,0,46.9,1,2,2,1275
m_hisui,468,ランチャー玉,462 492 511,follows-palette,1,0,80.1,1,1,0,1287
m_hisui,469,とげとげ,463,follows-palette,2,0,39.3,1,2,2,0 1297
m_hisui,470,煙,461 462 463 469 492 510,fixed-indexed,16,2,,2,0,0,732 733 734 735 736 737 738 739 740 741 742 743
m_hisui,471,バックファイヤ炎,461,fixed-indexed,3,2,,2,0,2,749 750 751
m_hisui,472,くっつく炎,467,fixed-indexed,3,2,,2,0,0,749 750 751
m_hisui,473,爆発大,,mixed-fixed,18,12,,2,0,0,752 753 754 755 756 757 758 759 760 761 762 763
m_hisui,474,マズルフラッシュ　小,3 460 480 481 482 484,mixed-follows+fixed,5,01,39.4,1 2,0,0,0 1298 1299 1300 1301
m_hisui,475,マズルフラッシュ　大,,mixed-follows+fixed,5,01,39.4,1 2,0,0,0 1298 1299 1300 1301
m_hisui,476,煙,461,fixed-indexed,34,2,,2,0,0,820 821 822 823 824 825 826 827 828 829 830 831
m_hisui,477,F大用やっきょう,3,follows-palette,8,0,33.3,1,0,0,1306 1307 1308 1309 1310 1311 1312 1313
m_hisui,478,地面の着弾,3 484 485 486,mixed-fixed,5,12,,2,0,0,1314 1315 1316 1317 1318
m_hisui,491,ちょろい用やっきょう,488 489,follows-palette,8,0,33.3,1,0,0,1306 1307 1308 1309 1310 1311 1312 1313
m_hisui,497,電撃アーム　電撃 エフェクトＥＸ,502 507,mixed-follows+fixed,14,012,39.4,1 2,0,0,0 1124 1128 1130 1135 1136 1138 1140 1141 1142 1143 1144
m_hisui,498,電撃アーム　電撃 エフェクトB,501 506,mixed-follows+fixed,14,012,39.4,1 2,0,0,0 1124 1128 1130 1135 1136 1138 1140 1141 1142 1143 1144
m_hisui,499,電撃アーム　電撃 エフェクト,500 505,mixed-follows+fixed,14,012,39.4,1 2,0,0,0 1124 1128 1130 1135 1136 1138 1140 1141 1142 1143 1144
m_hisui,503,投げ中の電撃,533 535,mixed-fixed,22,12,,2,0,1,1369 1370 1371 1372 1373 1374 1375 1376 1377 1378 1379 1380
m_hisui,513,ミサイル衝突爆発,,mixed-fixed,18,12,,2,0,0,752 753 754 755 756 757 758 759 760 761 762 763
m_hisui,514,ミサイル,515,follows-palette,4,0,54.0,,0,1,728 729 730 731
m_hisui,515,ミサイル生成関数,521,follows-palette,4,0,39.4,1,0,6,0 1 2 3
m_hisui,516,炎,514 517,fixed-indexed,3,2,,2,0,0,749 750 751
m_hisui,518,ミサイル大,512,follows-palette,1,0,50.1,,0,2,1082
m_hisui,519,ミサイル煙,518,fixed-indexed,25,2,,2,0,0,1088 1089 1090 1091 1092 1093 1094 1095 1096 1097 1098 1099
m_hisui,520,爆発大,,mixed-fixed,18,12,,2,0,0,752 753 754 755 756 757 758 759 760 761 762 763
m_hisui,533,つかみ関数,531 532,follows-palette,4,0,39.4,1,0,1,0 1 2 4
m_hisui,539,バリア判定,540,follows-palette,3,0,39.4,1,0,4,0 1 2
m_hisui,540,バリアマシン用EFF,434,rgb,20,1,,2,0,0,656 657 658 659 660 661 662 663 664 665 666 667
m_hisui,541,カウント番号,428,fixed-indexed,4,4,,1,0,0,652 653 654 655
m_hisui,542,ジャンプブレードEFF,8 543,mixed-fixed,4,12,,2,0,0,579 580 581 582
m_hisui,544,毒ガスEFF,422,fixed-indexed,14,4,,,0,4,676 677 678 679 680 681 682 683 684 685 686 687
m_hisui,558,くっつく炎,559 560 564,fixed-indexed,3,2,,2,0,0,749 750 751
m_hisui,559,飛ぶロケパン,555,follows-palette,1,0,57.6,1,2,0,634
m_hisui,560,飛ぶドリル,554,follows-palette,4,0,39.3,,1,1,0 630 631 632
m_hisui,561,ロケパン用やっきょう,554 555 556 563,follows-palette,1,0,32.5,1,0,0,633
m_hisui,562,ロケパン用とげとげ,556,follows-palette,2,0,39.3,1,2,2,0 1297
m_hisui,564,飛ぶきのこ,563,follows-palette,1,0,29.1,1,2,0,635
m_hisui,565,爆発大,564,mixed-fixed,18,12,,2,0,0,752 753 754 755 756 757 758 759 760 761 762 763
m_hisui,566,煙,554 555 556 563,fixed-indexed,16,2,,2,0,0,732 733 734 735 736 737 738 739 740 741 742 743
m_hisui,575,よびだし　普通,569,follows-palette,2,0,39.3,1,0,0,285 286
m_hisui,576,よびだし　影なし,570,follows-palette,2,0,39.3,1,0,0,285 286
m_hisui,577,よびだし　普通　パタパタ遅い,571,follows-palette,2,0,39.3,1,0,0,285 286
m_hisui,578,よびだし　影なし　パタパタ遅い,572,follows-palette,2,0,39.3,1,0,0,285 286
m_hisui,579,よびだし　統合,573,follows-palette,2,0,39.3,1,0,0,285 286
m_hisui,580,AD1,575 576 577 578,follows-palette,2,0,39.3,,0,0,1207 1208
m_hisui,581,AD2,575 576 577 578,follows-palette,2,0,39.3,,0,0,1209 1210
m_hisui,583,AD　統合　早い,579 594,follows-palette,2,0,39.3,,0,0,1213 1214
m_hisui,584,AD　統合　遅い,590,follows-palette,2,0,39.3,,0,0,1213 1214
m_hisui,585,AAD　統合,591 593,follows-palette,2,0,43.8,,0,0,1215 1216
m_hisui,586,AAD　統合　遅い,592,follows-palette,2,0,43.8,,0,0,1215 1216
m_hisui,587,AAD　統合　影,593,follows-palette,2,0,43.8,1,0,0,1215 1216
m_hisui,588,AD　統合　影,594,follows-palette,2,0,39.3,1,0,0,1213 1214
m_hisui,590,よびだし　統合　遅い,595,follows-palette,2,0,39.3,1,0,0,285 286
m_hisui,591,よびだし　統合,596,follows-palette,2,0,39.3,1,0,0,285 286
m_hisui,592,よびだし　統合　遅い,597,follows-palette,2,0,39.3,1,0,0,285 286
m_hisui,593,よびだし　統合　影なし,598,follows-palette,2,0,39.3,1,0,0,285 286
m_hisui,594,よびだし　統合　影なし　ＡＤ,599,follows-palette,2,0,39.3,1,0,0,285 286
m_hisui,710,黒フェード,702,follows-palette,16,0,39.4,1,0,0,0 1 2 3 4 5 6 7 8 9 10 11
m_hisui,711,飛んでくるメカヒスイ,706,follows-palette,15,0,39.3,1,0,0,329 330 331 332 1438 1439 1440 1441 1442 1443 1444 1445
m_hisui,712,ジャンプインするメカ,705,follows-palette,24,0,39.4,,2,0,339 340 341 342 343 344 345 346 347 348 349 350
m_hisui,713,↑からホバリング,704,follows-palette,7,0,39.3,,1,0,329 330 331 332 1446 1447 1448
m_hisui,714,足噴射,713,fixed-indexed,13,2,,2,0,0,1461 1462 1463 1464 1465 1466 1467 1468 1469 1470 1471 1472
m_hisui_m,20,ガードエフェクト,17 18 19 320 321 322,mixed-fixed,5,14,,2,0,0,415 416 417 418 419
m_hisui_m,21,バウンド,9,follows-palette,1,0,39.4,1,1,0,0
m_hisui_m,45,チェーンソード,3,follows-palette,3,0,28.7,1,0,0,60 61 62
m_hisui_m,49,目の光り,50,fixed-indexed,1,4,,2,0,0,1426
m_hisui_m,57,電撃★エフェクト,55,mixed-fixed,22,14,,2,0,2,1369 1370 1371 1372 1373 1374 1375 1376 1377 1378 1379 1380
m_hisui_m,60,屈大セイバー　軌跡,6 441,mixed-fixed,13,14,,2,0,0,106 107 108 109 110 111 112 113 114 115 116 117
m_hisui_m,72,,71 440,mixed-fixed,13,14,,2,0,0,897 898 899 900 901 902 903 904 905 906 907 908
m_hisui_m,74,☆,8 442,mixed-fixed,12,14,,2,0,0,141 142 143 144 145 146 147 148 149 150 151 152
m_hisui_m,90,空中ダッシュブースト炎,77,rgb,6,1,,2,0,0,1516 1517 1518 1519 1520 1521
m_hisui_m,95,空中ダッシュの炎,77,rgb,6,1,,2,0,0,1516 1517 1518 1519 1520 1521
m_hisui_m,110,仮組み,,mixed-follows+fixed,25,-10,39.4,,21,5,275 276 277 278 279 280 281 389 398 399 400 401
m_hisui_m,111,いくぞ友よ156,50,follows-palette,2,0,39.4,1,0,0,0 1
m_hisui_m,112,スイープモード114,50,follows-palette,2,0,39.4,1,0,0,0 1
m_hisui_m,113,メカくん、やっとく90,50,follows-palette,2,0,39.4,1,0,0,0 1
m_hisui_m,114,もろとも殲滅108,50,follows-palette,2,0,39.4,1,0,0,0 1
m_hisui_m,115,殲滅シマスヨ111,50,follows-palette,2,0,39.4,1,0,0,0 1
m_hisui_m,179,飛行部分,180,follows-palette,2,0,39.4,,0,2,1 1458
m_hisui_m,183,足噴射,181,fixed-indexed,13,4,,2,0,0,1461 1462 1463 1464 1465 1466 1467 1468 1469 1470 1471 1472
m_hisui_m,184,噴射,181,fixed-indexed,15,4,,2,0,0,1475 1476 1477 1478 1479 1480 1481 1482 1483 1484 1485 1486
m_hisui_m,185,,181,mixed-fixed,8,14,,2,0,0,1490 1491 1492 1493 1494 1495 1496 1497
m_hisui_m,186,足噴射,,fixed-indexed,13,4,,2,0,0,1461 1462 1463 1464 1465 1466 1467 1468 1469 1470 1471 1472
m_hisui_m,187,飛行中噴射 左,179,fixed-indexed,5,4,,2,0,0,1508 1509 1510 1511 1512
m_hisui_m,188,飛行中噴射 右,179,fixed-indexed,5,4,,2,0,0,1508 1509 1510 1511 1512
m_hisui_m,189,飛行中噴射 停止部分,180 711,fixed-indexed,2,4,,2,0,0,1459 1460
m_hisui_m,190,,179,rgb,10,1,,2,0,0,1498 1499 1500 1501 1502 1503 1504 1505 1506 1507
m_hisui_m,191,,179,rgb,10,1,,2,0,0,1498 1499 1500 1501 1502 1503 1504 1505 1506 1507
m_hisui_m,192,,,fixed-indexed,2,4,,2,0,0,1459 1460
m_hisui_m,201,,204 205,follows-palette,14,0,39.3,1,2,2,306 307 308 309 310 311 312 313 314 315 316 317
m_hisui_m,203,よびだしS,200,follows-palette,2,0,39.3,1,0,0,285 286
m_hisui_m,204,よびだし,200,follows-palette,2,0,39.3,1,0,0,285 286
m_hisui_m,205,呼び出しS地上,200,follows-palette,2,0,39.3,1,0,0,285 286
m_hisui_m,218,,203 204,follows-palette,2,0,39.3,,0,0,1207 1208
m_hisui_m,219,,203 204,follows-palette,2,0,39.3,,0,0,1209 1210
m_hisui_m,220,,203,follows-palette,2,0,43.8,,0,0,1211 1212
m_hisui_m,225,ジェットスクランダー,203,follows-palette,2,0,43.8,1,0,1,1203 1204
m_hisui_m,226,,203,follows-palette,2,0,39.7,1,0,1,1205 1206
m_hisui_m,227,ジェットスクランダー噴射,,rgb,9,1,,2,0,0,1231 1232 1233 1234 1235 1236 1237 1238 1239
m_hisui_m,228,,,rgb,9,1,,2,0,0,1231 1232 1233 1234 1235 1236 1237 1238 1239
m_hisui_m,252,,253 254,follows-palette,21,0,39.4,,13,0,0 367 368 369 370 371 372 373 374 375 376 377
m_hisui_m,274,電撃★エフェクト,272 273,mixed-fixed,12,14,,2,0,0,1369 1370 1371 1382 1383 1384 1385 1386 1387 1388 1389 1390
m_hisui_m,395,本体のやられでネコを止める,400 401 420 421 422 430,follows-palette,3,0,39.4,1,1,0,0 1 4
m_hisui_m,396,本体のやられ＆ガード,432,follows-palette,3,0,39.4,1,1,0,0 1 4
m_hisui_m,403,　メカネコビーム,402,nosprite,0,,,,0,8,
m_hisui_m,404,　影,402,mixed-follows+fixed,7,014,39.4,1 3,0,0,0 707 708 709 710 711 712
m_hisui_m,413,電撃 エフェクト,410,mixed-fixed,24,14,,2,0,0,1123 1124 1125 1126 1127 1128 1129 1130 1131 1132 1133 1134
m_hisui_m,414,,411,mixed-fixed,24,14,,2,0,0,1123 1124 1125 1126 1127 1128 1129 1130 1131 1132 1133 1134
m_hisui_m,415,,412,mixed-fixed,24,14,,2,0,0,1123 1124 1125 1126 1127 1128 1129 1130 1131 1132 1133 1134
m_hisui_m,423,爆発大,,mixed-fixed,18,14,,2,0,0,752 753 754 755 756 757 758 759 760 761 762 763
m_hisui_m,424,煙,420 421 422,fixed-indexed,16,4,,2,0,0,732 733 734 735 736 737 738 739 740 741 742 743
m_hisui_m,425,ロケパン用やっきょう,420 421 422,follows-palette,1,0,32.5,1,0,0,633
m_hisui_m,433,バリアエフェクト,430 431,mixed-fixed,43,14,,2,0,5,1024 1026 1028 1030 1032 1034 1036 1038 1040 1042 1044 1046
m_hisui_m,434,バリアエフェクト,431 432,mixed-fixed,62,14,,2,0,7,1024 1025 1026 1027 1028 1029 1030 1031 1032 1033 1034 1035
m_hisui_m,435,バリアエフェクト,432,mixed-fixed,40,14,,2,0,6,1024 1025 1026 1027 1028 1029 1030 1031 1032 1033 1034 1035
m_hisui_m,436,メカのやられをネコに伝える,430 431 432,follows-palette,2,0,39.4,1,0,0,0 4
m_hisui_m,437,位置ズレチェック36,430 431 432,follows-palette,2,0,39.4,1,1,0,0 1
m_hisui_m,438,　32,437,follows-palette,2,0,39.4,1,1,0,0 1
m_hisui_m,450,＠ジャンプ6大,,mixed-follows+fixed,14,-10,39.3,,11,3,398 399 400 401 402 403 404 405 1332 1333 1334 1335
m_hisui_m,474,マズルフラッシュ　小,3 410 411 412,mixed-follows+fixed,5,01,39.4,1 2,0,0,0 1298 1299 1300 1301
m_hisui_m,477,F大用やっきょう,3,follows-palette,8,0,33.3,1,0,0,1306 1307 1308 1309 1310 1311 1312 1313
m_hisui_m,478,地面の着弾,3 410 411 412,mixed-fixed,5,14,,2,0,0,1314 1315 1316 1317 1318
m_hisui_m,501,弱攻撃チェッカー　変数7,510,follows-palette,2,0,39.4,1,0,0,0 1
m_hisui_m,502,中攻撃チェッカー　変数7,510,follows-palette,2,0,39.4,1,0,0,0 1
m_hisui_m,503,大攻撃チェッカー　変数7,510,follows-palette,2,0,39.4,1,0,0,0 1
m_hisui_m,504,特大攻撃チェッカー　変数7,510,follows-palette,2,0,39.4,1,0,0,0 1
m_hisui_m,510,攻撃チェッカー呼び出し,500,follows-palette,1,0,39.4,1,0,0,0
m_hisui_m,515,向きチェッカー　変数8,500,follows-palette,3,0,39.4,1,0,0,0 1 2
m_hisui_m,542,ジャンプブレードEFF,8,mixed-fixed,4,14,,2,0,0,579 580 581 582
m_hisui_m,710,黒フェード,702,follows-palette,16,0,39.4,1,0,0,0 1 2 3 4 5 6 7 8 9 10 11
m_hisui_m,711,飛んでくるメカヒスイ,706,follows-palette,15,0,39.3,1,0,0,329 330 331 332 1438 1439 1440 1441 1442 1443 1444 1445
m_hisui_m,712,ジャンプインするメカ,705,follows-palette,24,0,39.4,,2,0,339 340 341 342 343 344 345 346 347 348 349 350
m_hisui_m,713,↑からホバリング,704,follows-palette,7,0,39.3,,0,0,329 330 331 332 1446 1447 1448
m_hisui_m,714,足噴射,713,fixed-indexed,13,4,,2,0,0,1461 1462 1463 1464 1465 1466 1467 1468 1469 1470 1471 1472
m_hisui_m,718,　ダミー,717,follows-palette,16,0,39.4,,0,0,0 1 2 3 4 5 6 7 8 9 10 11
m_hisui_m,725,敵側につくダミー,724,follows-palette,16,0,39.4,,1,0,0 1 2 3 4 5 6 7 8 9 10 11
m_hisui_m,727,,726,follows-palette,3,0,48.6,,0,0,970 971 972
m_hisui_m,728,,727,rgb,3,1,,2,0,0,976 977 978
m_hisui_p,20,ガードエフェクト,320 321 322 325 330 331,nosprite,0,,,,0,0,
m_hisui_p,45,チェーンソード,518 519,follows-palette,3,0,28.7,1,0,0,60 61 62
m_hisui_p,49,目の光り,50,fixed-indexed,1,2,,2,0,0,1426
m_hisui_p,57,電撃★エフェクト,,mixed-fixed,22,12,,2,0,1,1369 1370 1371 1372 1373 1374 1375 1376 1377 1378 1379 1380
m_hisui_p,60,屈大セイバー　軌跡,500,mixed-fixed,13,12,,2,0,0,106 107 108 109 110 111 112 113 114 115 116 117
m_hisui_p,61,,,mixed-fixed,13,12,,2,0,0,106 107 108 109 110 111 112 113 114 115 116 117
m_hisui_p,72,,,mixed-fixed,13,12,,2,0,0,897 898 899 900 901 902 903 904 905 906 907 908
m_hisui_p,74,☆,,mixed-fixed,12,12,,2,0,0,141 142 143 144 145 146 147 148 149 150 151 152
m_hisui_p,95,,77,rgb,6,1,,2,0,0,1516 1517 1518 1519 1520 1521
m_hisui_p,98,フレイムビジット　飛び道具部分,73 516 518,follows-palette,1,0,42.1,1,0,0,165
m_hisui_p,99,,73 516 518,mixed-fixed,49,12,,2,0,13,166 167 168 169 170 171 172 173 174 175 176 177
m_hisui_p,100,,73 516 518,fixed-indexed,50,2,,2,0,0,215 216 217 218 219 220 221 222 223 224 225 226
m_hisui_p,101,地面の火の粉,102,fixed-indexed,4,2,,2,0,0,770 771 772 773
m_hisui_p,102,火の粉出し関数,,fixed-indexed,2,2,,2,0,0,770 771
m_hisui_p,110,飛びさるスクランダー　前,75,follows-palette,1,0,50.5,,0,0,920
m_hisui_p,111,その炎,75 116,fixed-indexed,3,2,,2,0,0,923 924 925
m_hisui_p,112,,112,fixed-indexed,37,2,,2,0,0,926 927 928 929 930 931 932 933 934 935 936 937
m_hisui_p,113,飛びさるスクランダー　後,76,follows-palette,1,0,50.5,,0,0,973
m_hisui_p,114,,76 117,rgb,3,1,,2,0,0,976 977 978
m_hisui_p,115,,115,fixed-indexed,37,2,,2,0,0,979 980 981 982 983 984 985 986 987 988 989 990
m_hisui_p,116,,79 87 630,follows-palette,3,0,48.6,,0,1,917 918 919
m_hisui_p,117,,80 90 631,follows-palette,3,0,48.6,,0,1,970 971 972
m_hisui_p,123,電撃★エフェクト,122,mixed-fixed,22,12,,2,0,1,1369 1370 1371 1372 1373 1374 1375 1376 1377 1378 1379 1380
m_hisui_p,124,バリアエフェクト,120,mixed-fixed,21,12,,2,0,4,1024 1026 1028 1030 1032 1034 1036 1038 1040 1042 1044 1046
m_hisui_p,125,バリアエフェクト,121,mixed-fixed,40,12,,2,0,3,1024 1025 1026 1027 1028 1029 1030 1031 1032 1033 1034 1035
m_hisui_p,126,バリアエフェクト,122,mixed-fixed,40,12,,2,0,1,1024 1025 1026 1027 1028 1029 1030 1031 1032 1033 1034 1035
m_hisui_p,134,,174 175 176 196 516 517,follows-palette,1,0,44.5,1,0,0,1246
m_hisui_p,138,,152,nosprite,0,,,,0,0,
m_hisui_p,139,,152,nosprite,0,,,,0,0,
m_hisui_p,142,爆発,,mixed-fixed,18,12,,2,0,0,752 753 754 755 756 757 758 759 760 761 762 763
m_hisui_p,145,爆発大,,mixed-fixed,18,12,,2,0,0,752 753 754 755 756 757 758 759 760 761 762 763
m_hisui_p,147,電撃 エフェクト,143,mixed-fixed,24,12,,2,0,0,1123 1124 1125 1126 1127 1128 1129 1130 1131 1132 1133 1134
m_hisui_p,148,,144,mixed-fixed,24,12,,2,0,0,1123 1124 1125 1126 1127 1128 1129 1130 1131 1132 1133 1134
m_hisui_p,149,,146,mixed-fixed,24,12,,2,0,0,1123 1124 1125 1126 1127 1128 1129 1130 1131 1132 1133 1134
m_hisui_p,154,小ミサイル,150,mixed-follows+fixed,22,012,54.0,2,0,1,728 729 730 731 752 753 754 755 756 757 758 759
m_hisui_p,155,,151,mixed-follows+fixed,22,012,54.0,2,0,1,728 729 730 731 752 753 754 755 756 757 758 759
m_hisui_p,156,,151 194,mixed-follows+fixed,22,012,54.0,2,0,1,728 729 730 731 752 753 754 755 756 757 758 759
m_hisui_p,157,煙,150 151 194,fixed-indexed,16,2,,2,0,0,732 733 734 735 736 737 738 739 740 741 742 743
m_hisui_p,158,炎,154 155 156 459,fixed-indexed,3,2,,2,0,0,749 750 751
m_hisui_p,164,レーザー,160 378 379 410 616,nosprite,0,,,,0,1,
m_hisui_p,165,,161 379 410,nosprite,0,,,,0,1,
m_hisui_p,166,,162,nosprite,0,,,,0,4,
m_hisui_p,167,影,160 161 378 379 410 616,mixed-follows+fixed,7,012,39.4,1 3,0,0,0 701 702 703 704 705 706
m_hisui_p,168,,162,mixed-follows+fixed,7,012,39.4,1 3,0,0,0 707 708 709 710 711 712
m_hisui_p,170,火炎放射,172,mixed-fixed,50,12,,2,0,6,770 771 772 773 774 775 776 777 778 779 780 781
m_hisui_p,171,,172,fixed-indexed,50,2,,2,0,0,820 821 822 823 824 825 826 827 828 829 830 831
m_hisui_p,179,飛行部分,180,follows-palette,2,0,39.4,,0,2,1 1458
m_hisui_p,183,足噴射,181,fixed-indexed,13,2,,2,0,0,1461 1462 1463 1464 1465 1466 1467 1468 1469 1470 1471 1472
m_hisui_p,184,噴射,181,fixed-indexed,15,2,,2,0,0,1475 1476 1477 1478 1479 1480 1481 1482 1483 1484 1485 1486
m_hisui_p,185,,181,mixed-fixed,8,12,,2,0,0,1490 1491 1492 1493 1494 1495 1496 1497
m_hisui_p,186,足噴射,,fixed-indexed,13,2,,2,0,0,1461 1462 1463 1464 1465 1466 1467 1468 1469 1470 1471 1472
m_hisui_p,187,飛行中噴射 左,179,fixed-indexed,5,2,,2,0,0,1508 1509 1510 1511 1512
m_hisui_p,188,飛行中噴射 右,179,fixed-indexed,5,2,,2,0,0,1508 1509 1510 1511 1512
m_hisui_p,189,飛行中噴射 停止部分,180 711,fixed-indexed,2,2,,2,0,0,1459 1460
m_hisui_p,190,,179,rgb,10,1,,2,0,0,1498 1499 1500 1501 1502 1503 1504 1505 1506 1507
m_hisui_p,191,,179,rgb,10,1,,2,0,0,1498 1499 1500 1501 1502 1503 1504 1505 1506 1507
m_hisui_p,192,,,fixed-indexed,2,2,,2,0,0,1459 1460
m_hisui_p,214,,213,follows-palette,25,0,39.4,,12,0,334 335 336 337 338 367 368 369 370 371 372 373
m_hisui_p,216,,215,rgb,9,1,,2,0,0,1231 1232 1233 1234 1235 1236 1237 1238 1239
m_hisui_p,227,ジェットスクランダー噴射,,rgb,9,1,,2,0,0,1231 1232 1233 1234 1235 1236 1237 1238 1239
m_hisui_p,228,,,rgb,9,1,,2,0,0,1231 1232 1233 1234 1235 1236 1237 1238 1239
m_hisui_p,230,,175 517,mixed-follows+fixed,2,02,39.4,1 2,0,2,0 1426
m_hisui_p,231,,174 175 196 516 517 635,mixed-follows+fixed,2,02,39.4,1 2,0,2,0 1426
m_hisui_p,232,,174 175 196 516 517 635,mixed-follows+fixed,2,02,39.4,1 2,0,2,0 1426
m_hisui_p,233,,174 175 196 516 517 635,mixed-follows+fixed,2,02,39.4,1 2,0,2,0 1426
m_hisui_p,234,,175 517,mixed-follows+fixed,2,02,39.4,1 2,0,2,0 1426
m_hisui_p,235,,176,fixed-indexed,1,2,,2,0,1,1426
m_hisui_p,239,時間切れたかし,248,follows-palette,4,0,15.1,,1,0,1529 1530 1531 1532
m_hisui_p,252,,253 254,follows-palette,21,0,39.4,,13,0,0 367 368 369 370 371 372 373 374 375 376 377
m_hisui_p,377,⇔レーザー,376 611,nosprite,0,,,,0,1,
m_hisui_p,383,レーザー,380 385 611 616 640,nosprite,0,,,1,0,0,
m_hisui_p,384,レーザー判定,383 641,follows-palette,2,0,39.4,1,0,14,0 4
m_hisui_p,385,Ｂビーム２回呼び出し,381,follows-palette,2,0,39.4,1,0,0,0 1
m_hisui_p,386,超レーザー,382,nosprite,0,,,1,0,0,
m_hisui_p,387,超レーザー判定,386,follows-palette,2,0,39.4,1,0,14,0 4
m_hisui_p,394,指EFF,390 391 392 550 612 617,rgb,8,1,,2,0,0,1247 1248 1249 1250 1251 1252 1253 1254
m_hisui_p,395,前ダッシュ,390,follows-palette,4,0,39.3,,1,1,306 307 308 432
m_hisui_p,399,空中,391 612 617 618,follows-palette,3,0,43.8,,2,2,432 1203 1204
m_hisui_p,400,噴射,399,rgb,9,1,,2,0,0,1231 1232 1233 1234 1235 1236 1237 1238 1239
m_hisui_p,402,,392,follows-palette,1,0,48.0,,0,0,1458
m_hisui_p,403,飛行中噴射 左,402,fixed-indexed,5,2,,2,0,0,1508 1509 1510 1511 1512
m_hisui_p,404,レーザージェネレータ,402,follows-palette,3,0,39.4,1,0,0,0 1 2
m_hisui_p,405,レーザージェネレータ,402,follows-palette,3,0,39.4,1,0,0,0 1 2
m_hisui_p,406,,404,nosprite,0,,,,0,1,
m_hisui_p,407,小ミサイル,405,mixed-follows+fixed,20,012,54.0,2,0,1,730 731 752 753 754 755 756 757 758 759 760 761
m_hisui_p,408,炎,407,fixed-indexed,3,2,,2,0,0,749 750 751
m_hisui_p,412,⇔レーザー,411,nosprite,0,,,,0,1,
m_hisui_p,413,⇔レーザー,411,nosprite,0,,,,0,1,
m_hisui_p,458,煙,460,fixed-indexed,16,2,,2,0,0,732 733 734 735 736 737 738 739 740 741 742 743
m_hisui_p,459,小ミサイル,460,mixed-follows+fixed,22,012,54.0,2,0,1,728 729 730 731 752 753 754 755 756 757 758 759
m_hisui_p,466,⇔レーザー,465,nosprite,0,,,,0,1,
m_hisui_p,474,マズルフラッシュ　小,620 621 622,mixed-follows+fixed,5,01,39.4,1 2,0,0,0 1298 1299 1300 1301
m_hisui_p,478,地面の着弾,620 621 622,mixed-fixed,5,12,,2,0,0,1314 1315 1316 1317 1318
m_hisui_p,480,→武器分岐,510,follows-palette,1,0,39.4,1,0,0,0
m_hisui_p,498,向き確認＋,499,follows-palette,3,0,39.4,1,0,0,0 1 2
m_hisui_p,513,向き確認　変数4,516 517,follows-palette,3,0,39.4,1,0,0,0 1 2
m_hisui_p,535,＠呼び出しダミー,530,follows-palette,1,0,39.4,,0,0,0
m_hisui_p,537,武器投げ終了で編集初期化,481 482 483,follows-palette,1,0,39.4,1,0,0,0
m_hisui_p,542,ジャンプブレードEFF,611 616,mixed-fixed,4,12,,2,0,0,579 580 581 582
m_hisui_p,551,相手の座標まで移動,550,follows-palette,2,0,39.4,1,0,0,0 1
m_hisui_p,552,空中,551,follows-palette,2,0,43.8,,0,1,1203 1204
m_hisui_p,553,噴射,552,rgb,9,1,,2,0,0,1231 1232 1233 1234 1235 1236 1237 1238 1239
m_hisui_p,556,捨てる武器,518,follows-palette,1,0,33.5,1,0,0,1274
m_hisui_p,557,→,518,follows-palette,1,0,46.9,1,1,1,1275
m_hisui_p,560,煙,518,fixed-indexed,16,2,,2,0,0,732 733 734 735 736 737 738 739 740 741 742 743
m_hisui_p,561,バックファイヤ炎,518,fixed-indexed,3,2,,2,0,4,749 750 751
m_hisui_p,562,くっつく炎,557,fixed-indexed,3,2,,2,0,0,749 750 751
m_hisui_p,563,爆発大,,mixed-fixed,18,12,,2,0,0,752 753 754 755 756 757 758 759 760 761 762 763
m_hisui_p,566,煙,518,fixed-indexed,34,2,,2,0,0,820 821 822 823 824 825 826 827 828 829 830 831
m_hisui_p,570,飛びさるスクランダー　前,516 520,follows-palette,1,0,50.5,,0,0,920
m_hisui_p,571,その炎,516 520 576,fixed-indexed,3,2,,2,0,0,923 924 925
m_hisui_p,573,飛びさるスクランダー　後,517 522,follows-palette,1,0,50.5,,0,0,973
m_hisui_p,574,,517 522 577,rgb,3,1,,2,0,0,976 977 978
m_hisui_p,576,,521 526,follows-palette,3,0,48.6,,0,1,917 918 919
m_hisui_p,577,,523 527,follows-palette,3,0,48.6,,0,1,970 971 972
m_hisui_p,613,レーザー,611,nosprite,0,,,1,0,0,
m_hisui_p,614,レーザー判定,613,follows-palette,2,0,39.4,1,0,7,0 4
m_hisui_p,625,電撃アーム　電撃 エフェクトＥＸ,622,mixed-follows+fixed,14,012,39.4,1 2,0,0,0 1124 1128 1130 1135 1136 1138 1140 1141 1142 1143 1144
m_hisui_p,626,電撃アーム　電撃 エフェクトB,621,mixed-follows+fixed,14,012,39.4,1 2,0,0,0 1124 1128 1130 1135 1136 1138 1140 1141 1142 1143 1144
m_hisui_p,627,電撃アーム　電撃 エフェクト,620,mixed-follows+fixed,14,012,39.4,1 2,0,0,0 1124 1128 1130 1135 1136 1138 1140 1141 1142 1143 1144
m_hisui_p,631,Ｂスクラン落下,612 617,follows-palette,20,0,43.8,1,3,0,335 336 337 338 373 374 375 376 377 378 379 381
m_hisui_p,632,煙,612 617,fixed-indexed,16,2,,2,0,0,732 733 734 735 736 737 738 739 740 741 742 743
m_hisui_p,633,爆発大,,mixed-fixed,18,12,,2,0,0,752 753 754 755 756 757 758 759 760 761 762 763
m_hisui_p,671,,661,mixed-fixed,13,12,,2,0,0,897 898 899 900 901 902 903 904 905 906 907 908
m_hisui_p,675,向きチェック　確認,550,follows-palette,2,0,39.4,1,0,0,0 1
m_hisui_p,710,黒フェード,702,follows-palette,16,0,39.4,1,0,0,0 1 2 3 4 5 6 7 8 9 10 11
m_hisui_p,711,飛んでくるメカヒスイ,706,follows-palette,15,0,39.3,1,0,0,329 330 331 332 1438 1439 1440 1441 1442 1443 1444 1445
m_hisui_p,712,ジャンプインするメカ,705,follows-palette,24,0,39.4,,2,0,339 340 341 342 343 344 345 346 347 348 349 350
m_hisui_p,713,↑からホバリング,704,follows-palette,7,0,39.3,,0,0,329 330 331 332 1446 1447 1448
m_hisui_p,714,足噴射,713,fixed-indexed,13,2,,2,0,0,1461 1462 1463 1464 1465 1466 1467 1468 1469 1470 1471 1472
m_hisui_p,717,指EFF,716,rgb,8,1,,2,0,0,1247 1248 1249 1250 1251 1252 1253 1254
m_hisui_p,718,爆発,716,mixed-fixed,18,12,,2,0,0,752 753 754 755 756 757 758 759 760 761 762 763
m_hisui_p,721,黒フェード,720,follows-palette,16,0,39.4,1,0,0,0 1 2 3 4 5 6 7 8 9 10 11
miyako,42,勝ち服,53,follows-palette,4,0,42.4,1,0,0,0 751 752 753
miyako,48,＿ｵﾆｰﾁｬﾝ口パク,50,follows-palette,3,0,19.9,1,0,0,715 716 718
miyako,77,,45 76 78 272 273,indexed-palette-constant,7,0,0.0,2,0,0,635 636 637 638 639 640 641
miyako,90,れんかんたいブレード１,132 154 155 156 157 170,fixed-indexed,5,2,,2,0,0,366 367 368 369 370
miyako,91,れんかんたいブレード２,132 154 155 156 157 170,fixed-indexed,8,2,,2,0,0,371 372 373 374 375 376 377 378
miyako,93,,150 151 152,fixed-indexed,5,2,,2,0,0,399 400 401 402 403
miyako,94,,185 186 187 189 190 426,rgb,5,1,,2,0,0,536 537 538 539 540
miyako,95,,185 186 187 189 190 426,mixed-fixed,12,12,,2,0,0,541 542 543 544 545 546 547 548 549 550 551 552
miyako,100,,119 120 276,fixed-indexed,5,2,,2,0,0,399 400 401 402 403
miyako,146,△かいちょうブレード,143 145 408 409 418 419,rgb,8,1,,2,0,0,510 511 512 513 514 515 516 517
miyako,163,飛び道具部分,160,follows-palette,1,0,42.4,1,0,2,0
miyako,164,,161,follows-palette,1,0,42.4,1,0,2,0
miyako,165,,162,follows-palette,1,0,42.4,1,0,3,0
miyako,196,,198 216,mixed-fixed,11,12,,2,0,0,593 594 595 596 597 598 599 600 601 602 603
miyako,197,,198 216,fixed-indexed,9,2,,2,0,0,584 585 586 587 588 589 590 591 592
miyako,201,,200,indexed-palette-constant,22,0,0.0,2,0,16,562 563 564 565 566 567 568 569 570 571 572 573
miyako,205,,204,indexed-palette-constant,22,0,0.0,2,0,16,562 563 564 565 566 567 568 569 570 571 572 573
miyako,370,踏みつけ着地エフェクト,140 447,fixed-indexed,8,4,,,0,3,492 493 494 495 496 497 498 499
miyako,371,肘落とし ブレード,411 412 413 414 415 416,rgb,4,1,,2,0,0,335 336 337 338
miyako,372,肘落とし 着地,411 412 413 414 415 416,mixed-fixed,11,12,,2,0,0,339 340 341 342 343 344 345 346 347 348 349
miyako,396,横とび蹴り EFF,,rgb,8,1,,2,0,0,510 511 512 513 514 515 516 517
miyako,401,両手パンチ用ブレード ↑,404,rgb,4,1,,2,0,0,622 623 624 625
miyako,402,両手パンチ用ブレード ↓,405,rgb,4,1,,2,0,0,314 315 316 317
miyako,420,△かいちょうブレード回転,407 417,rgb,8,1,,2,0,0,510 511 512 513 514 515 516 517
miyako,432,派生 EF,431,rgb,4,1,,2,0,0,445 446 447 448
miyako,433,派生 EF,431,mixed-fixed,11,14,,,0,0,449 450 451 452 453 454 455 456 457 458 459
miyako,436,214EX EFF,435,mixed-fixed,9,12,,2,0,0,481 482 483 484 485 486 487 488 489
miyako,448,飛び道具部分,445 446,follows-palette,1,0,42.4,1,0,1,0
miyako,710,とんでくる都古,707,follows-palette,22,0,44.5,,5,0,186 187 188 189 190 220 221 222 223 224 225 324
miyako,715,七夜呼び出し,710,follows-palette,1,0,42.4,1,1,0,0
nanaya,49,,50,follows-palette,5,0,30.9,1,1,0,0 1 2 3 4
nanaya,70,Ｊ大ブレード,8,mixed-fixed,7,-14,,2,0,0,134 135 136 138 139 140 141
nanaya,71,しゃがみ中２発目,45 46 440,fixed-indexed,9,4,,2,0,0,74 75 76 77 78 79 80 81 82
nanaya,72,立ち大,3,fixed-indexed,6,4,,2,0,0,102 103 104 105 106 107
nanaya,97,,95 96 275,fixed-indexed,7,4,,2,0,0,26 27 28 29 30 31 32
nanaya,98,,9 100 441,fixed-indexed,6,4,,2,0,0,151 152 153 154 155 156
nanaya,108,,111 472 475,fixed-indexed,7,4,,2,0,0,544 545 546 547 548 549 550
nanaya,109,,110,fixed-indexed,7,4,,2,0,0,551 552 553 554 555 556 557
nanaya,117,,115 451,follows-palette,1,0,30.9,1,0,0,504
nanaya,121,対空ブレード,225,nosprite,0,,,,0,0,
nanaya,126,サマーブレード,124 125,fixed-indexed,5,4,,2,0,0,765 766 767 768 769
nanaya,144,対空ブレード,118 119 120 140 141 412,fixed-indexed,8,4,,2,0,0,757 758 759 760 761 762 763 764
nanaya,158,ダッシュ煙,,fixed-indexed,17,4,,2,0,0,558 559 560 561 562 563 564 565 566 567 568 569
nanaya,159,,111 158 472 475,fixed-indexed,16,4,,2,0,0,575 576 577 578 579 580 581 582 583 584 585 586
nanaya,166,☆～179　百烈ＥＦ,181,fixed-indexed,8,4,,2,0,0,609 610 611 612 613 614 615 616
nanaya,167,,181,fixed-indexed,8,4,,2,0,0,617 618 619 620 621 622 623 624
nanaya,168,,181,fixed-indexed,8,4,,2,0,0,625 626 627 628 629 630 631 632
nanaya,169,,181,fixed-indexed,8,4,,2,0,0,633 634 635 636 637 638 639 640
nanaya,170,,181,fixed-indexed,8,4,,2,0,0,641 642 643 644 645 646 647 648
nanaya,171,,181,fixed-indexed,8,4,,2,0,0,649 650 651 652 653 654 655 656
nanaya,172,,181,fixed-indexed,8,4,,2,0,0,657 658 659 660 661 662 663 664
nanaya,173,,181,fixed-indexed,8,4,,2,0,0,665 666 667 668 669 670 671 672
nanaya,174,,181,fixed-indexed,8,4,,2,0,0,673 674 675 676 677 678 679 680
nanaya,175,,181,fixed-indexed,11,4,,2,0,0,681 682 683 684 685 686 687 688 689 690 691
nanaya,176,,181,fixed-indexed,11,4,,2,0,0,692 693 694 695 696 697 698 699 700 701 702
nanaya,177,,181,fixed-indexed,11,4,,2,0,0,703 704 705 706 707 708 709 710 711 712 713
nanaya,178,,181,fixed-indexed,11,4,,2,0,0,703 704 705 706 707 708 709 710 711 712 713
nanaya,179,,181,mixed-follows+fixed,13,04,32.3,1 2,0,0,0 713 714 715 716 717 718 719 720 721 722 723
nanaya,181,百裂エフェクト呼び出し,99 102 160 161 162 340,follows-palette,1,0,32.3,,0,0,0
nanaya,202,１ヒット,198 199,follows-palette,1,0,32.3,2,0,2,0
nanaya,203,２ヒット,199 200,follows-palette,1,0,32.3,2,0,3,0
nanaya,204,１ヒット画面エフェクト,198,fixed-indexed,10,4,,2,0,0,172 173 174 175 176 177 178 179 180 181
nanaya,205,２ヒット画面エフェクト,,fixed-indexed,10,4,,2,0,0,182 183 184 185 186 187 188 189 190 191
nanaya,206,,199 200,follows-palette,30,0,30.9,1,0,0,853 854 855 856 857 858 859 860 861 862 863 864
nanaya,208,下段１ヒット,207,follows-palette,1,0,32.3,2,0,2,0
nanaya,213,,212 214,mixed-fixed,12,-114,,2,0,0,932 933 934 935 936 937 938 939 940 941 942 943
nanaya,214,,210,follows-palette,7,0,32.6,,0,1,910 911 912 913 914 915 916
nanaya,215,,210,fixed-indexed,15,4,,2,0,0,917 918 919 920 921 922 923 924 925 926 927 928
nanaya,217,,210,follows-palette,3,0,30.0,1,0,0,904 905 906
nanaya,230,ブレード 現在消去中,3 226 495,follows-palette,6,0,30.9,2,0,0,781 782 783 784 785 786
nanaya,231,,224,fixed-indexed,8,4,,2,0,0,757 758 759 760 761 762 763 764
nanaya,232,,223,follows-palette,5,0,30.9,2,0,0,747 748 749 750 751
nanaya,277,　生空中投げダミー,273,follows-palette,2,0,32.5,1,0,1,973 974
nanaya,381,シールドカウンターブレード,341,fixed-indexed,11,4,,2,0,0,977 978 979 980 981 982 983 984 985 986 987
nanaya,382,,341,mixed-fixed,13,14,,,0,0,988 989 990 991 992 993 994 995 996 997 998 999
nanaya,400,1.2横蹴りブレード,410 487,fixed-indexed,8,4,,2,0,0,757 758 759 760 761 762 763 764
nanaya,401,横蹴りブレード,125 395 408 409 485 486,fixed-indexed,8,4,,2,0,0,757 758 759 760 761 762 763 764
nanaya,402,サマソブレード,396,fixed-indexed,5,4,,2,0,0,765 766 767 768 769
nanaya,403,かかとブレード,390,fixed-indexed,6,4,,2,0,0,794 795 796 797 798 799
nanaya,404,連携３段目用ブレード？,399,fixed-indexed,4,4,,2,0,0,844 845 846 847
nanaya,406,アークドライブ新EFF,199 200,rgb,5,1,,2,0,0,193 194 195 196 197
nanaya,407,,199 200 207,rgb,5,1,,2,0,0,198 199 200 201 202
nanaya,420,△１段目ブレード,426 470 473,fixed-indexed,4,4,,2,0,0,484 485 486 487
nanaya,421,△２段目ブレード,428 471 474,fixed-indexed,4,4,,2,0,0,488 489 490 491
nanaya,452,△斜め残像,450 451,follows-palette,1,0,35.8,1,0,0,526
nanaya,456,0.8サマーブレード,455,fixed-indexed,5,4,,2,0,0,765 766 767 768 769
nanaya,502,相手の背後まで移動する,500,follows-palette,10,0,30.9,1,0,0,0 503 504 517 518 519 520 521 522 523
nanaya,710,黒フェード用,702,follows-palette,7,0,32.3,1,0,0,0 3 4 5 6 7 8
nechaos,47,,13,fixed-indexed,5,4,,2,0,0,158 159 160 161 162
nechaos,74,,70 71 72 107 145,rgb,6,1,,1 2,0,0,237 238 239 240 241 242
nechaos,75,,,fixed-indexed,32,4,,2,0,0,243 244 245 246 247 248 249 250 251 252 253 254
nechaos,76,後ろ炎 煙なし,154 155 156,rgb,6,1,,1 2,0,0,237 238 239 240 241 242
nechaos,81,,80,rgb,37,3,,,0,0,431 432 433 434 435 436 437 438 439 440 441 442
nechaos,94,ビーム,,rgb,16,3,,,0,8,485 486 487 488 489 490 491 492 493 494 495 496
nechaos,95,,,rgb,15,3,,,0,3,501 502 503 504 505 506 507 508 509 510 511 512
nechaos,96,,105,rgb,50,3,,,0,5,516 517 518 519 520 521 522 523 524 525 526 527
nechaos,100,ジェットアッパー,,mixed-follows+fixed,23,-10,35.5,1,4,0,114 132 133 134 135 136 142 143 144 145 474 475
nechaos,101,,100,follows-palette,15,0,19.5,,0,0,824 825 826 827 828 829 830 831 832 833 834 835
nechaos,102,,101,follows-palette,4,0,33.6,,0,0,839 840 841 842
nechaos,104,,,mixed-fixed,19,14,,2,0,0,805 806 807 808 809 810 811 812 813 814 815 816
nechaos,106,,,mixed-follows+fixed,15,-10,35.5,,0,0,468 469 470 471 472 473 474 475 476 477 478 479
nechaos,109,地面もぐり,,mixed-follows+fixed,15,-10,35.5,,2,0,468 469 470 471 472 473 474 475 476 477 478 479
nechaos,110,地面もぐり,,mixed-follows+fixed,15,-10,35.5,,2,0,468 469 470 471 472 473 474 475 476 477 478 479
nechaos,111,,,mixed-follows+fixed,15,-10,35.5,,2,0,468 469 470 471 472 473 474 475 476 477 478 479
nechaos,113,,112,rgb,31,1,,,0,13,629 630 631 632 633 634 635 636 637 638 639 640
nechaos,114,地面もぐり煙,100 109 110 111 141 496,follows-palette,3,0,30.9,1,0,0,9 157 1049
nechaos,115,,109 110 111,follows-palette,40,0,31.6,1,0,0,157 744 745 746 747 748 749 750 751 752 753 754
nechaos,116,,114,follows-palette,1,0,30.9,1,0,0,157
nechaos,122,とびねこ,,mixed-follows+fixed,13,-10,35.5,,0,1,474 475 476 477 478 479 480 481 482 567 568 569
nechaos,123,とびねこよびだし,120,follows-palette,5,0,35.5,1,0,0,0 1 2 3 4
nechaos,124,噴射,122 125 126 127 128 129,fixed-indexed,33,4,,2,0,0,574 575 576 577 578 579 580 581 582 583 584 585
nechaos,125,とびねこ,123 137,mixed-follows+fixed,13,-10,35.5,,0,1,474 475 476 477 478 479 480 481 482 567 568 569
nechaos,126,,123 137,mixed-follows+fixed,13,-10,35.5,,0,1,474 475 476 477 478 479 480 481 482 567 568 569
nechaos,127,,123 137,mixed-follows+fixed,13,-10,35.5,,0,1,474 475 476 477 478 479 480 481 482 567 568 569
nechaos,128,,123 137,mixed-follows+fixed,13,-10,35.5,,0,1,474 475 476 477 478 479 480 481 482 567 568 569
nechaos,129,,123 137,mixed-follows+fixed,13,-10,35.5,,0,1,474 475 476 477 478 479 480 481 482 567 568 569
nechaos,130,地面けむり,125 126 127 128 129 214,fixed-indexed,15,4,,2,0,0,607 608 609 610 611 612 613 614 615 616 617 618
nechaos,134,井戸よびだし,133,follows-palette,5,0,35.5,1,0,0,0 1 2 3 4
nechaos,135,井戸,134,follows-palette,2,0,28.1,1,0,0,0 683
nechaos,136,井戸手前,135,follows-palette,1,0,35.5,,0,0,0
nechaos,137,井戸の中呼び出し,135,follows-palette,5,0,35.5,1,0,0,0 1 2 3 4
nechaos,140,井戸から飛び出す,137,follows-palette,14,0,35.9,1,0,0,1 74 75 76 77 78 79 80 81 82 83 84
nechaos,141,終了地面もぐり,,mixed-follows+fixed,7,-10,31.0,,0,0,468 469 470 471 472 473 474
nechaos,149,,150,rgb,31,1,,,0,13,629 630 631 632 633 634 635 636 637 638 639 640
nechaos,153,とびねこ,151,follows-palette,11,0,35.9,,0,0,76 77 78 79 80 81 82 83 84 85 86
nechaos,154,,165,follows-palette,4,0,35.5,,1,1,233 234 235 236
nechaos,155,,165,follows-palette,4,0,35.5,,1,1,233 234 235 236
nechaos,156,,165,follows-palette,4,0,35.5,,1,1,233 234 235 236
nechaos,162,,159 161,mixed-follows+fixed,30,04,35.5,1 2,0,0,0 705 706 707 708 709 710 711 712 713 714 715
nechaos,163,,159 161,mixed-follows+fixed,16,01,35.5,1 2,0,1,0 690 691 692 693 694 695 696 697 698 699 700
nechaos,170,,168 169 275 276,mixed-fixed,8,14,,1,0,0,843 844 845 846 847 848 849 850
nechaos,171,,170,mixed-fixed,5,14,,1,0,0,850 851 852 853 854
nechaos,175,手,172 173,follows-palette,3,0,15.2,,0,1,663 664 665
nechaos,176,EX手,174 196,follows-palette,3,0,24.7,,1,0,660 661 662
nechaos,177,,172 173,follows-palette,3,0,15.2,1,0,2,663 664 665
nechaos,178,,174 196,follows-palette,3,0,24.7,1,2,0,660 661 662
nechaos,179,手EX〆,196,follows-palette,3,0,24.7,,0,2,660 661 662
nechaos,180,ドボンエフェクト,185 187 210 211 422 425,rgb,18,3,,1,0,0,892 894 896 898 900 902 904 906 908 910 912 914
nechaos,181,ドボンエフェクト,560,rgb,18,3,,1,0,0,892 894 896 898 900 902 904 906 908 910 912 914
nechaos,182,,166,nosprite,0,,,,0,0,
nechaos,185,鹿,151,follows-palette,33,0,19.6,,0,2,289 290 291 292 293 294 295 296 297 298 299 300
nechaos,186,カラス横,151,follows-palette,13,0,22.4,,0,1,324 326 327 328 329 330 331 332 333 334 335 347
nechaos,187,カラス上,151,follows-palette,10,0,22.4,1,0,1,322 323 326 327 328 329 330 346 350 351
nechaos,191,,190,follows-palette,4,0,32.3,,0,1,783 784 785 786
nechaos,192,,190,follows-palette,4,0,32.3,,0,1,783 784 785 786
nechaos,193,,190,follows-palette,4,0,32.3,,0,1,783 784 785 786
nechaos,203,井戸,223,follows-palette,1,0,13.4,1,0,0,683
nechaos,204,ねこ大,203,follows-palette,4,0,18.5,1,0,1,686 687 688 689
nechaos,210,,206 207,follows-palette,4,0,22.4,1,0,3,322 323 346 351
nechaos,211,EX用,208,follows-palette,4,0,22.4,1,0,4,322 323 346 351
nechaos,213,新ねこジェネレータ,152,follows-palette,3,0,35.5,1,0,0,0 1 2
nechaos,214,新ねこ１,213,follows-palette,4,0,18.5,1,0,4,686 687 688 689
nechaos,215,新ねこ２,213,follows-palette,4,0,18.5,1,0,4,686 687 688 689
nechaos,216,新ねこ３,213,follows-palette,4,0,18.5,1,0,4,686 687 688 689
nechaos,219,奥鎖,221 224,nosprite,0,,,,0,0,
nechaos,220,手前鎖,221,nosprite,0,,,,0,0,
nechaos,221,つかみ判定,200,follows-palette,1,0,35.5,1,0,1,2
nechaos,222,,221,follows-palette,2,0,35.5,1,0,1,0 2
nechaos,223,,224,follows-palette,2,0,35.5,1,0,1,0 2
nechaos,224,つかみBH,201,follows-palette,1,0,35.5,1,0,1,2
nechaos,225,手前鎖BH,224,nosprite,0,,,,0,0,
nechaos,231,判定,228,follows-palette,2,0,30.2,1,0,1,787 788
nechaos,232,EX判定,229,follows-palette,2,0,25.9,1,0,1,789 790
nechaos,233,百鬼夜行,232,follows-palette,2,0,25.9,,0,0,789 790
nechaos,234,ロケット炎,232,rgb,2,1,,2,0,0,793 794
nechaos,235,ネコ集団,231 232,follows-palette,2,0,30.2,,0,0,787 788
nechaos,236,,235,fixed-indexed,2,4,,,0,1,791 792
nechaos,237,,232,follows-palette,2,0,35.3,,0,0,783 784
nechaos,284,ビーム,90,nosprite,0,,,2,0,6,
nechaos,285,,91,nosprite,0,,,2,0,5,
nechaos,286,,92,nosprite,0,,,2,0,16,
nechaos,375,,1 370,fixed-indexed,4,4,,2,0,0,202 203 204 205
nechaos,376,,371,fixed-indexed,4,4,,2,0,0,206 207 208 209
nechaos,377,,372,fixed-indexed,4,4,,2,0,0,210 211 212 213
nechaos,405,カラス横,400,follows-palette,13,0,22.4,,0,1,324 326 327 328 329 330 331 332 333 334 335 347
nechaos,406,カラス横,401,follows-palette,13,0,22.4,,0,1,324 326 327 328 329 330 331 332 333 334 335 347
nechaos,407,カラス横,402,follows-palette,13,0,22.4,,0,2,324 326 327 328 329 330 331 332 333 334 335 347
nechaos,412,＿やられチェッカー,417,follows-palette,2,0,35.5,1,1,0,0 1
nechaos,415,カオスをつかむカラス（親）,410,follows-palette,5,0,21.2,,1,0,326 327 328 329 330
nechaos,418,カラス見た目ダミー,417,follows-palette,5,0,21.2,,0,0,326 327 328 329 330
nechaos,419,ネコカつかまれダミー,417,follows-palette,6,0,35.5,,0,0,80 81 382 383 384 385
nechaos,421,鹿開始・位置コピペ,420,follows-palette,28,0,19.6,,2,2,289 290 291 292 293 294 295 296 297 298 299 300
nechaos,423,シカにのる,421,follows-palette,9,0,30.9,,0,0,154 155 156 157 477 478 479 480 481
nechaos,436,カラス横,435,follows-palette,10,0,22.4,,0,0,326 327 328 329 330 331 332 333 334 335
nechaos,445,EXシカの音声,420,follows-palette,5,0,35.5,1,0,0,0 1 2 3 4
nechaos,451,鹿,450,follows-palette,33,0,19.6,,0,2,289 290 291 292 293 294 295 296 297 298 299 300
nechaos,456,鹿,455,follows-palette,33,0,19.6,,0,2,289 290 291 292 293 294 295 296 297 298 299 300
nechaos,460,＿ボタン入力チェッカー,417,follows-palette,4,0,35.5,1,0,0,0 1 2 80
nechaos,461,＿端チェッカー,417,follows-palette,2,0,35.5,1,0,0,0 2
nechaos,470,空中下ビーム,460,nosprite,0,,,2,0,4,
nechaos,471,空中横ビーム,460,nosprite,0,,,2,0,5,
nechaos,481,カラス上,480,follows-palette,10,0,22.4,1,0,2,322 323 326 327 328 329 330 346 350 351
nechaos,486,カラス上,485,follows-palette,10,0,22.4,1,0,1,322 323 326 327 328 329 330 346 350 351
nechaos,495,よどみ,498,rgb,16,3,,1,0,0,932 934 936 938 940 946 948 950 952 954 956 958
nechaos,496,ワニ投げ,,mixed-follows+fixed,23,-10,35.5,1,4,1,114 132 133 134 135 136 142 143 144 145 474 475
nechaos,498,＠もぐって投げ,,mixed-follows+fixed,24,-10,35.9,,2,2,468 469 470 471 472 473 474 475 476 477 478 479
nechaos,501,投げカラス,498 499 500,follows-palette,9,0,20.1,1,0,1,883 884 885 886 887 888 889 890 891
nechaos,502,4,501,follows-palette,5,0,22.4,,0,1,325 327 328 329 330
nechaos,503,0,501,follows-palette,5,0,21.2,,0,0,326 327 328 329 330
nechaos,504,1,501,follows-palette,5,0,21.2,,0,0,326 327 328 329 330
nechaos,505,2,501,follows-palette,5,0,21.2,,0,0,326 327 328 329 330
nechaos,506,3,501,follows-palette,5,0,21.2,,0,0,326 327 328 329 330
nechaos,507,6,501,follows-palette,5,0,22.4,,0,1,325 327 328 329 330
nechaos,508,7,501,follows-palette,5,0,22.4,,0,1,325 327 328 329 330
nechaos,525,ライダーダミー,515 516 517,follows-palette,1,0,35.5,,0,0,183
nechaos,526,ドロドロでるまで,515 516 517,fixed-indexed,20,4,,1,0,0,991 992 993 994 995 996 997 998 999 1000 1001 1002
nechaos,527,ドロドロループ,515 516,fixed-indexed,19,4,,1,0,2,1011 1012 1013 1014 1015 1016 1017 1018 1019 1020 1021 1022
nechaos,528,ドロドロ消える時,,fixed-indexed,13,4,,1,0,0,1017 1018 1019 1020 1021 1022 1023 1024 1025 1026 1027 1028
nechaos,529,ドロドロループ,517,fixed-indexed,19,4,,1,0,3,1011 1012 1013 1014 1015 1016 1017 1018 1019 1020 1021 1022
nechaos,530,EXゲロ音声,517,follows-palette,5,0,35.5,1,0,0,0 1 2 3 4
nechaos,531,ドロドロでるまでAB,515 516,fixed-indexed,20,4,,1,0,7,991 992 993 994 995 996 997 998 999 1000 1001 1002
nechaos,532,ドロドロループABとどめ,515 516,fixed-indexed,19,4,,1,0,1,1011 1012 1013 1014 1015 1016 1017 1018 1019 1020 1021 1022
nechaos,538,立ち振り向き,,mixed-follows+fixed,21,-10,35.5,1,5,0,87 88 89 90 91 92 93 94 163 164 469 470
nechaos,540,＠暫定もぐり,,mixed-follows+fixed,23,-10,35.5,1,7,0,87 88 89 90 91 92 93 94 468 469 470 471
nechaos,541,＠,,mixed-follows+fixed,25,-10,35.5,1,7,0,87 88 89 90 91 92 93 94 163 164 468 469
nechaos,542,＠,,mixed-follows+fixed,26,-10,35.5,1,7,0,87 88 89 90 91 92 93 94 95 96 97 468
nechaos,545,よどみ,538 540 541 542,rgb,16,3,,1,0,0,932 934 936 938 940 946 948 950 952 954 956 958
nechaos,546,ヘビ待機,548,fixed-indexed,12,4,,1,0,0,966 967 968 969 970 971 972 973 974 975 976 977
nechaos,547,ヘビ捕獲,548,mixed-fixed,13,14,,1,0,0,978 979 980 981 982 983 984 985 986 987 988 989
nechaos,548,色々判定,540 542,follows-palette,5,0,35.5,1,1,0,0 1 2 3 4
nechaos,560,ワニ,496,follows-palette,13,0,22.3,,0,1,862 863 864 865 866 867 868 869 870 871 872 873
nechaos,561,アリジゴク,541,follows-palette,8,0,19.5,,0,2,875 876 877 878 879 880 881 882
nechaos,574,ビームA EFF,564 565 570,nosprite,0,,,,0,14,
nechaos,575,ビームB EFF,566 571,nosprite,0,,,,0,14,
nechaos,576,ビームEX EFF,567 572,nosprite,0,,,,0,77,
nechaos,712,　黒フェードかぶせ,711,follows-palette,5,0,35.5,1,0,0,0 1 2 3 4
nechaos,721,　ダッシュ子,720,follows-palette,8,0,35.5,,0,0,60 61 62 63 64 65 66 67
neco,49,＿都古用音声,50,follows-palette,3,0,33.3,1,0,0,0 1 2
neco,67,強の足型,3,follows-palette,1,0,19.4,1,0,0,454
neco,74,,70 71 72 107 145,rgb,6,1,,1 2,0,0,177 178 179 180 181 182
neco,75,,,fixed-indexed,32,2,,2,0,0,183 184 185 186 187 188 189 190 191 192 193 194
neco,76,後ろ炎 煙なし,154 155 156,rgb,6,1,,1 2,0,0,177 178 179 180 181 182
neco,81,,80,mixed-fixed,37,12,,2,0,0,291 292 293 294 295 296 297 298 299 300 301 302
neco,82,ダミー判定,80,follows-palette,1,0,33.3,1,0,1,0
neco,94,ビーム,90,nosprite,0,,,2,0,12,
neco,95,,91,nosprite,0,,,2,0,10,
neco,96,,92 105,nosprite,0,,,2,0,18,
neco,102,,100 784,mixed-fixed,19,12,,2,0,0,644 645 646 647 648 649 650 651 652 653 654 655
neco,103,,100 784,follows-palette,1,0,19.4,1,0,0,643
neco,106,,,mixed-follows+fixed,15,-10,33.3,,0,0,328 329 330 331 332 333 334 335 336 337 338 339
neco,109,★地面もぐり,,mixed-follows+fixed,15,-10,33.3,,2,0,328 329 330 331 332 333 334 335 336 337 338 339
neco,110,★地面もぐり,,mixed-follows+fixed,15,-10,33.3,,2,0,328 329 330 331 332 333 334 335 336 337 338 339
neco,111,★,,mixed-follows+fixed,15,-10,33.3,,2,0,328 329 330 331 332 333 334 335 336 337 338 339
neco,113,,112,mixed-fixed,31,12,,2,0,13,408 409 410 411 412 413 414 415 416 417 418 419
neco,114,地面もぐり煙,109 110 111 115 141 390,follows-palette,3,0,31.9,1,0,0,9 159 704
neco,115,,109 110 111,mixed-follows+fixed,16,-10,33.3,1,0,0,159 328 329 330 331 332 333 334 335 336 337 338
neco,116,,114 391,follows-palette,1,0,34.1,1,0,0,159
neco,122,とびねこ,,mixed-follows+fixed,13,-10,33.3,,0,1,334 335 336 337 338 339 340 341 342 346 347 348
neco,123,とびねこよびだし,120,follows-palette,5,0,33.3,1,0,0,0 1 2 3 4
neco,124,噴射,122 125 126 127 128 129,fixed-indexed,33,2,,2,0,0,353 354 355 356 357 358 359 360 361 362 363 364
neco,125,とびねこ,123 137,mixed-follows+fixed,13,-10,33.3,,0,1,334 335 336 337 338 339 340 341 342 346 347 348
neco,126,,123 137,mixed-follows+fixed,13,-10,33.3,,0,1,334 335 336 337 338 339 340 341 342 346 347 348
neco,127,,123 137,mixed-follows+fixed,13,-10,33.3,,0,1,334 335 336 337 338 339 340 341 342 346 347 348
neco,128,,123 137,mixed-follows+fixed,13,-10,33.3,,0,1,334 335 336 337 338 339 340 341 342 346 347 348
neco,129,,123 137,mixed-follows+fixed,13,-10,33.3,,0,1,334 335 336 337 338 339 340 341 342 346 347 348
neco,130,地面けむり,125 126 127 128 129,fixed-indexed,15,2,,2,0,0,386 387 388 389 390 391 392 393 394 395 396 397
neco,134,井戸よびだし,133,follows-palette,5,0,33.3,1,0,0,0 1 2 3 4
neco,135,井戸,134,follows-palette,2,0,30.0,1,0,0,0 468
neco,136,井戸手前,135,follows-palette,1,0,33.3,,0,0,0
neco,137,井戸の中呼び出し,135,follows-palette,5,0,33.3,1,0,0,0 1 2 3 4
neco,140,井戸から飛び出す,137,follows-palette,14,0,33.3,1,0,0,1 76 77 78 79 80 81 82 83 84 85 86
neco,141,終了地面もぐり,,mixed-follows+fixed,7,-10,32.3,,0,0,328 329 330 331 332 333 334
neco,149,,150,mixed-fixed,31,12,,2,0,13,408 409 410 411 412 413 414 415 416 417 418 419
neco,153,とびねこ,151 429,follows-palette,11,0,33.3,,0,0,78 79 80 81 82 83 84 85 86 87 88
neco,154,,152,follows-palette,4,0,33.3,,2,2,173 174 175 176
neco,155,,152,follows-palette,4,0,33.3,,2,2,173 174 175 176
neco,156,,152,follows-palette,4,0,33.3,,2,2,173 174 175 176
neco,162,,159 161,mixed-follows+fixed,30,02,33.3,1 2,0,0,0 490 491 492 493 494 495 496 497 498 499 500
neco,163,,159 161,mixed-follows+fixed,16,01,33.3,1 2,0,1,0 475 476 477 478 479 480 481 482 483 484 485
neco,170,,168 169 275,rgb,8,1,,1,0,0,663 664 665 666 667 668 669 670
neco,171,,170,mixed-fixed,5,14,,1,0,0,670 671 672 673 674
neco,175,手,172 173,follows-palette,3,0,32.4,,0,1,442 443 444
neco,176,,174,follows-palette,3,0,13.7,,0,1,439 440 441
neco,177,,172 173,follows-palette,3,0,32.4,1,0,2,442 443 444
neco,178,,174,follows-palette,3,0,13.7,1,0,1,439 440 441
neco,179,手EX〆,174,follows-palette,3,0,13.7,,0,1,439 440 441
neco,185,,181,rgb,48,3,,,0,4,792 793 794 795 796 797 798 799 800 801 802 803
neco,186,,182,rgb,48,3,,,0,4,792 793 794 795 796 797 798 799 800 801 802 803
neco,187,,183,rgb,48,3,,,0,4,792 793 794 795 796 797 798 799 800 801 802 803
neco,203,井戸,223,follows-palette,1,0,22.6,1,0,0,468
neco,204,ねこ大,203,follows-palette,4,0,28.7,1,0,1,471 472 473 474
neco,219,奥鎖,221 224,nosprite,0,,,,0,0,
neco,220,手前鎖,221,nosprite,0,,,,0,0,
neco,221,つかみ判定,200,follows-palette,1,0,33.3,1,0,1,2
neco,222,,221,follows-palette,2,0,33.3,1,0,1,0 2
neco,223,,224,follows-palette,2,0,33.3,1,0,1,0 2
neco,224,つかみBH,201,follows-palette,1,0,33.3,1,0,1,2
neco,225,手前鎖BH,224,nosprite,0,,,,0,0,
neco,390,＠もぐって飛び出るA,,mixed-follows+fixed,17,-10,33.3,,5,1,79 80 81 82 83 84 85 86 87 88 328 329
neco,391,＠もぐって飛び出るB,,mixed-follows+fixed,17,-10,33.3,,5,1,79 80 81 82 83 84 85 86 87 88 328 329
neco,392,＠もぐって飛び出るC,,mixed-follows+fixed,17,-10,33.3,,5,1,79 80 81 82 83 84 85 86 87 88 328 329
neco,404,ビームA EFF,395 400,nosprite,0,,,,0,14,
neco,405,ビームB EFF,396 401,nosprite,0,,,,0,14,
neco,406,ビームEX EFF,397 402,nosprite,0,,,,0,76,
neco,414,よびだし,410 412,follows-palette,5,0,33.3,1,0,0,0 1 2 3 4
neco,415,421Ｂ３回予備,411,follows-palette,3,0,33.3,1,0,0,0 1 2
neco,417,もめん,414,follows-palette,15,0,8.3,1,0,0,585 586 587 588 589 590 591 592 593 594 595 596
neco,418,もめんライダー,417,follows-palette,3,0,33.3,,3,0,116 600 601
neco,419,おどる,414,follows-palette,13,0,33.3,1,3,0,80 81 82 83 84 85 86 87 88 116 583 584
neco,420,ダッシュねこ →,411 412 414 415,follows-palette,11,0,33.3,1,1,0,0 52 53 54 55 56 124 125 126 579 580
neco,421,ふきとび,418,follows-palette,5,0,34.2,1,0,1,124 125 126 579 580
neco,422,姫ねこ,414,follows-palette,4,0,27.2,1,0,0,532 533 534 535
neco,423,応援音声,419,follows-palette,1,0,33.3,1,0,0,0
neco,424,光の柱,422,mixed-fixed,39,12,,2,0,1,536 537 538 539 540 541 542 543 544 545 546 547
neco,425,もめんライト,417,fixed-indexed,1,2,,2,0,0,606
neco,429,呼び出しからさらに呼び出し,412,follows-palette,16,0,33.3,1,0,0,80 81 82 83 84 85 86 87 88 401 402 403
neco,720,黒フェード,712,follows-palette,1,0,24.2,1,0,0,701
neco,723,カニ関数　減らない,716,follows-palette,3,0,33.3,1,0,0,0 1 3
neco,725,カニ１,723 724,indexed-palette-constant,1,0,0.0,1,0,0,700
neco,726,カニ２,723 724,indexed-palette-constant,1,0,0.0,1,0,0,699
neco,727,カニ３,723 724,indexed-palette-constant,1,0,0.0,1,0,0,700
neco,730,倒れてるネコ,735,follows-palette,1,0,35.2,,0,0,144
neco,731,倒れてるネコ,735,follows-palette,1,0,34.2,,0,0,126
neco,732,倒れてるネコ,735,follows-palette,1,0,35.2,,0,0,144
neco,733,倒れてるネコ,735,follows-palette,1,0,34.2,,0,0,126
neco,735,倒れてる猫生成,714,follows-palette,5,0,33.3,1,0,0,0 1 2 3 4
neco,740,倒れてるネコ 影,730,follows-palette,1,0,35.2,1,0,0,144
neco,741,倒れてるネコ 影,731,follows-palette,1,0,34.2,1,0,0,126
neco,742,倒れてるネコ 影,732,follows-palette,1,0,35.2,1,0,0,144
neco,743,倒れてるネコ 影,733,follows-palette,1,0,34.2,1,0,0,126
neco,781,,,fixed-indexed,8,2,,2,0,0,393 394 395 396 397 398 399 400
neco_p,1,立ち弱攻撃,,mixed-fixed,2,-1,,,3,1,15 16
neco_p,2,立ち中攻撃,,mixed-follows+fixed,12,-10,29.0,,4,3,8 9 10 11 12 13 14 445 446 447 448 449
neco_p,3,立ち強攻撃,,mixed-follows+fixed,8,-10,29.6,,3,3,0 5 6 7 450 451 452 453
neco_p,4,しゃがみ弱攻撃,,mixed-fixed,2,-1,,,3,1,17 18
neco_p,5,しゃがみ中攻撃,,mixed-follows+fixed,7,-10,29.6,,3,2,0 19 20 21 22 729 730
neco_p,6,しゃがみ強攻撃,,mixed-fixed,5,-1,,,2,1,23 24 25 26 27
neco_p,7,ジャンプ弱攻撃,,mixed-follows+fixed,11,-10,29.6,,6,1,33 34 35 36 82 83 84 85 86 87 88
neco_p,8,ジャンプ中攻撃,,mixed-follows+fixed,13,-10,29.6,,6,1,37 38 39 40 41 42 82 83 84 85 86 87
neco_p,9,ジャンプ強攻撃,,mixed-follows+fixed,13,-10,29.6,,7,1,82 83 84 85 86 87 88 455 456 457 458 459
neco_p,20,,,mixed-fixed,4,-1,,,2,1,19 20 21 22
neco_p,37,後ろジャンプ,,mixed-follows+fixed,17,-10,29.6,,5,0,89 90 91 92 93 94 95 96 97 98 99 100
neco_p,40,後ろジャンプ二段目以降,,mixed-follows+fixed,15,-10,29.6,,3,0,91 92 93 94 95 96 97 98 99 100 101 102
neco_p,45,★空中なげ,,mixed-follows+fixed,17,-10,29.6,,5,1,28 29 30 31 32 82 83 84 85 86 87 88
neco_p,56,★さけ,,mixed-fixed,3,-1,,,1,0,264 265 266
neco_p,58,★空中ダッシュ,,mixed-follows+fixed,15,-10,29.6,,4,0,0 82 83 84 85 86 87 88 166 167 168 169
neco_p,59,★,,mixed-follows+fixed,15,-10,29.6,,5,0,0 82 83 84 85 86 87 88 166 167 168 169
neco_p,60,しゃがみあるき前,,mixed-fixed,2,-1,,,2,0,164 165
neco_p,61,しゃがみあるき後ろ,,mixed-fixed,2,-1,,,2,0,164 165
neco_p,63,ダッシュ,,mixed-follows+fixed,8,-10,29.0,,2,0,52 53 54 55 56 57 58 59
neco_p,64,バックステップ,,mixed-follows+fixed,7,-10,29.6,1,2,0,0 60 61 62 63 64 65
neco_p,66,,,mixed-fixed,5,-1,,,3,0,166 167 168 169 170
neco_p,67,強の足型,3,mixed-fixed,1,-1,,1,0,0,454
neco_p,68,★Ｊ２C,,mixed-follows+fixed,12,-10,29.6,,5,1,28 29 30 31 32 82 83 84 85 86 87 88
neco_p,74,,72 145,rgb,6,1,,1 2,0,0,177 178 179 180 181 182
neco_p,75,,,mixed-fixed,32,-1,,2,0,0,183 184 185 186 187 188 189 190 191 192 193 194
neco_p,76,後ろ炎 煙なし,154 155 156,rgb,6,1,,1 2,0,0,177 178 179 180 181 182
neco_p,80,★でんぷしー回転,,mixed-follows+fixed,31,-10,29.6,,4,4,134 135 136 137 138 144 145 146 147 264 265 266
neco_p,81,,80,mixed-fixed,37,-1,,2,0,0,291 292 293 294 295 296 297 298 299 300 301 302
neco_p,82,ダミー判定,80,follows-palette,1,0,29.6,1,0,1,0
neco_p,83,★シールド,,mixed-follows+fixed,3,-10,29.6,,3,0,43 45 106
neco_p,84,屈シールド,,mixed-fixed,3,-1,,,3,0,46 47 48
neco_p,85,Ｊシールド,,mixed-follows+fixed,7,-10,29.6,,5,0,49 51 84 85 86 87 88
neco_p,94,ビーム,90,nosprite,0,,,2,0,6,
neco_p,95,,91,nosprite,0,,,2,0,5,
neco_p,96,,92,nosprite,0,,,2,0,7,
neco_p,100,★地上投げ,,mixed-follows+fixed,10,-10,29.6,,2,2,0 634 635 636 637 638 639 640 641 642
neco_p,102,,100,mixed-fixed,19,-1,,2,0,0,644 645 646 647 648 649 650 651 652 653 654 655
neco_p,103,,100,mixed-fixed,1,-1,,1,0,0,643
neco_p,109,★地面もぐり,,mixed-follows+fixed,15,-10,29.6,,2,0,328 329 330 331 332 333 334 335 336 337 338 339
neco_p,110,★地面もぐり,,mixed-follows+fixed,15,-10,29.6,,2,0,328 329 330 331 332 333 334 335 336 337 338 339
neco_p,111,★,,mixed-follows+fixed,15,-10,29.6,,2,0,328 329 330 331 332 333 334 335 336 337 338 339
neco_p,113,,112,mixed-fixed,31,12,,2,0,13,408 409 410 411 412 413 414 415 416 417 418 419
neco_p,114,地面もぐり煙,109 110 111 115 141 370,follows-palette,3,0,29.0,1,0,0,9 159 704
neco_p,115,,109 110 111,mixed-follows+fixed,16,-10,29.6,1,0,0,159 328 329 330 331 332 333 334 335 336 337 338
neco_p,116,,114,follows-palette,1,0,28.4,1,0,0,159
neco_p,122,とびねこ,,mixed-follows+fixed,13,-10,29.6,,0,1,334 335 336 337 338 339 340 341 342 346 347 348
neco_p,123,とびねこよびだし,120,follows-palette,5,0,29.6,1,0,0,0 1 2 3 4
neco_p,124,噴射,122 125 126 127 128 129,mixed-fixed,33,-1,,2,0,0,353 354 355 356 357 358 359 360 361 362 363 364
neco_p,125,とびねこ,123 137,mixed-follows+fixed,13,-10,29.6,,0,1,334 335 336 337 338 339 340 341 342 346 347 348
neco_p,126,,123 137,mixed-follows+fixed,13,-10,29.6,,0,1,334 335 336 337 338 339 340 341 342 346 347 348
neco_p,127,,123 137,mixed-follows+fixed,13,-10,29.6,,0,1,334 335 336 337 338 339 340 341 342 346 347 348
neco_p,128,,123 137,mixed-follows+fixed,13,-10,29.6,,0,1,334 335 336 337 338 339 340 341 342 346 347 348
neco_p,129,,123 137,mixed-follows+fixed,13,-10,29.6,,0,1,334 335 336 337 338 339 340 341 342 346 347 348
neco_p,130,地面けむり,125 126 127 128 129,mixed-fixed,15,-1,,2,0,0,386 387 388 389 390 391 392 393 394 395 396 397
neco_p,134,井戸よびだし,133,follows-palette,5,0,29.6,1,0,0,0 1 2 3 4
neco_p,135,井戸,134,mixed-follows+fixed,2,-10,29.6,1,0,0,0 468
neco_p,136,井戸手前,135,follows-palette,1,0,29.6,,0,0,0
neco_p,137,井戸の中呼び出し,135,follows-palette,5,0,29.6,1,0,0,0 1 2 3 4
neco_p,139,井戸消え,,mixed-fixed,1,-1,,1,0,0,468
neco_p,140,井戸から飛び出す,137,follows-palette,14,0,30.6,1,0,0,1 76 77 78 79 80 81 82 83 84 85 86
neco_p,141,終了地面もぐり,,mixed-follows+fixed,7,-10,28.9,,0,0,328 329 330 331 332 333 334
neco_p,142,着地後にいろんな行動,,mixed-follows+fixed,8,-10,29.0,,0,3,52 53 54 55 56 57 58 59
neco_p,143,,,mixed-fixed,2,-1,,,0,0,164 165
neco_p,144,,,mixed-follows+fixed,7,-10,29.0,,0,1,8 9 10 11 12 13 14
neco_p,146,,,mixed-fixed,3,-1,,,0,1,5 6 7
neco_p,149,,150,mixed-fixed,31,12,,2,0,13,408 409 410 411 412 413 414 415 416 417 418 419
neco_p,153,とびねこ,151,follows-palette,11,0,30.6,,0,0,78 79 80 81 82 83 84 85 86 87 88
neco_p,154,,152,follows-palette,4,0,29.6,,1,1,173 174 175 176
neco_p,155,,152,follows-palette,4,0,29.6,,1,1,173 174 175 176
neco_p,156,,152,follows-palette,4,0,29.6,,1,1,173 174 175 176
neco_p,157,サーイエッサー音声,,mixed-follows+fixed,4,-10,29.0,1,0,0,5 6 7 9
neco_p,159,★ＬＡきのこおとし,,mixed-follows+fixed,5,-10,29.6,,0,0,0 519 520 521 522
neco_p,162,,159 161,mixed-follows+fixed,30,-10,29.6,1 2,0,0,0 490 491 492 493 494 495 496 497 498 499 500
neco_p,163,,159 161,mixed-follows+fixed,16,-10,29.6,1 2,0,1,0 475 476 477 478 479 480 481 482 483 484 485
neco_p,168,,,mixed-fixed,1,-1,,,2,0,8
neco_p,169,,,mixed-follows+fixed,8,-10,29.6,,3,1,0 8 9 10 11 12 13 14
neco_p,170,,169,mixed-fixed,12,-1,,1,0,0,663 664 665 666 667 668 669 670 671 672 673 674
neco_p,172,★百烈,,mixed-fixed,2,-1,,,3,0,15 16
neco_p,173,★,,mixed-fixed,2,-1,,,3,0,15 16
neco_p,174,★,,mixed-fixed,2,-1,,,3,0,15 16
neco_p,175,手,172 173,mixed-fixed,3,-1,,,0,1,442 443 444
neco_p,176,,174,mixed-fixed,3,-1,,,0,1,439 440 441
neco_p,177,,172 173,mixed-fixed,3,-1,,1,0,1,442 443 444
neco_p,178,,174,mixed-fixed,3,-1,,1,0,1,439 440 441
neco_p,179,手EX〆,174,mixed-fixed,3,-1,,,0,1,439 440 441
neco_p,181,★空中236A,,mixed-follows+fixed,15,-10,29.6,,4,0,0 82 83 84 85 86 87 88 718 719 720 721
neco_p,182,★,,mixed-follows+fixed,15,-10,29.6,,4,0,0 82 83 84 85 86 87 88 718 719 720 721
neco_p,183,★,,mixed-follows+fixed,15,-10,29.6,,4,0,0 82 83 84 85 86 87 88 718 719 720 721
neco_p,185,,181,mixed-fixed,48,-1,,,0,4,792 793 794 795 796 797 798 799 800 801 802 803
neco_p,186,,182,mixed-fixed,48,-1,,,0,4,792 793 794 795 796 797 798 799 800 801 802 803
neco_p,187,,183,mixed-fixed,48,-1,,,0,2,792 793 794 795 796 797 798 799 800 801 802 803
neco_p,190,★Ｊ２Ｂ　ボディプレス,,mixed-follows+fixed,9,-10,29.6,,5,1,138 144 145 146 147 725 726 727 728
neco_p,191,★6A ねこ１,,mixed-follows+fixed,7,-10,29.0,,2,1,8 9 10 731 732 733 734
neco_p,192, ★ねこ２,,mixed-fixed,5,-1,,,2,1,734 735 736 737 738
neco_p,193, ★ねこ３,,mixed-follows+fixed,7,-10,29.0,,2,1,8 9 10 11 12 13 14
neco_p,199,★AD/AAD,,mixed-fixed,1,-1,,,1,0,264
neco_p,200,★AD,,mixed-follows+fixed,6,-10,29.5,,4,0,25 264 265 266 469 470
neco_p,201,★AAD,,mixed-follows+fixed,6,-10,29.5,,4,0,25 264 265 266 469 470
neco_p,203,井戸,223,mixed-fixed,1,-1,,1,0,0,468
neco_p,204,ねこ大,203,mixed-fixed,4,-1,,1,0,1,471 472 473 474
neco_p,219,奥鎖,221 224,nosprite,0,,,,0,0,
neco_p,220,手前鎖,221,nosprite,0,,,,0,0,
neco_p,221,つかみ判定,200,follows-palette,1,0,29.6,1,0,1,2
neco_p,222,,221,follows-palette,2,0,29.6,1,0,1,0 2
neco_p,223,,224,follows-palette,2,0,29.6,1,0,1,0 2
neco_p,224,つかみBH,201,follows-palette,1,0,29.6,1,0,1,2
neco_p,225,手前鎖BH,224,nosprite,0,,,,0,0,
neco_p,241,交代登場,,mixed-follows+fixed,7,-10,29.7,,2,0,53 54 55 56 57 58 59
neco_p,242,交代退避,,mixed-follows+fixed,21,-10,29.6,,0,0,0 89 90 91 92 93 94 95 96 97 98 99
neco_p,250,,,mixed-fixed,3,-1,,,2,1,684 685 686
neco_p,255,,,mixed-fixed,3,-1,,,2,0,684 685 686
neco_p,260,解放,,mixed-fixed,3,-1,,,2,1,684 685 686
neco_p,261,解放 空中,,mixed-follows+fixed,12,-10,29.6,,5,1,0 82 83 84 85 86 87 88 675 684 685 686
neco_p,262,サーキットスパーク,,mixed-fixed,3,-1,,,2,0,684 685 686
neco_p,263,サーキットスパーク 空中,,mixed-follows+fixed,10,-10,29.6,,5,0,82 83 84 85 86 87 88 684 685 686
neco_p,265,ゲージため,,mixed-fixed,3,-1,,,2,0,684 685 686
neco_p,270,暫定空中避け,,mixed-follows+fixed,7,-10,29.6,,4,0,49 51 84 85 86 87 88
neco_p,271,空中なげ 準備,,mixed-follows+fixed,11,-10,29.6,,2,0,32 82 83 84 85 86 87 88 675 676 677
neco_p,272,空中なげ,,mixed-follows+fixed,17,-10,29.6,,4,1,28 29 30 31 32 82 83 84 85 86 87 88
neco_p,367,ダミーでんわ,365,follows-palette,5,0,26.2,,0,0,0 602 603 604 605
neco_p,369,その場の相手をつかむ,,mixed-follows+fixed,4,-10,29.6,,0,1,0 634 635 636
neco_p,370,＠メカネコ　もぐって飛びA,,mixed-follows+fixed,18,-10,30.6,,14,2,77 79 80 81 82 83 84 85 86 87 88 328
neco_p,371,＠メカネコ　もぐって飛びB,,mixed-follows+fixed,18,-10,30.6,,14,2,77 79 80 81 82 83 84 85 86 87 88 328
neco_p,372,＠メカネコ　もぐって飛びEX,,mixed-follows+fixed,8,-10,29.6,1,2,0,0 328 329 330 331 332 333 334
neco_p,373,　飛び出て消える　子,372,mixed-follows+fixed,6,-10,30.6,,0,2,79 80 81 82 83 334
neco_p,374,　飛び出て着地　親,,mixed-follows+fixed,11,-10,30.6,,2,1,79 80 81 82 83 84 85 86 87 88 334
neco_p,384,光の柱,382,mixed-fixed,39,12,,2,0,3,536 537 538 539 540 541 542 543 544 545 546 547
neco_p,385,もぐって消える子,379,follows-palette,6,0,28.9,1,0,0,328 329 330 331 332 333
neco_p,387,音声,382,follows-palette,2,0,29.6,1,0,0,0 1
neco_p,388,音声,383,follows-palette,2,0,29.6,1,0,0,0 1
neco_p,390,＠もぐって飛び出るA,,mixed-follows+fixed,18,-10,30.6,,7,1,77 79 80 81 82 83 84 85 86 87 88 328
neco_p,393,回転横A,397,follows-palette,12,0,29.6,1,0,2,88 337 338 339 620 621 622 623 624 625 626 627
neco_p,394,回転横B,398,follows-palette,12,0,29.6,1,0,2,88 337 338 339 620 621 622 623 624 625 626 627
neco_p,395,回転横EX,399,follows-palette,12,0,29.6,1,0,2,88 337 338 339 620 621 622 623 624 625 626 627
neco_p,396,後ろ炎 煙なし,380 381 382,mixed-follows+fixed,14,01,29.6,1 2,0,0,177 178 179 180 181 182 335 336 337 338 339 340
neco_p,404,ビーム,392 400,nosprite,0,,,2,0,18,
neco_p,405,ビームB EFF,401,nosprite,0,,,2,0,17,
neco_p,406,,402 430,nosprite,0,,,2,0,14,
neco_p,414,よびだし,391 410,follows-palette,5,0,29.6,1,0,0,0 1 2 3 4
neco_p,417,もめん,414,follows-palette,15,0,13.8,1,0,0,585 586 587 588 589 590 591 592 593 594 595 596
neco_p,418,もめんライダー,417,follows-palette,3,0,29.6,,3,0,116 600 601
neco_p,419,おどる,414,follows-palette,13,0,30.6,1,3,0,80 81 82 83 84 85 86 87 88 116 583 584
neco_p,420,ダッシュねこ →,411 414,follows-palette,11,0,29.6,1,1,0,0 52 53 54 55 56 124 125 126 579 580
neco_p,421,ふきとび,418,follows-palette,5,0,29.0,1,0,1,124 125 126 579 580
neco_p,422,姫ねこ,414,follows-palette,4,0,25.5,1,0,0,532 533 534 535
neco_p,424,光の柱,422,mixed-fixed,39,12,,2,0,1,536 537 538 539 540 541 542 543 544 545 546 547
neco_p,425,もめんライト,417,fixed-indexed,1,2,,2,0,0,606
neco_p,436,ネコブロック,435,follows-palette,2,0,29.6,1,0,0,0 80
neco_p,437,黒こげネコ,436,follows-palette,9,0,30.2,1,0,0,116 121 122 123 124 125 126 144 523
neco_p,438,普通に落下ネコ,436,follows-palette,5,0,30.6,,0,1,79 80 81 82 83
neco_p,440,音声,436,follows-palette,1,0,29.6,1,0,0,0
neco_p,723,カニ関数　減らない,712,follows-palette,1,0,29.6,1,0,0,0
neco_p,724,カニ関数,713,follows-palette,4,0,29.6,1,0,0,0 1 2 3
neco_p,725,カニ１,723 724,indexed-palette-constant,1,0,0.0,,0,0,700
neco_p,726,カニ２,723 724,indexed-palette-constant,1,0,0.0,,0,0,699
neco_p,727,カニ３,723 724,indexed-palette-constant,1,0,0.0,,0,0,700
neco_p,730,倒れてるネコ,735,follows-palette,1,0,29.5,,0,0,144
neco_p,731,倒れてるネコ,735,follows-palette,1,0,29.0,,0,0,126
neco_p,732,倒れてるネコ,735,follows-palette,1,0,29.5,,0,0,144
neco_p,733,倒れてるネコ,735,follows-palette,1,0,29.0,,0,0,126
neco_p,735,倒れてる猫生成,714,follows-palette,5,0,29.6,1,0,0,0 1 2 3 4
neco_p,740,倒れてるネコ 影,730,follows-palette,1,0,29.5,1,0,0,144
neco_p,741,倒れてるネコ 影,731,follows-palette,1,0,29.0,1,0,0,126
neco_p,742,倒れてるネコ 影,732,follows-palette,1,0,29.5,1,0,0,144
neco_p,743,倒れてるネコ 影,733,follows-palette,1,0,29.0,1,0,0,126
neco_p,750,ストライキ,,mixed-follows+fixed,6,-10,29.6,,4,0,156 157 158 159 164 165
neco_p,753,,,mixed-fixed,1,-1,,,2,0,164
neco_p,754,,,mixed-fixed,2,-1,,,2,0,17 47
nero,3,立ち強攻撃,,mixed-follows+fixed,42,-10,28.7,1,101,44,0 49 50 51 52 53 54 55 56 57 58 538
nero,49,登場カラス,50,follows-palette,17,0,25.0,,1,0,1122 1123 1124 1125 1126 1127 1128 1133 1134 1135 1136 1137
nero,54,手前のネロ,3 185 545,follows-palette,5,0,30.0,1,0,0,84 85 86 87 88
nero,55,立ち強ワニ,3 185 545,follows-palette,18,0,24.0,1,0,0,62 63 64 65 66 67 68 69 70 71 72 73
nero,56,デカ爪,150,mixed-fixed,11,-14,,2,0,0,796 797 798 799 800 801 802 803 804 805 806
nero,57,かまきりの手の部分,59 60,follows-palette,12,0,17.1,,0,0,822 823 824 825 826 827 828 829 830 831 832 833
nero,58,そのブレード,57 191,fixed-indexed,8,4,,2,0,0,834 835 836 837 838 839 840 841
nero,61,かまきりの手の部分抜け,60,follows-palette,5,0,17.1,,0,0,829 830 831 832 833
nero,64,投げカラス,65 66,follows-palette,9,0,30.0,1,0,1,0 1086 1087 1088 1089 1090 1091 1092 1093
nero,68,,67,follows-palette,4,0,37.0,,0,0,1112 1113 1114 1115
nero,86,前ダッシュ　煙,70 71 186,rgb,24,3,,,0,0,295 296 297 298 299 300 301 302 303 304 305 306
nero,87,前ダッシュ終了際煙,70 71 186,rgb,24,3,,,0,0,295 296 297 298 299 300 301 302 303 304 305 306
nero,89,バンカーエフェクト,90,rgb,6,3,,,0,0,1207 1208 1209 1210 1211 1212
nero,92,,90 91,rgb,6,3,,,0,2,1207 1208 1209 1210 1211 1212
nero,100,真横カラス,120,follows-palette,15,0,30.2,1,2,0,0 1121 1122 1123 1124 1125 1126 1127 1128 1129 1130 1131
nero,101,,121,follows-palette,11,0,22.8,1,2,2,1119 1120 1123 1124 1125 1126 1127 1129 1143 1147 1148
nero,102,,104,follows-palette,11,0,22.8,1,0,1,1119 1120 1123 1124 1125 1126 1127 1129 1143 1147 1148
nero,103,消え,70 71 100 101 102 111,mixed-fixed,17,-13,,,0,0,161 163 165 167 169 171 173 175 177 179 181 183
nero,108,しか,105,follows-palette,27,0,20.9,,0,12,1150 1151 1152 1153 1154 1155 1156 1157 1158 1159 1160 1161
nero,109,,106,follows-palette,27,0,20.9,,0,3,1150 1151 1152 1153 1154 1155 1156 1157 1158 1159 1160 1161
nero,110,,107,follows-palette,27,0,20.9,,0,6,1150 1151 1152 1153 1154 1155 1156 1157 1158 1159 1160 1161
nero,127,,130,follows-palette,7,0,12.7,,0,0,569 570 571 572 573 574 575
nero,128,,131,follows-palette,7,0,12.7,,0,0,569 570 571 572 573 574 575
nero,134,へび　小,,mixed-follows+fixed,31,03,28.8,,0,3,0 576 577 578 579 580 581 582 583 584 585 586
nero,135,中,,mixed-follows+fixed,31,03,28.8,,1,4,0 576 577 578 579 580 581 582 583 584 585 586
nero,136,大,132,mixed-follows+fixed,31,03,28.8,,0,3,0 576 577 578 579 580 581 582 583 584 585 586
nero,137,クチの裏側,135 136 487,follows-palette,4,0,24.2,,0,0,600 601 602 603
nero,140,EX へび,133,mixed-follows+fixed,32,03,28.8,,0,12,0 569 570 571 572 573 574 575 582 583 584 585
nero,141,,140,follows-palette,4,0,24.2,,0,0,600 601 602 603
nero,143,,134 145 482,follows-palette,4,0,24.2,,0,0,600 601 602 603
nero,145,,,mixed-follows+fixed,31,03,28.8,,0,3,0 576 577 578 579 580 581 582 583 584 585 586
nero,147,クチの裏側,134,follows-palette,1,0,24.2,,0,0,601
nero,163,目の残光,,fixed-indexed,12,4,,2,0,0,945 946 947 948 949 950 951 952 953 954 955 956
nero,164,地面衝撃　大,175 182,follows-palette,1,0,29.7,1,0,0,0
nero,165,地面衝撃　小,175 182,follows-palette,1,0,29.7,1,0,0,0
nero,166,移動中の横波動,175,fixed-indexed,20,4,,2,0,0,957 958 959 960 961 962 963 964 965 966 967 968
nero,167,変身時の足下波動,169 200,rgb,7,3,,,0,0,977 978 979 980 981 982 983
nero,168,影,,rgb,12,3,,,0,0,1008 1009 1010 1011 1012 1013 1014 1015 1016 1017 1018 1019
nero,169,足下の沼みたいな,175 182 200,rgb,24,3,,,0,0,984 985 986 987 988 989 990 991 992 993 994 995
nero,171,,,fixed-indexed,20,4,,2,0,0,957 958 959 960 961 962 963 964 965 966 967 968
nero,175,変身飛び道具部分,174,follows-palette,81,0,26.2,1,1,3,0 472 473 474 854 855 856 857 858 859 860 861
nero,178,目の光,175 182,fixed-indexed,9,4,,2,0,0,945 946 947 948 949 950 951 952 953
nero,179,目の光２,175,fixed-indexed,3,4,,2,0,0,954 955 956
nero,180,,175 182,follows-palette,10,0,29.2,,0,0,933 934 935 936 937 938 939 940 941 942
nero,181,,175 182,rgb,12,3,,,0,0,1008 1009 1010 1011 1012 1013 1014 1015 1016 1017 1018 1019
nero,185,,,mixed-follows+fixed,14,-10,29.6,,28,0,0 49 50 51 52 53 54 55 56 57 58 59
nero,192,そのブレード,,fixed-indexed,8,4,,2,0,0,834 835 836 837 838 839 840 841
nero,202,,200,mixed-fixed,18,14,,,0,1,1037 1038 1039 1040 1041 1042 1043 1044 1045 1046 1047 1048
nero,203,,200,fixed-indexed,27,4,,,0,0,1051 1052 1053 1054 1055 1056 1057 1058 1059 1060 1061 1062
nero,220,投げの時に飛ぶカラス達,64,follows-palette,5,0,20.6,,0,0,1123 1124 1125 1126 1127
nero,221,,64,follows-palette,5,0,20.6,,0,0,1123 1124 1125 1126 1127
nero,222,,64,follows-palette,5,0,20.6,,0,0,1123 1124 1125 1126 1127
nero,223,,64,follows-palette,5,0,20.6,,0,0,1123 1124 1125 1126 1127
nero,224,追加,64,follows-palette,5,0,22.8,,0,1,1122 1124 1125 1126 1127
nero,226,,64,follows-palette,5,0,22.8,,0,1,1122 1124 1125 1126 1127
nero,227,,64,follows-palette,5,0,22.8,,0,1,1122 1124 1125 1126 1127
nero,229,EXからすジェネレータ,122,follows-palette,13,0,29.7,1,0,0,0 1 2 3 4 5 6 7 8 9 10 11
nero,230,EXからす,229,follows-palette,11,0,22.8,1,0,2,1119 1120 1123 1124 1125 1126 1127 1129 1143 1147 1148
nero,231,,229,follows-palette,11,0,22.8,1,0,2,1119 1120 1123 1124 1125 1126 1127 1129 1143 1147 1148
nero,232,,229,follows-palette,11,0,22.8,1,0,2,1119 1120 1123 1124 1125 1126 1127 1129 1143 1147 1148
nero,233,,229,follows-palette,11,0,22.8,1,0,2,1119 1120 1123 1124 1125 1126 1127 1129 1143 1147 1148
nero,234,,229,follows-palette,11,0,22.8,1,0,2,1119 1120 1123 1124 1125 1126 1127 1129 1143 1147 1148
nero,235,,229,follows-palette,11,0,22.8,1,0,2,1119 1120 1123 1124 1125 1126 1127 1129 1143 1147 1148
nero,236,,229,follows-palette,11,0,22.8,1,0,2,1119 1120 1123 1124 1125 1126 1127 1129 1143 1147 1148
nero,237,,229,follows-palette,11,0,22.8,1,0,2,1119 1120 1123 1124 1125 1126 1127 1129 1143 1147 1148
nero,238,,229,follows-palette,11,0,22.8,1,0,2,1119 1120 1123 1124 1125 1126 1127 1129 1143 1147 1148
nero,239,,229,follows-palette,11,0,22.8,1,0,2,1119 1120 1123 1124 1125 1126 1127 1129 1143 1147 1148
nero,240,,229,follows-palette,11,0,22.8,1,0,2,1119 1120 1123 1124 1125 1126 1127 1129 1143 1147 1148
nero,241,,229,follows-palette,11,0,22.8,1,0,2,1119 1120 1123 1124 1125 1126 1127 1129 1143 1147 1148
nero,242,,229,follows-palette,11,0,22.8,1,0,2,1119 1120 1123 1124 1125 1126 1127 1129 1143 1147 1148
nero,273,,272 274,follows-palette,4,0,37.0,1,0,0,1112 1113 1114 1115
nero,276,,275,rgb,6,3,,,0,0,1207 1208 1209 1210 1211 1212
nero,386,待機,389,fixed-indexed,12,4,,,0,0,661 662 663 664 665 666 667 668 669 670 671 672
nero,387,触手,389,mixed-fixed,13,14,,,0,2,673 674 675 676 677 678 679 680 681 682 683 684
nero,409,烏上昇623目印,410 411 416,follows-palette,1,0,28.6,1,0,0,1321
nero,410,烏上昇,405,follows-palette,5,0,20.6,1,0,0,1123 1124 1125 1126 1127
nero,411,烏上昇,406,follows-palette,5,0,20.6,1,0,0,1123 1124 1125 1126 1127
nero,416,ファントム烏停滞 追尾,407,follows-palette,5,0,20.6,,0,0,1123 1124 1125 1126 1127
nero,424,烏上昇,420,follows-palette,7,0,22.8,1,3,0,1121 1123 1124 1125 1126 1127 1144
nero,425,横烏EX,422,follows-palette,14,0,22.8,,0,2,1121 1122 1123 1124 1125 1126 1127 1128 1129 1130 1131 1132
nero,439,＠バンカー用爪,440,rgb,6,3,,,0,0,1207 1208 1209 1210 1211 1212
nero,445,立ち強攻撃,,mixed-follows+fixed,11,-10,29.6,,21,7,49 50 51 52 53 54 55 56 57 58 59
nero,446,手前のネロ,445,follows-palette,5,0,30.0,1,0,0,84 85 86 87 88
nero,447,立ち強ワニ,445,follows-palette,18,0,24.0,,0,0,62 63 64 65 66 67 68 69 70 71 72 73
nero,454,虫判定,450 497 501,mixed-fixed,3,14,,1,0,2,686 687 688
nero,455,虫→,454,mixed-fixed,3,14,,1,0,0,686 687 688
nero,456,虫↓,454,mixed-fixed,3,14,,1,0,0,686 687 688
nero,457,虫↑,454,mixed-fixed,3,14,,1,0,0,686 687 688
nero,458,虫EFF,455 456 457,mixed-fixed,20,14,,,0,0,686 687 688 689 690 691 692 693 694 695 696 697
nero,460,ドロドロでてくる,451,fixed-indexed,19,4,,,0,0,706 707 708 709 710 711 712 713 714 715 716 717
nero,461,地面ジェネレータ,460,follows-palette,3,0,29.7,1,0,0,0 1 2
nero,462,地面ドロドロ,461 468,fixed-indexed,19,4,,,0,3,725 726 727 728 729 730 731 732 733 734 735 736
nero,465,ドロドロもどるEFF,452,fixed-indexed,16,4,,,0,2,744 745 746 747 748 749 750 751 752 753 754 755
nero,467,反転ドロドロでてくる,465,mixed-follows+fixed,20,04,29.7,,0,0,0 706 707 708 709 710 711 712 713 714 715 716
nero,468,地面ジェネレータ,467,follows-palette,3,0,29.7,1,0,0,0 1 2
nero,470,ハチアニメ　変数１で変化,472,follows-palette,11,0,27.4,1,0,0,0 1195 1196 1197 1198 1199 1200 1201 1202 1203 1204
nero,471,ハチ動き 変数1で操作,475,follows-palette,8,0,28.0,1,0,4,29 30 31 32 33 34 35 36
nero,472,ハチ揺れのみ,471,follows-palette,3,0,29.7,1,0,0,0 1 4
nero,481,,480,follows-palette,7,0,12.7,,0,0,569 570 571 572 573 574 575
nero,482,へび　小,,mixed-follows+fixed,31,03,28.8,,0,3,0 576 577 578 579 580 581 582 583 584 585 586
nero,484,ワニ消え　ドボン,483 488 540,mixed-fixed,39,-13,,,0,0,161 162 163 164 165 166 167 168 169 170 171 172
nero,486,,485,follows-palette,7,0,12.7,,0,0,569 570 571 572 573 574 575
nero,487,へび　中,,mixed-follows+fixed,31,03,28.8,,2,4,0 576 577 578 579 580 581 582 583 584 585 586
nero,491,ドロドロでてくる,490,fixed-indexed,19,4,,,0,0,706 707 708 709 710 711 712 713 714 715 716 717
nero,492,地面ジェネレータ,491,follows-palette,3,0,29.7,1,0,0,0 1 2
nero,493,地面ドロドロ,492,fixed-indexed,19,4,,,0,3,725 726 727 728 729 730 731 732 733 734 735 736
nero,506,,505,follows-palette,7,0,12.7,,0,0,569 570 571 572 573 574 575
nero,508,ワニ消え　ドボン,507,mixed-fixed,39,-13,,,0,0,161 162 163 164 165 166 167 168 169 170 171 172
nero,518,蛇落ちる,515,follows-palette,7,0,12.7,,0,0,569 570 571 572 573 574 575
nero,519,蛇落ちる,516,follows-palette,7,0,12.7,,0,0,569 570 571 572 573 574 575
nero,520,蛇落ちる,517,follows-palette,7,0,12.7,,0,0,569 570 571 572 573 574 575
nero,524,変身用の影,521 522 523,rgb,9,3,,,0,0,628 632 636 640 643 647 651 655 660
nero,536,ワニ消え　ドボン,535,mixed-fixed,39,-13,,,0,0,161 162 163 164 165 166 167 168 169 170 171 172
nero,545,立ち強攻撃,,mixed-follows+fixed,11,-10,29.6,,21,7,49 50 51 52 53 54 55 56 57 58 59
nero,710,黒フェード,702,follows-palette,14,0,29.7,1,0,0,0 1 2 3 4 5 6 7 8 9 10 11
p_arc,48,ダミー親,50,follows-palette,3,0,37.4,1,1,0,0 1 2
p_arc,49,登場ダミー,48,follows-palette,9,0,33.7,1,0,0,988 989 990 991 992 993 994 995 996
p_arc,54,勝利ボイス,52,follows-palette,3,0,37.4,1,0,0,0 1 2
p_arc,55,登場ボイス(相手こみ),50,follows-palette,3,0,37.4,1,0,0,0 1 2
p_arc,59,シールドエフェクトをくっつける,58,follows-palette,1,0,37.4,1,0,0,0
p_arc,76,停止ダミー振り向きつき,75,follows-palette,11,0,35.3,,0,0,306 307 308 309 310 311 312 313 314 315 316
p_arc,78,停止ダミー振り向きなし,20,follows-palette,11,0,35.3,,0,0,306 307 308 309 310 311 312 313 314 315 316
p_arc,85,ガードエフェクト　立,17,mixed-fixed,4,12,,2,0,0,847 848 849 850
p_arc,86,ガードエフェクト　屈,18,mixed-fixed,4,12,,2,0,0,855 856 857 858
p_arc,87,ガードエフェクト　空,19,mixed-fixed,4,12,,2,0,0,863 864 865 866
p_arc,91,飛9+1 飛行制限,90,nosprite,0,,,1,0,0,
p_arc,92,ふわっと,90,nosprite,0,,,1,0,0,
p_arc,93,ゲージ減少関数,91,follows-palette,1,0,37.4,1,0,0,0
p_arc,96,350,140 141 142,rgb,5,1,,2,0,0,595 596 597 598 599
p_arc,97,,144,rgb,5,1,,2,0,0,600 601 602 603 604
p_arc,98,,146,rgb,4,1,,2,0,0,605 606 607 608
p_arc,99,212,290,mixed-fixed,6,12,,2,0,0,269 270 271 272 273 274
p_arc,100,101,4,mixed-fixed,6,12,,1 2,0,0,115 116 117 118 119 120
p_arc,101,102,5,mixed-fixed,7,12,,1 2,0,0,126 127 128 129 130 131 132
p_arc,102,103,121,mixed-fixed,6,12,,2,0,0,139 140 141 142 143 144
p_arc,103,104,5 6 286,rgb,6,1,,2,0,0,151 152 153 154 155 156
p_arc,104,105,6,mixed-fixed,6,12,,2,0,0,165 166 167 168 169 170
p_arc,105,201,7,mixed-fixed,6,12,,2,0,0,204 205 206 207 208 209
p_arc,106,202,8 229,mixed-fixed,5,12,,2,0,0,220 221 222 223 224
p_arc,107,202,8 229,mixed-fixed,5,12,,2,0,0,225 226 227 228 229
p_arc,108,350,145,rgb,5,1,,2,0,0,600 601 602 603 604
p_arc,109,爆発,176 177 178 179,mixed-fixed,15,12,,2,0,0,551 552 553 554 555 556 557 558 559 560 561 562
p_arc,110,002,2,mixed-fixed,5,12,,2,0,0,49 50 51 52 53
p_arc,111,登場柱,50,mixed-follows+fixed,32,014,37.4,1 2,0,0,0 1056 1057 1058 1059 1060 1061 1062 1063 1064 1065 1066
p_arc,112,001,1,mixed-fixed,5,12,,2,0,0,27 28 29 30 31
p_arc,113,001,126,mixed-fixed,5,12,,2,0,0,32 33 34 35 36
p_arc,114,001,72 73 127,mixed-fixed,5,12,,2,0,0,37 38 39 40 41
p_arc,115,003,3 149,mixed-fixed,6,12,,2,0,0,64 65 66 67 68 69
p_arc,116,004,2,mixed-fixed,7,12,,2,0,0,81 82 83 84 85 86 87
p_arc,117,005,124 285,mixed-fixed,6,12,,2,0,0,95 96 97 98 99 100
p_arc,118,205,9 120,mixed-fixed,5,12,,2,0,0,242 243 244 245 246
p_arc,119,210,8 287,mixed-fixed,7,12,,2,0,0,255 256 257 258 259 260 261
p_arc,122,005s,124,mixed-fixed,6,12,,2,0,0,95 96 97 98 99 100
p_arc,123,＠大,156 246,mixed-fixed,20,14,,2,0,0,400 401 402 403 404 405 406 407 408 409 410 411
p_arc,128,光の柱予告,195 196,mixed-follows+fixed,14,014,37.4,1 2,0,0,1 1074 1075 1076 1077 1078 1079 1080 1081 1082 1083 1084
p_arc,129,光の柱,128,mixed-fixed,39,14,,2,0,4,1048 1049 1050 1051 1052 1053 1054 1055 1056 1057 1058 1059
p_arc,130,＿＠,153 154 243 244,mixed-fixed,20,14,,2,0,0,354 355 356 357 358 359 360 361 362 363 364 365
p_arc,131,＄,156 244 246,mixed-fixed,26,14,,2,0,0,374 375 376 377 378 379 380 381 382 383 384 385
p_arc,132,＠,156 157 244 246,mixed-fixed,20,14,,2,0,0,400 401 402 403 404 405 406 407 408 409 410 411
p_arc,133,｜｜,158,mixed-fixed,27,14,,2,0,0,420 421 422 423 424 425 426 427 428 429 430 431
p_arc,134,／,,mixed-fixed,10,12,,2,0,0,489 490 491 492 493 494 495 496 497 498
p_arc,135,＼,,mixed-follows+fixed,11,012,37.4,2,0,0,456 489 490 491 492 493 494 495 496 497 498
p_arc,136,＋,176 177 178 179,rgb,11,1,,2,0,0,540 541 542 543 544 545 546 547 548 549 550
p_arc,137,ドバー,169,mixed-fixed,10,12,,2,0,0,499 500 501 502 503 504 505 506 507 508
p_arc,138,ドバー,169,mixed-fixed,12,12,,2,0,0,509 510 511 512 513 514 515 516 517 518 519 520
p_arc,139,ＥＸ光の柱,197,mixed-fixed,39,14,,2,0,4,1048 1049 1050 1051 1052 1053 1054 1055 1056 1057 1058 1059
p_arc,143,　残像１,142,follows-palette,3,0,37.4,1,0,0,576 577 578
p_arc,144,　残像１発目,142,follows-palette,5,0,36.1,1,1,1,346 452 453 454 455
p_arc,145,　残像２発目,144,follows-palette,4,0,38.7,1,0,1,585 586 587 588
p_arc,146,　残像３発目,145,follows-palette,17,0,35.3,1,1,1,178 183 184 185 186 187 188 189 190 191 194 589
p_arc,147,　ＡＢ肘派生残像,148 149,follows-palette,3,0,37.4,1,0,0,576 577 578
p_arc,153,A,150,follows-palette,3,0,37.4,1,0,4,0 1 2
p_arc,154,B,151,follows-palette,3,0,37.4,1,0,2,0 1 2
p_arc,155,EXダメージ,152 242,follows-palette,3,0,37.4,1,0,4,0 1 2
p_arc,156,A,153,follows-palette,2,0,37.4,1,0,8,0 2
p_arc,157,B,154,follows-palette,1,0,37.4,1,0,2,2
p_arc,158,EX風生成,155 245,follows-palette,2,0,37.4,1,0,0,0 1
p_arc,163,＼,160 190,mixed-follows+fixed,12,012,37.4,2,0,11,456 462 489 490 491 492 493 494 495 496 497 498
p_arc,164,／,161 191,mixed-follows+fixed,12,012,37.4,2,0,11,456 462 489 490 491 492 493 494 495 496 497 498
p_arc,165,進む親,162 192,follows-palette,5,0,37.4,1,0,18,0 1 2 3 4
p_arc,166,イワーク,163,rgb,11,13,,1,0,0,468 469 470 471 472 473 474 475 476 477 478
p_arc,167,イワーク,163 164,rgb,12,1,,1,0,0,457 458 459 460 461 462 463 464 465 466 467 468
p_arc,168,イワーク,165 169,rgb,11,1,,1,0,0,468 479 480 481 482 483 484 485 486 487 488
p_arc,173,　生成親,170,follows-palette,3,0,37.4,1,8,0,0 1 2
p_arc,174,　生成親,171,follows-palette,3,0,37.4,1,8,0,0 1 2
p_arc,175,　生成親,172,follows-palette,3,0,37.4,1,2,0,0 1 2
p_arc,176,飛ぶ十字架１,173 174,rgb,1,1,,1 2,1,1,540
p_arc,177,飛ぶ十字架２,173,rgb,1,1,,1 2,1,1,540
p_arc,178,飛ぶ十字架３,174,rgb,1,1,,1 2,1,1,540
p_arc,179,飛ぶ十字架４,175,rgb,1,1,,1 2,1,1,540
p_arc,182,バウンド波紋,183,nosprite,0,,,1,0,0,
p_arc,183,つかんで往復する,181,follows-palette,5,0,37.4,1,0,5,0 2 3 4 9
p_arc,184,↑,,mixed-fixed,16,12,,2,0,0,290 291 292 293 294 295 296 297 298 299 300 301
p_arc,185,EXなみ音声,162,nosprite,0,,,1,0,0,
p_arc,186,ＥＸ風音声,152 242,follows-palette,3,0,37.4,1,0,0,0 1 3
p_arc,208,浮遊前進ダミー,210,follows-palette,6,0,37.4,,0,0,827 828 829 830 831 832
p_arc,209,浮遊後退ダミー,211,follows-palette,6,0,37.4,,0,0,833 834 835 836 837 838
p_arc,232,＠昇竜,229,follows-palette,15,0,35.1,,2,6,247 248 249 250 251 252 253 344 345 346 447 448
p_arc,233,　Ａブレード,230,mixed-fixed,15,12,,2,0,2,275 276 277 278 279 280 281 282 283 284 285 286
p_arc,234,　Ａブレード,231,mixed-fixed,15,12,,2,0,0,275 276 277 278 279 280 281 282 283 284 285 286
p_arc,235,　Ａブレード,232,mixed-fixed,15,12,,2,0,0,275 276 277 278 279 280 281 282 283 284 285 286
p_arc,236,,232,mixed-fixed,16,12,,2,0,0,290 291 292 293 294 295 296 297 298 299 300 301
p_arc,243,A,240 241,follows-palette,3,0,37.4,1,0,4,0 1 2
p_arc,246,A,243,follows-palette,2,0,37.4,1,0,8,0 2
p_arc,249,,248,indexed-palette-constant,2,0,0.0,1,0,0,1032 1033
p_arc,273,投げエフェクト,271 272,mixed-fixed,10,12,,2,0,0,275 276 282 283 284 285 286 287 288 289
p_arc,274,　生ダミー,272,follows-palette,3,0,38.1,1,0,0,983 984 985
p_arc,277,　ダミー,276,follows-palette,9,0,37.4,,0,0,962 966 967 968 969 970 971 972 973
p_arc,291,212,290,mixed-fixed,6,12,,2,0,0,269 270 271 272 273 274
p_arc,292,212,,mixed-fixed,6,12,,2,0,8,269 270 271 272 273 274
p_arc,297,ＡＤ２回目,300,mixed-fixed,30,14,,1 2,0,2,1048 1049 1050 1051 1052 1053 1054 1055 1056 1057 1058 1059
p_arc,298,ＡＡＤ２回目,301,mixed-fixed,30,14,,1 2,0,2,1048 1049 1050 1051 1052 1053 1054 1055 1056 1057 1058 1059
p_arc,302,フェードアウトダミー,300 301,follows-palette,3,0,37.2,1,0,0,611 612 613
p_arc,304,ＡＤつかみ親,297 300,follows-palette,6,0,37.4,1,0,1,0 1 2 3 4 6
p_arc,305,ＡＡＤつかみ親,298 301,follows-palette,6,0,37.4,1,0,1,0 1 2 3 4 6
p_arc,306,ADダミー,304 305,follows-palette,22,0,37.4,1,0,0,521 522 523 524 525 526 527 528 529 530 531 532
p_arc,307,　後ろの体ダミー,306,follows-palette,9,0,37.4,,0,0,706 707 708 709 710 711 712 713 714
p_arc,309,まとめて予備,306,follows-palette,2,0,37.4,1,4,0,0 1
p_arc,310,ズゴーン,309,mixed-fixed,21,12,,1 2,0,0,629 630 631 632 633 634 635 636 637 638 639 640
p_arc,311,波紋,309,nosprite,0,,,,0,0,
p_arc,312,星図,304 305,rgb,40,1,,2,0,0,650 651 652 653 654 655 656 657 658 659 660 661
p_arc,313,２回目波紋,309,nosprite,0,,,,0,0,
p_arc,315,AD AAD ダメージ,309,follows-palette,3,0,37.4,1,0,1,0 1 2
p_arc,316,バックの青い光,309,rgb,1,1,,2,0,0,690
p_arc,318,★を暗くする,312 332,mixed-follows+fixed,2,01,37.4,1,0,0,0 690
p_arc,319,トン,306,mixed-fixed,15,12,,2,0,0,691 692 693 694 695 696 697 698 699 700 701 702
p_arc,320,星図,,rgb,41,1,,2,0,0,650 651 652 653 654 655 656 657 658 659 660 661
p_arc,332,星図,331,rgb,40,1,,2,0,0,650 651 652 653 654 655 656 657 658 659 660 661
p_arc,334,ダミー親,331,follows-palette,3,0,37.4,1,0,0,0 1 2
p_arc,335,ＬＡダミー,334,follows-palette,15,0,37.4,1,0,0,521 522 523 524 525 526 527 528 529 530 531 532
p_arc,338,ＬＡダミー,335,follows-palette,5,0,36.1,1,0,0,778 779 780 781 785
p_arc,340,◎,331,rgb,20,1,,2,0,0,722 723 724 725 726 727 728 729 730 731 732 733
p_arc,341,そげぶ,342,mixed-fixed,25,12,,2,0,0,742 743 744 745 746 747 748 749 750 751 752 753
p_arc,342,バクハツ！,340,rgb,10,1,,2,0,0,767 768 769 770 771 772 773 774 775 776
p_arc,343,小爆発,341,nosprite,0,,,,0,0,
p_arc,344,ホワイトアウト,341,nosprite,0,,,,0,0,
p_arc,345,ヘシン,,rgb,1,1,,2,0,0,768
p_arc,346,カットイン,331,mixed-follows+fixed,2,01,37.4,1,0,0,0 777
p_arc,383,　Ａブレード,380,mixed-fixed,15,12,,2,0,2,275 276 277 278 279 280 281 282 283 284 285 286
p_arc,386,　Ａブレード,380,follows-palette,2,0,37.4,1,0,0,1 2
p_arc,387,　Ａブレード,386,mixed-follows+fixed,16,012,37.4,1 2,0,2,0 275 276 277 278 279 280 281 282 283 284 285
p_arc,400,ドバー,165,mixed-fixed,10,12,,2,0,0,499 500 501 502 503 504 505 506 507 508
p_arc,401,ドバーB,165,mixed-fixed,12,12,,2,0,0,509 510 511 512 513 514 515 516 517 518 519 520
p_arc,402,ドバー,165,mixed-fixed,10,12,,2,0,0,499 500 501 502 503 504 505 506 507 508
p_arc,403,ドバーB,165,mixed-fixed,12,12,,2,0,0,509 510 511 512 513 514 515 516 517 518 519 520
p_arc,404,ドバー,165,mixed-fixed,10,12,,2,0,0,499 500 501 502 503 504 505 506 507 508
p_arc,405,ドバーB,165,mixed-fixed,12,12,,2,0,0,509 510 511 512 513 514 515 516 517 518 519 520
p_arc,406,ドバー,165,mixed-fixed,10,12,,2,0,0,499 500 501 502 503 504 505 506 507 508
p_arc,407,ドバーB,165,mixed-fixed,12,12,,2,0,0,509 510 511 512 513 514 515 516 517 518 519 520
p_arc,408,ドバー,165,mixed-fixed,10,12,,2,0,0,499 500 501 502 503 504 505 506 507 508
p_arc,409,ドバーB,165,mixed-fixed,12,12,,2,0,0,509 510 511 512 513 514 515 516 517 518 519 520
p_arc,410,ドバー,165,mixed-fixed,10,12,,2,0,0,499 500 501 502 503 504 505 506 507 508
p_arc,411,ドバーB,165,mixed-fixed,12,12,,2,0,0,509 510 511 512 513 514 515 516 517 518 519 520
p_arc,649,ヘシン,,mixed-fixed,15,12,,2,0,0,907 908 909 910 911 912 913 914 915 916 917 918
p_arc,701,,700,follows-palette,9,0,35.3,,0,0,308 309 310 311 312 313 314 315 316
p_arc_d,80,,1,nosprite,0,,,,0,0,
p_arc_d,81,,2,nosprite,0,,,,0,0,
p_arc_d,82,,3,nosprite,0,,,,0,0,
p_arc_d,83,,4,nosprite,0,,,,0,0,
p_arc_d,85,,6,nosprite,0,,,,0,0,
p_arc_d,86,,7 550,nosprite,0,,,,0,0,
p_arc_d,87,,8 551,nosprite,0,,,,0,0,
p_arc_d,88,,8 551,nosprite,0,,,,0,0,
p_arc_d,89,,9 552,nosprite,0,,,,0,0,
p_arc_d,136,,178,nosprite,0,,,,0,0,
p_arc_d,145,,180 184,nosprite,0,,,,0,0,
p_arc_d,146,,181 185,nosprite,0,,,,0,0,
p_arc_d,179,,180 184,nosprite,0,,,,0,0,
p_arc_d,395,○とびのき用 ブレード,390 391 392,nosprite,8,,,2,0,1,1378 1379 1380 1381 1382 1383 1384 1385
p_arc_d,410,○EXとびのき用 ブレード,411,nosprite,8,,,2,0,3,1378 1379 1380 1381 1382 1383 1384 1385
p_arc_d,448,○空中飛びのきようブレード,445 446,nosprite,8,,,2,0,6,1359 1360 1361 1362 1363 1364 1365 1366
p_arc_d,452,○空中ＥＸ飛びのきようブレード,447,nosprite,8,,,2,0,4,1359 1360 1361 1362 1363 1364 1365 1366
p_arc_d,487,,181 185,nosprite,0,,,,0,0,
p_ciel,55,登場ダミー,50,follows-palette,3,0,44.2,1,1,0,866 867 868
p_ciel,96,生成親,95 127 142,follows-palette,1,0,43.7,1,0,1,423
p_ciel,97,,96,nosprite,0,,,1,0,0,
p_ciel,98,,96,nosprite,0,,,1,0,0,
p_ciel,170,214A 生成親,130 135,follows-palette,1,0,43.7,1,0,2,423
p_ciel,171,214B 生成親,131 136,follows-palette,1,0,43.7,1,0,2,423
p_ciel,172,,132 137,nosprite,0,,,,0,0,
p_ciel,173,214A BE 生成親,130 135,follows-palette,1,0,43.7,1,0,3,423
p_ciel,174,214B BE 生成親,131 136,follows-palette,1,0,43.7,1,0,3,423
p_ciel,175,214EX BE 生成親,132 137,follows-palette,1,0,43.7,1,0,2,423
p_ciel,184,,104 513 517 518,nosprite,0,,,,0,0,
p_ciel,185,　ロケットB続き,517 518,follows-palette,16,0,43.4,,4,1,134 137 139 141 226 227 321 322 323 324 325 326
p_ciel,187,ズドドド判定,185,follows-palette,2,0,43.6,1,1,1,0 321
p_ciel,188,ズドドド判定 EX,186,follows-palette,2,0,43.6,1,1,1,0 321
p_ciel,190,えぐり岩,100,nosprite,0,,,1,1,4,
p_ciel,191,えぐり岩,101,nosprite,0,,,1,1,5,
p_ciel,192,えぐり岩ＥＸ,102,follows-palette,1,0,43.3,1,1,2,0
p_ciel,193,ＢＥえぐり岩,101 103,nosprite,0,,,1,1,5,
p_ciel,195,ジャンプ強攻撃,103,follows-palette,14,0,43.4,,13,4,134 137 139 141 226 227 228 287 288 289 290 291
p_ciel,208,突進ダミーつかみ親,205,follows-palette,4,0,43.2,1,2,2,0 343 344 345
p_ciel,209,画面を暗転させる,205,follows-palette,3,0,43.2,1,0,0,0 12 13
p_ciel,210,効果線生成,208,follows-palette,1,0,43.3,1,0,0,0
p_ciel,211,早そうに見える煙,208,follows-palette,1,0,43.3,1,0,0,0
p_ciel,212,早そうに見える煙,207 215,follows-palette,1,0,43.3,1,0,0,0
p_ciel,216,,215,follows-palette,3,0,43.3,1,0,1,0 1 2
p_ciel,220,真横ミサイル,120,mixed-follows+fixed,2,04,38.9,1,2,1,384 400
p_ciel,221,斜めミサイル,121 145,mixed-follows+fixed,2,04,38.9,1,2,1,400 420
p_ciel,222,超技ミサイル,122 147,mixed-follows+fixed,2,04,38.9,1,1,1,400 420
p_ciel,223,斜めミサイル２,146,mixed-follows+fixed,2,04,38.9,1,2,1,400 420
p_ciel,226,真横ミサイル,122,mixed-follows+fixed,2,04,38.9,1,2,1,384 400
p_ciel,227,斜めミサイル,122 147,mixed-follows+fixed,2,04,38.9,1,2,1,400 420
p_ciel,233,だみー,231,follows-palette,10,0,43.7,,0,0,622 623 624 625 626 627 628 629 630 631
p_ciel,240,　ＬＡ音声,231,follows-palette,5,0,43.5,1,0,0,0 12 13 14 15
p_ciel,241,９９ヒットさせる君,231,follows-palette,3,0,43.3,1,0,1,0 1 2
p_ciel,243,１８ヒットさせる君,241,follows-palette,3,0,43.3,1,0,1,0 1 2
p_ciel,250,214A 親,125 140,nosprite,0,,,1,0,0,
p_ciel,251,214B 親,126 141,nosprite,0,,,1,0,0,
p_ciel,253,BE 214A 親,125 140,nosprite,0,,,1,0,0,
p_ciel,254,BE 214B 親,126 141,nosprite,0,,,1,0,0,
p_ciel,277,,276,follows-palette,2,0,43.3,1,0,0,0 1
p_ciel,288,縦よび,251 254,nosprite,0,,,1,0,1,
p_ciel,289,縦よび,250 253,nosprite,0,,,1,0,1,
p_ciel,290,縦雷Ａ,288 289,nosprite,0,,,1,0,0,
p_ciel,291,縦雷Ｂ,288 289,nosprite,0,,,1,0,0,
p_ciel,294,えぐり破片,190 191 192 193 194,nosprite,0,,,1,0,0,
p_ciel,295,岩破壊,192,nosprite,0,,,1,0,0,
p_ciel,296,岩破壊,192,nosprite,0,,,1,0,0,
p_ciel,297,ランダム煙,191 193 194,nosprite,0,,,1,0,0,
p_ciel,298,岩破壊小,190 191 193 194,nosprite,0,,,1,0,0,
p_ciel,299,007小,2,mixed-fixed,4,12,,2,0,0,104 105 106 107
p_ciel,300,002,1,rgb,3,1,,2,0,0,46 47 48
p_ciel,301,003,2,rgb,4,1,,2,0,0,57 58 59 60
p_ciel,302,005,151,rgb,1,3,,2,0,0,80
p_ciel,303,007,3 34 524 525 526,mixed-fixed,4,12,,2,0,0,104 105 106 107
p_ciel,304,009,153 510,mixed-fixed,4,12,,2,0,0,127 128 129 130
p_ciel,305,101,4,mixed-fixed,4,-11,,2,0,0,160 161 162 163
p_ciel,306,103,5,rgb,4,1,,2,0,0,174 175 176 177
p_ciel,307,106,85 92 157 158 159 197,rgb,3,1,,2,0,0,206 207 208
p_ciel,308,201,7,mixed-fixed,4,-11,,2,0,0,249 250 251 252
p_ciel,309,203,8,mixed-fixed,4,12,,2,0,0,268 269 270 271
p_ciel,310,206,9 195 522,rgb,3,1,,2,0,0,294 295 296
p_ciel,311,300,100 101 102 103,fixed-indexed,3,4,,2,0,0,306 307 308
p_ciel,312,300,100 101 102 103,fixed-indexed,6,4,,2,0,0,309 310 311 312 313 314
p_ciel,313,岩本体,,rgb,1,1,,1,0,0,315
p_ciel,314,岩破片,325 327,rgb,1,1,,1,0,0,316
p_ciel,315,岩破片,325 327,rgb,1,1,,1,0,0,319
p_ciel,316,岩破片,325 326 327 328,fixed-indexed,1,4,,1,0,0,318
p_ciel,317,岩破片,325 326 327 328,fixed-indexed,1,4,,1,0,0,317
p_ciel,318,310,105 106 107 115 116 117,rgb,4,1,,2,0,0,330 331 332 333
p_ciel,319,310,185 186,rgb,2,1,,2,1,0,334 335
p_ciel,320,310,105 106 107 516,fixed-indexed,7,4,,2,0,0,336 337 338 339 340 341 342
p_ciel,321,509,75 76,rgb,3,3,,,0,0,767 768 769
p_ciel,322,310 消える,105 106 115 116 516,rgb,2,1,,2,0,0,334 335
p_ciel,323,310 消える EX,107 117,rgb,2,1,,2,0,0,334 335
p_ciel,324,ラピッド用,85 92,fixed-indexed,3,4,,1 2,0,0,306 307 308
p_ciel,325,バラ,515,follows-palette,2,0,43.3,1,0,0,0 1
p_ciel,326,小バラ,515,follows-palette,2,0,43.3,1,0,0,0 1
p_ciel,327,バラ,515,follows-palette,2,0,43.3,1,0,0,0 1
p_ciel,328,小バラ,515,follows-palette,2,0,43.3,1,0,0,0 1
p_ciel,330,超ダッシュ煙,85 86 87 94 112,fixed-indexed,7,4,,,0,0,476 477 478 479 480 481 482
p_ciel,331,急降下蹴り,196,rgb,5,1,,2,0,0,484 485 486 487 488
p_ciel,332,蹴り上げエフェクト,197,fixed-indexed,5,4,,2,0,0,310 311 312 313 314
p_ciel,333,007,,mixed-fixed,4,12,,2,0,0,104 105 106 107
p_ciel,335,見た目,170 171 173 174 175 176,nosprite,0,,,1,0,0,
p_ciel,336,見た目,170 171 173 174 175 176,nosprite,0,,,1,0,0,
p_ciel,340,羽呼び出し,205,nosprite,4,,,2,0,0,1149 1150 1151 1152
p_ciel,341,,340,nosprite,0,,,2,0,0,
p_ciel,342,,340,nosprite,0,,,2,0,0,
p_ciel,343,,340,nosprite,0,,,2,0,0,
p_ciel,344,紙,207 215,nosprite,0,,,1,0,0,
p_ciel,400,効果線,210,nosprite,0,,,,0,0,
p_ciel,402, パイルエフェクト続き,405,mixed-fixed,6,12,,2,0,0,364 365 366 367 368 369
p_ciel,403, パイルエフェクト続き,406,mixed-fixed,6,12,,2,0,0,364 365 366 367 368 369
p_ciel,404, パイルエフェクト続き,407,mixed-fixed,6,12,,2,0,0,364 365 366 367 368 369
p_ciel,405,パイルエフェクト,110 111,rgb,6,1,,2,0,0,359 360 361 362 363 364
p_ciel,406,ＢＥパイルエフェクト,90 91 110 111 112,rgb,6,1,,2,0,0,359 360 361 362 363 364
p_ciel,407,ＥＸパイルエフェクト,87 94 113,rgb,6,1,,2,0,0,359 360 361 362 363 364
p_ciel,410,ミサイル,220 221 223 226 227,rgb,12,1,,,0,0,385 386 387 388 389 390 391 392 393 394 395 396
p_ciel,411,発射煙,120 121 122 145 146 147,fixed-indexed,5,4,,1,0,0,401 402 403 404 405
p_ciel,412,ミサイル消滅,220 221 223 226 227,mixed-fixed,3,14,,1,0,0,397 398 399
p_ciel,413,ミサイル,222,rgb,12,1,,,0,0,385 386 387 388 389 390 391 392 393 394 395 396
p_ciel,414,ミサイル消滅,222,mixed-fixed,4,14,,1,0,0,397 398 399 400
p_ciel,415,発射煙,411,fixed-indexed,6,4,,,0,0,405 406 407 408 409 410
p_ciel,417,衝撃前,112,rgb,8,1,,2,0,0,468 469 470 471 472 473 474 475
p_ciel,420,衝撃億,207 215 231,mixed-fixed,8,12,,2,0,0,460 461 462 463 464 465 466 467
p_ciel,421,衝撃前,207 215 231,rgb,8,1,,2,0,0,468 469 470 471 472 473 474 475
p_ciel,422,土煙,112 207 215,fixed-indexed,7,4,,,0,0,476 477 478 479 480 481 482
p_ciel,423,AD突進,87 94 112 208,rgb,5,1,,2,1,0,484 485 486 487 488
p_ciel,424,羽,205,mixed-fixed,20,12,,2,0,0,489 490 491 492 493 494 495 496 497 498 499 500
p_ciel,425,†,205,fixed-indexed,1,2,,2,0,0,509
p_ciel,426,†,425,fixed-indexed,1,2,,2,0,0,509
p_ciel,427,十字切り抜き,215,mixed-follows+fixed,3,02,43.3,1 2,0,0,0 510 570
p_ciel,430,魔方陣,233,rgb,25,1,,2,0,0,511 512 513 514 515 516 517 518 519 520 521 522
p_ciel,432,手前ピカピカ,231,rgb,18,1,,1 2,0,0,536 537 538 539 540 541 542 543 544 545 546 547
p_ciel,433,おくピカピカ,432,rgb,7,1,,2,0,0,554 555 556 557 558 559 560
p_ciel,434,点滅,432,rgb,1,1,,2,0,0,571
p_ciel,435,ホワイトアウト,231,fixed-indexed,10,2,,2,0,0,561 562 563 564 565 566 567 568 569 570
p_ciel,436,ＢＧ,231,rgb,1,1,,,0,0,572
p_ciel,437,光,233,fixed-indexed,1,2,,2,0,0,573
p_ciel,438,ペカッ,231,fixed-indexed,1,2,,1,0,0,570
p_ciel,440,地上　横　,130 131 132,rgb,9,1,,1 2,0,0,643 644 645 646 647 648 649 650 651
p_ciel,441,地上　縦,95 125 126 127,rgb,9,1,,1 2,0,0,663 664 665 666 667 668 669 670 671
p_ciel,442,空中　横,135 136 137,rgb,9,1,,1 2 3,0,0,678 679 680 681 682 683 684 685 686
p_ciel,443,空中　縦,140 141 142,rgb,9,1,,1 2 3,0,0,695 696 697 698 699 700 701 702 703
p_ciel,445,ためる玉部分,95 125 126 127 130 131,mixed-fixed,2,12,,2,1,0,642 643
p_ciel,501,弱攻撃,1 4 7,follows-palette,2,0,43.3,1,0,0,0 12
p_ciel,502,中攻撃,2 5 8 34 154,follows-palette,2,0,43.3,1,0,0,0 12
p_ciel,503,強攻撃,2 3 6 9 34 153,follows-palette,2,0,43.3,1,0,0,0 12
p_ciel,513,ダッシュ,,mixed-follows+fixed,32,01,43.0,,27,6,0 133 134 135 195 196 197 198 199 200 201 202
p_ciel,514,ダッシュ,,mixed-follows+fixed,10,01,43.7,,11,0,347 348 349 350 351 352 360 361 362 527
p_ciel,515,,,mixed-follows+fixed,2,01,43.3,1,1,1,0 319
p_ciel,516,ロケットA,,mixed-follows+fixed,13,01,43.9,,7,4,324 325 326 327 328 329 330 331 332 333 744 745
p_ciel,517,パイルA,,mixed-follows+fixed,16,01,43.0,1,8,3,0 1 349 350 351 352 353 354 355 356 357 358
p_ciel,518,上パイル,,mixed-follows+fixed,14,01,43.4,,8,3,352 357 358 359 360 361 362 437 438 439 440 441
p_ciel,523,＠急降下キック,,mixed-follows+fixed,7,01,43.4,,7,2,272 273 274 275 530 531 538
p_ciel,602,邪魔ですね,50,follows-palette,5,0,26.3,,0,0,881 882 883 884 885
p_ciel,603,引かないのならつぶすだけです,50,follows-palette,6,0,43.3,,0,0,0 881 882 883 884 885
p_ciel,604,重いお仕置きといきましょう,50,follows-palette,6,0,43.3,,0,0,0 881 882 883 884 885
p_ciel,605,粉砕しますよ　セブン,50,follows-palette,5,0,26.3,,0,0,881 882 883 884 885
p_ciel,606,粉砕をはじめますよセブン,50,follows-palette,5,0,26.3,,0,0,881 882 883 884 885
p_ciel,607,その魂,50,follows-palette,6,0,43.3,,0,0,0 881 882 883 884 885
p_ciel,608,きなさい能書きは,50 600,follows-palette,6,0,43.3,,0,0,0 881 882 883 884 885
p_ciel,612,まだ息はありますね,53,follows-palette,4,0,26.3,,0,0,906 907 908 909
p_ciel,613,丈夫じゃないですか,53,follows-palette,5,0,26.3,,0,0,906 907 908 909 910
p_ciel,614,こんなものですか,53,follows-palette,4,0,26.3,,0,0,906 908 909 910
p_ciel,615,話になりませんね,53,follows-palette,4,0,26.3,,0,0,906 907 909 910
p_ciel,616,軟弱な,53 610,follows-palette,3,0,26.3,,0,0,906 907 908
ries,136,ブレード ボディ,110 112 437 452 532,rgb,7,1,,,0,0,534 535 536 537 538 539 540
ries,137,煙,45 92 110 111 112 113,mixed-fixed,10,14,,,0,0,542 543 544 545 546 547 548 549 550 551
ries,138,ブレード アッパー,111 112 113 437 532,rgb,7,1,,,0,0,574 575 576 577 578 579 580
ries,139,ブレード ストレート,111 438,rgb,7,1,,,0,0,595 596 597 598 599 600 601
ries,140,ブレード ふりおろし,112 532,rgb,7,1,,,0,0,616 617 618 619 620 621 622
ries,141,ブレード 立ち弱,1,mixed-fixed,5,12,,2,0,0,39 40 41 42 43
ries,142,ブレード 立ち中,2 501,mixed-fixed,4,12,,2,0,0,55 56 57 58
ries,143,ブレード 立ち強,3,rgb,5,1,,2,0,0,71 72 73 74 75
ries,145,ブレード J強１,9,fixed-indexed,2,4,,,0,0,120 121
ries,146,ブレード J強２,9,mixed-fixed,6,12,,2,0,0,122 123 124 125 126 127
ries,147,ブレード ストレート,3,fixed-indexed,3,4,,,0,0,76 77 78
ries,148,,,mixed-fixed,6,12,,2,0,0,468 469 470 471 472 473
ries,149,しゃがみ中ＢＬ,5,mixed-fixed,6,12,,2,0,0,468 469 470 471 472 473
ries,150,立ち中２ＢＬ,2,mixed-fixed,6,12,,2,0,0,468 469 470 471 472 473
ries,151,ジャンプ強２ＢＬ,427 445 451,mixed-fixed,6,12,,2,0,0,468 469 470 471 472 473
ries,152,ジャンプ中２ＢＬ,8,mixed-fixed,6,12,,2,0,0,468 469 470 471 472 473
ries,155,ガードダッシュエフェクト,45 125 126 127,fixed-indexed,1,2,,2,0,0,654
ries,159,○ＧＣ盾　盾波動,161 162 163,fixed-indexed,1,2,,2,0,0,654
ries,160,○ＧＣ盾　,131 164 165 166,rgb,7,1,,2,0,0,690 691 692 693 694 695 696
ries,161,○ＧＣ盾　波動文字,164,rgb,5,1,,2,0,0,677 678 679 680 681
ries,162,○ＧＣ盾　波動文字,165,rgb,5,1,,2,0,0,677 682 683 684 685
ries,163,○ＧＣ盾　波動文字,166,rgb,5,1,,2,0,0,677 686 687 688 689
ries,164,○ＧＣ盾　盾関数１,130 393,fixed-indexed,1,2,,1,0,0,654
ries,165,○ＧＣ盾　盾関数2,131,fixed-indexed,1,2,,1,0,0,654
ries,166,○ＧＣ盾　盾関数3,132,fixed-indexed,1,2,,1,0,0,654
ries,168,ブレード ストレート わっか,139,fixed-indexed,1,2,,2,0,0,654
ries,169,ブレード ボディ わっか,136,fixed-indexed,1,2,,2,0,0,654
ries,170,ブレード アッパー わっか,138,fixed-indexed,1,2,,2,0,0,654
ries,171,ブレード ふりおろし わっか,140,fixed-indexed,1,2,,2,0,0,654
ries,180,△ためＥＦ煙,179,mixed-fixed,22,14,,2,0,0,752 753 754 755 756 757 758 759 760 761 762 763
ries,182,波紋大,185,fixed-indexed,1,2,,2,0,0,654
ries,183,波紋中,186,fixed-indexed,1,2,,2,0,0,654
ries,184,波紋小,187,fixed-indexed,1,2,,2,0,0,654
ries,185,BE波紋大,188,rgb,5,1,,2,0,0,677 682 683 684 685
ries,186,BE波紋中,188,rgb,5,1,,2,0,0,677 682 683 684 685
ries,187,BE波紋小,188,rgb,5,1,,2,0,0,677 682 683 684 685
ries,188,○BEＧＣ盾　関数＋判定,131,mixed-follows+fixed,2,02,23.8,1,1,1,0 654
ries,200,ブレード ストレート わっか,,mixed-fixed,8,14,,,0,0,552 553 554 555 556 557 558 559
ries,201,ブレード ボディ わっか,,mixed-fixed,8,14,,,0,0,552 553 554 555 556 557 558 559
ries,202,ブレード アッパー わっか,,mixed-fixed,8,14,,,0,0,552 553 554 555 556 557 558 559
ries,203,ブレード ふりおろし わっか,,mixed-fixed,8,14,,,0,0,552 553 554 555 556 557 558 559
ries,205,盾突進エフェクト,45 125 127,rgb,6,1,,2,0,0,648 649 650 651 652 653
ries,206,,126,rgb,6,1,,2,0,0,655 656 657 658 659 660
ries,207,ガード昇竜ＥＦＦ,440 441 442,rgb,6,1,,2,0,0,661 662 663 664 665 666
ries,375,☆ブレード,374,rgb,4,1,,2,0,0,516 517 518 519
ries,376,☆ブレード盾,374,fixed-indexed,2,4,,,0,0,520 521
ries,380,昇竜拳 ブレード,425 426 427 430 431 432,mixed-fixed,13,12,,2,0,0,796 797 798 799 800 801 802 803 804 805 806 807
ries,381,昇竜拳 ブレード,427 432,mixed-fixed,13,12,,2,0,0,796 797 798 799 800 801 802 803 804 805 806 807
ries,384,△バスターウルフ ブレード,175 176 179 181,mixed-fixed,6,12,,2,0,0,836 837 838 839 840 841
ries,385,△,175 176 179 181,rgb,6,1,,2,0,0,842 843 844 845 846 847
ries,386,△,175 176 179 181 485,mixed-fixed,14,14,,,0,0,848 849 850 851 852 853 854 855 856 857 858 859
ries,387,△キャッチエフェクト,175 176 181,mixed-fixed,5,12,,2,0,0,862 863 864 865 866
ries,389,なげ,86,rgb,2,1,,,0,0,1045 1046
ries,398,　AAD音声,401,follows-palette,3,0,22.2,1,0,0,0 1 2
ries,402,AADつかみ部分,401,follows-palette,4,0,22.9,1 2,0,2,0 2 3 4
ries,403,,,fixed-indexed,1,2,,2,0,0,654
ries,404,ADとどめEFF １,408,mixed-fixed,17,12,,2,0,0,979 980 981 982 983 984 985 986 987 988 989 990
ries,405,ADとどめEFF ２,408,mixed-fixed,17,12,,2,0,0,996 997 998 999 1000 1001 1002 1003 1004 1005 1006 1007
ries,406,ADとどめEFF ３,408,fixed-indexed,12,4,,,0,0,1013 1014 1015 1016 1017 1018 1019 1020 1021 1022 1023 1024
ries,407,ADとどめEFF ４,408,nosprite,0,,,,0,0,
ries,408,発動関数,402,follows-palette,1,0,23.8,1,0,0,0
ries,409,盾EFF,400 401,mixed-fixed,24,12,,2,0,0,882 883 884 885 886 887 888 889 890 891 892 893
ries,410,,400 401,mixed-fixed,19,12,,2,0,0,906 907 908 909 910 911 912 913 914 915 916 917
ries,411,,410,fixed-indexed,16,2,,2,0,0,925 926 927 928 929 930 931 932 933 934 935 936
ries,412,,400 401,fixed-indexed,22,2,,2,0,0,941 942 943 944 945 946 947 948 949 950 951 952
ries,413,槍,402,mixed-follows+fixed,11,012,23.8,1 2,0,0,0 963 964 965 966 967 968 969 970 971 972
ries,416,わっか,418,mixed-fixed,8,12,,2,0,0,1122 1123 1124 1125 1126 1127 1128 1129
ries,417,星,418,fixed-indexed,7,2,,2,0,0,1130 1131 1132 1133 1134 1135 1136
ries,418,上の２つ呼び出し関数,401,follows-palette,4,0,22.3,1,0,0,0 1 2 3
ries,419,盾からでるやつ,,rgb,5,1,,2,0,0,1137 1138 1139 1140 1141
ries,423,6Aブレード,422,mixed-fixed,6,12,,2,0,0,468 469 470 471 472 473
ries,469,飛び道具部分,465,follows-palette,3,0,22.2,1,0,0,0 1 2
ries,472,柱,469 526,rgb,18,1,,2,0,0,697 698 699 700 701 702 703 704 705 706 707 708
ries,473,煙,469 526,fixed-indexed,19,4,,1,0,0,715 716 717 718 719 720 721 722 723 724 725 726
ries,479,わっかと判定,475 522,mixed-fixed,18,12,,2,0,23,734 735 736 737 738 739 740 741 742 743 744 745
ries,480,煙,475 522,mixed-fixed,22,14,,,0,0,752 753 754 755 756 757 758 759 760 761 762 763
ries,486,△バスターウルフ ブレード,485,mixed-fixed,6,12,,2,0,0,836 837 838 839 840 841
ries,487,△,485,rgb,6,1,,2,0,0,842 843 844 845 846 847
ries,488,△キャッチエフェクト,485,mixed-fixed,5,12,,2,0,0,862 863 864 865 866
ries,496,☆ＬＡ魔方陣,498,fixed-indexed,1,4,,1,0,0,1025
ries,498,☆ＬＡタイムテーブル,495,mixed-follows+fixed,5,01,23.8,1,0,0,0 978 979 980 981
ries,499,☆ＬＡ攻撃判定,498,follows-palette,2,0,22.8,1,0,1,0 1
ries,500,盾からでるやつ,495,rgb,5,1,,2,0,0,1137 1138 1139 1140 1141
ries,502,ADとどめEFF ４,498,nosprite,0,,,,0,0,
ries,504,AAD背景管理関数,401,follows-palette,1,0,23.8,1,0,0,0
ries,505,背景,504 512,rgb,1,1,,1,0,0,1026
ries,507,光もや,504 512,rgb,1,3,,1,0,0,1028
ries,508,光関数,504 512,follows-palette,1,0,23.8,1,0,0,0
ries,509,光,508,fixed-indexed,1,4,,1,0,0,1027
ries,515,盾のEFFっぽい,,rgb,5,1,,2,0,0,774 775 776 777 778
ries,517,盾のEFFっぽい,520 521 522,rgb,5,1,,2,0,0,774 775 776 777 778
ries,518,,520 521,fixed-indexed,22,2,,2,0,0,941 942 943 944 945 946 947 948 949 950 951 952
ries,523,飛び道具部分,520,follows-palette,1,0,23.8,1,0,0,0
ries,524,飛び道具部分,521,follows-palette,1,0,23.8,1,0,0,0
ries,525,わっかと判定,,mixed-fixed,18,12,,2,0,18,734 735 736 737 738 739 740 741 742 743 744 745
ries,535,ブレード ボディ,530,rgb,7,1,,,0,0,534 535 536 537 538 539 540
ries,536,ブレード ボディ わっか,535,fixed-indexed,1,2,,2,0,0,654
ries,537,ブレード アッパー,531,rgb,7,1,,,0,0,574 575 576 577 578 579 580
ries,538,ブレード アッパー わっか,537,fixed-indexed,1,2,,2,0,0,654
ries,710,黒フェード,702,follows-palette,1,0,28.3,1,0,0,1121
roa,59,変身かみなり,58,rgb,7,1,,2,0,0,920 921 922 923 924 925 926
roa,106,落雷 0,,mixed-follows+fixed,21,-1012,41.7,2,0,2,0 396 397 398 399 400 401 402 403 404 405 406
roa,132,セット魔方陣,101 105,rgb,20,1,,2,0,0,581 582 583 584 585 586 587 588 589 590 591 592
roa,152,AD音声,150,follows-palette,3,0,41.7,1,0,0,0 1 2
roa,153,攻撃判定,154,follows-palette,1,0,41.7,1,0,1,0
roa,154,つかみ判定,150,follows-palette,1,0,41.7,1,0,4,0
roa,155,横かみなりEX Eff,150 180,mixed-fixed,20,-112,,2,0,0,376 377 378 379 380 381 382 383 384 385 386 387
roa,156,自分の魔方陣,151 181,mixed-follows+fixed,22,01,41.7,1 2,0,0,0 644 645 646 647 648 649 650 651 652 653 654
roa,157,相手の魔方陣,154 187,mixed-follows+fixed,15,01,41.7,1 2,0,0,0 665 666 667 668 669 670 671 672 673 674 675
roa,159,いろいろ呼び出し,151,follows-palette,5,0,41.7,1,0,0,0 1 2 3 4
roa,160,魔方陣1,182,mixed-follows+fixed,2,01,41.7,1 2,0,0,0 681
roa,161,魔方陣1外側,182,mixed-follows+fixed,2,01,41.7,1 2,0,0,0 682
roa,162,魔方陣2,182,mixed-follows+fixed,2,01,41.7,1 2,0,0,0 683
roa,163,魔方陣2外側,182,mixed-follows+fixed,2,01,41.7,1 2,0,0,0 685
roa,164,魔方陣3,182,mixed-follows+fixed,2,01,41.7,1 2,0,0,0 686
roa,165,魔方陣3外側,182,mixed-follows+fixed,2,01,41.7,1 2,0,0,0 687
roa,166,魔方陣4,182,mixed-follows+fixed,2,01,41.7,1 2,0,0,0 687
roa,167,魔方陣4外側,182,mixed-follows+fixed,2,01,41.7,1 2,0,0,0 688
roa,169,BG,159 182,mixed-follows+fixed,2,01,41.7,1,0,0,0 709
roa,170,かみなり呼び出し,159,follows-palette,5,0,41.7,1,0,0,0 1 2 3 4
roa,171,光の柱,170 183,fixed-indexed,1,2,,2,0,0,689
roa,172,↓,170 183,mixed-follows+fixed,18,-1012,41.7,1 2,0,0,0 692 693 694 695 696 697 698 699 700 701 702
roa,173,→,170 183,mixed-follows+fixed,18,-1012,41.7,1 2,0,0,0 692 693 694 695 696 697 698 699 700 701 702
roa,174,広がる三日月,170 183,rgb,1,1,,2,0,0,691
roa,175,発光,170 183,rgb,1,1,,2,0,0,690
roa,177,くっつくかみなり,157,mixed-follows+fixed,3,01,41.7,1 2,0,0,0 679 680
roa,182,いろいろ呼び出し,181,follows-palette,5,0,41.7,1,0,0,0 1 2 3 4
roa,183,かみなり呼び出しBH,182,follows-palette,5,0,41.7,1,0,0,0 1 2 3 4
roa,184,ななめA,183,mixed-follows+fixed,18,-1012,41.7,1 2,0,0,0 692 693 694 695 696 697 698 699 700 701 702
roa,185,ななめB,183,mixed-follows+fixed,18,-1012,41.7,1 2,0,0,0 692 693 694 695 696 697 698 699 700 701 702
roa,186,BH攻撃判定,187,follows-palette,1,0,41.7,1,0,1,0
roa,187,BHつかみ判定,180,follows-palette,1,0,41.7,1,0,2,0
roa,195,足元からのEFF,191,rgb,12,1,,,0,0,710 711 712 713 714 715 716 717 718 719 720 721
roa,196,全画面EFF 手前,191,mixed-follows+fixed,33,0134,41.7,1,0,0,0 722 723 724 725 726 727 728 729 730 731 732
roa,197,はじける白,198 199,rgb,11,3,,,0,0,785 786 787 788 789 790 791 792 793 794 795
roa,198,BG,191,mixed-follows+fixed,43,013,41.7,1,0,0,0 754 755 756 757 758 759 760 761 762 763 764
roa,199,全画面EFF 手前,,mixed-follows+fixed,32,01,41.7,1,0,0,0 754 755 756 757 758 759 760 761 762 763 764
roa,200,光,198,fixed-indexed,1,2,,2,0,0,797
roa,201,粒→,200,fixed-indexed,1,2,,2,0,0,798
roa,202,粒←,200,fixed-indexed,1,2,,2,0,0,798
roa,205, ☆AD音声,151,follows-palette,3,0,41.7,1,0,0,0 1 2
roa,206, ☆AAD音声,181,follows-palette,2,0,41.7,1,0,0,1 2
roa,207, ☆LA音声,190,follows-palette,2,0,41.7,1,0,0,1 2
roa,221,チョップ用電撃EFF,9 220 493,mixed-follows+fixed,5,01,41.7,2,0,0,0 318 319 320 321
roa,223,地獄突き用電撃EFF,222,mixed-follows+fixed,5,01,41.7,2,0,0,0 318 319 320 321
roa,229,ワープ終了電撃,,rgb,2,1,,2,0,0,623 624
roa,230,＠最速風神,,mixed-follows+fixed,7,01,40.1,2,5,1,607 608 609 610 621 622 623
roa,231,＠風神,,mixed-follows+fixed,7,01,40.1,2,5,1,607 608 609 610 621 622 623
roa,273,投げ電撃EFF,269 272 274,mixed-follows+fixed,5,01,41.7,2,0,0,0 318 319 320 321
roa,395,汎用電撃EFF,85 86 275,mixed-follows+fixed,5,01,41.7,2,0,0,0 318 319 320 321
roa,396,汎用暗転中電撃EFF,402 422 482 492 498 502,mixed-follows+fixed,5,01,41.7,2,0,0,0 318 319 320 321
roa,404,横かみなり EFF,400,mixed-fixed,20,-112,,2,0,1,366 367 368 369 370 371 372 373 374 375 386 387
roa,405,横かみなりEX Eff,,mixed-fixed,20,-112,,2,0,1,376 377 378 379 380 381 382 383 384 385 386 387
roa,406,横かみなりB EFF,401,mixed-fixed,20,-112,,2,0,3,366 367 368 369 370 371 372 373 374 375 386 387
roa,412,落雷 縦,408 409 410,mixed-follows+fixed,21,-1012,41.7,2,0,2,0 396 397 398 399 400 401 402 403 404 405 406
roa,415,地面衝撃,106 412 446 560 561 562,mixed-fixed,12,12,,2,0,0,447 448 449 450 451 452 453 454 455 456 457 458
roa,416,横かみなり A BE EFF,400,mixed-fixed,20,-112,,2,0,2,366 367 368 369 370 371 372 373 374 375 386 387
roa,417,横かみなり B BE EFF,401,mixed-fixed,20,-112,,2,0,3,366 367 368 369 370 371 372 373 374 375 386 387
roa,418,横雷生成,402,follows-palette,3,0,41.7,1,0,7,0 2 3
roa,419,横かみなりEX Eff,418,mixed-fixed,20,-112,,2,0,0,376 377 378 379 380 381 382 383 384 385 386 387
roa,425,空中電撃EFF,420 421,mixed-fixed,14,12,,2,0,0,467 468 469 470 471 472 473 474 475 476 477 478
roa,426,空中電撃EX EFF,422,mixed-fixed,20,12,,2,0,0,481 482 483 484 485 486 487 488 489 490 491 492
roa,427,空中電撃EFF,425,mixed-fixed,7,12,,2,0,0,474 475 476 477 478 479 480
roa,437,落雷 斜め,434 435 436,mixed-follows+fixed,18,-1012,41.7,2,0,4,0 416 417 418 419 420 421 422 423 424 425 426
roa,438,発射口,437,mixed-fixed,14,12,,2,0,0,433 434 435 436 437 438 439 440 441 442 443 444
roa,439,地面衝撃,437,mixed-fixed,12,12,,2,0,0,447 448 449 450 451 452 453 454 455 456 457 458
roa,446,落雷 縦,447,mixed-follows+fixed,21,-1012,41.7,2,0,2,0 396 397 398 399 400 401 402 403 404 405 406
roa,447,落雷EXジェネレータ,445,follows-palette,3,0,41.7,1,0,0,0 1 2
roa,454,設置発射口C↑,,mixed-fixed,14,12,,2,0,0,433 434 435 436 437 438 439 440 441 442 443 444
roa,455,設置発射口A↑,,mixed-fixed,14,12,,2,0,0,433 434 435 436 437 438 439 440 441 442 443 444
roa,456,設置発射口B↑,444,mixed-fixed,14,12,,2,0,0,433 434 435 436 437 438 439 440 441 442 443 444
roa,458,共通落雷 ↑,454 455 456,mixed-follows+fixed,18,-1012,41.7,2,0,2,0 416 417 418 419 420 421 422 423 424 425 426
roa,459,設置発射口A ↓→,,mixed-fixed,14,12,,2,0,0,433 434 435 436 437 438 439 440 441 442 443 444
roa,460,設置発射口A ↓→,452,mixed-fixed,14,12,,2,0,0,433 434 435 436 437 438 439 440 441 442 443 444
roa,461,設置発射口A →,453,mixed-fixed,14,12,,2,0,0,433 434 435 436 437 438 439 440 441 442 443 444
roa,462,,459,nosprite,0,,,,0,0,
roa,463,共通落雷 ↓→,460,mixed-follows+fixed,18,-1012,41.7,2,0,4,0 416 417 418 419 420 421 422 423 424 425 426
roa,464,共通落雷 →,461,mixed-follows+fixed,18,-1012,41.7,2,0,2,0 416 417 418 419 420 421 422 423 424 425 426
roa,465,,444,nosprite,0,,,,0,0,
roa,466,発射口EX,,mixed-fixed,14,12,,2,0,0,433 434 435 436 437 438 439 440 441 442 443 444
roa,467,落雷EX ↑,466,mixed-follows+fixed,18,-1012,41.7,2,0,2,0 416 417 418 419 420 421 422 423 424 425 426
roa,471,落雷 斜め,469,mixed-follows+fixed,18,-1012,41.7,2,0,4,0 416 417 418 419 420 421 422 423 424 425 426
roa,472,発射口,471,mixed-fixed,14,12,,2,0,0,433 434 435 436 437 438 439 440 441 442 443 444
roa,473,地面衝撃,471,mixed-fixed,12,12,,2,0,0,447 448 449 450 451 452 453 454 455 456 457 458
roa,475,設置全発動,469,follows-palette,1,0,41.7,1,0,0,0
roa,484,縦Eff,480 482,rgb,8,1,,2,0,0,522 523 524 525 526 527 528 529
roa,485,横Eff,481 482,rgb,8,1,,2,0,0,530 531 532 533 534 535 536 537
roa,486,縦Eff小,477 478 480,rgb,8,1,,2,0,0,522 523 524 525 526 527 528 529
roa,494,対空電撃Eff,490 491 492 496 497 498,mixed-fixed,11,-11,,2,0,0,547 548 549 550 551 552 553 554 555 556 557
roa,503,落雷 斜め,502,mixed-follows+fixed,18,-1012,41.7,2,0,4,0 416 417 418 419 420 421 422 423 424 425 426
roa,504,発射口,503 506,mixed-fixed,14,12,,2,0,0,433 434 435 436 437 438 439 440 441 442 443 444
roa,505,地面衝撃,503 506,mixed-fixed,12,12,,2,0,0,447 448 449 450 451 452 453 454 455 456 457 458
roa,506,落雷 斜め,500 501,mixed-follows+fixed,18,-1012,41.7,2,0,15,0 416 417 418 419 420 421 422 423 424 425 426
roa,512,キラッA,511 515 516,follows-palette,1,0,41.7,1,0,0,610
roa,513,キラッB,511 515 516,rgb,1,1,,1,0,0,611
roa,514,くっつく電撃ピカピカ,515 516,mixed-follows+fixed,3,-10,41.7,1,0,0,0 609 612
roa,515,＠突進A,,mixed-follows+fixed,12,01,40.1,2,8,1,0 601 602 603 604 605 606 607 608 609 610 621
roa,518,残像,517,mixed-follows+fixed,4,01,42.0,1 2,0,0,606 621 622 623
roa,519,判定,517,follows-palette,3,0,41.7,1,0,2,0 1 2
roa,520,とどめ判定,517,follows-palette,3,0,41.7,1,0,1,0 1 2
roa,521,攻撃線,519,mixed-fixed,8,-11,,2,0,0,376 377 378 379 380 381 382 383
roa,524,ワープ開始電撃,517,mixed-follows+fixed,8,-101,41.7,1 2,0,0,0 611 612 613 614 615 616 617
roa,525,ワープ中電撃,518,rgb,3,1,,2,0,0,618 619 620
roa,526,ワープ終了電撃,517,mixed-follows+fixed,2,01,41.7,1 2,0,0,1 624
roa,529,＠ワープA,,mixed-follows+fixed,13,01,40.1,1 2,6,1,601 602 603 604 605 606 607 608 609 610 621 622
roa,530,＠ワープB,,mixed-follows+fixed,15,01,40.1,1 2,12,2,0 1 601 602 603 604 605 606 607 608 609 610
roa,531,ワープ開始電撃,529 530 536 571,mixed-fixed,7,-11,,2,0,0,611 612 613 614 615 616 617
roa,532,ワープ中電撃,529 530 536 571,rgb,3,1,,2,0,0,618 619 620
roa,533,ワープ終了電撃,230 231 529 530 536,rgb,2,1,,2,0,0,623 624
roa,536,＠斜め上ワープ,,mixed-follows+fixed,21,01,40.1,1 2,9,1,148 149 150 151 152 153 154 155 156 280 281 601
roa,541,動くもの,540,mixed-fixed,4,12,,1,0,0,433 444 445 446
roa,542,発射口,541,mixed-fixed,14,12,,2,0,0,433 434 435 436 437 438 439 440 441 442 443 444
roa,543,落雷 斜め,541,mixed-fixed,10,12,,2,0,6,416 417 420 421 423 424 425 426 427 432
roa,544,地面衝撃,543 545,mixed-fixed,12,12,,2,0,0,447 448 449 450 451 452 453 454 455 456 457 458
roa,545,落雷 斜め,,mixed-follows+fixed,18,-1012,41.7,2,0,4,0 416 417 418 419 420 421 422 423 424 425 426
roa,550,"発生 飛5　3,5,7",103,follows-palette,4,0,41.7,1,0,0,0 1 2 3
roa,551,"硬直 飛6 1,3,5,7,9,11",553,follows-palette,4,0,41.7,1,0,0,0 1 2 3
roa,552,位置分岐→呼553,103,follows-palette,4,0,41.7,1,0,0,0 1 2 3
roa,553,雷呼び出し　変数4,552,follows-palette,4,0,41.7,1,0,0,0 1 2 9
roa,554,ダメ・判定,553,follows-palette,11,0,41.7,1,0,4,0 1 2 3 4 5 6 7 8 9 10
roa,556,音声,103,follows-palette,4,0,41.7,1,0,0,0 1 2 3
roa,557,設置が反応するか分岐,553,follows-palette,4,0,41.7,1,0,0,0 1 2 3
roa,560,落雷 縦Lv0,554,mixed-follows+fixed,21,-1012,41.7,2,0,0,0 396 397 398 399 400 401 402 403 404 405 406
roa,561,落雷 縦,554,mixed-follows+fixed,21,-1012,41.7,2,0,0,0 396 397 398 399 400 401 402 403 404 405 406
roa,562,落雷 縦,554,mixed-follows+fixed,21,-1012,41.7,2,0,0,0 396 397 398 399 400 401 402 403 404 405 406
roa,563,落雷 縦Lv5,554,mixed-follows+fixed,21,-1012,41.7,2,0,0,0 396 397 398 399 400 401 402 403 404 405 406
roa,564,落雷 縦LvCS,555,mixed-follows+fixed,21,-1012,41.7,2,0,0,0 396 397 398 399 400 401 402 403 404 405 406
roa,571,＠斜め上ワープ,,mixed-follows+fixed,23,01,39.5,1 2,17,3,148 149 150 151 152 153 154 155 156 322 323 324
roa,572,空中電撃EFF,,mixed-fixed,14,12,,2,0,0,467 468 469 470 471 472 473 474 475 476 477 478
roa,585,設置発射口A↑,580,mixed-fixed,14,12,,2,0,0,433 434 435 436 437 438 439 440 441 442 443 444
roa,586,設置発射口B↑,581,mixed-fixed,14,12,,2,0,0,433 434 435 436 437 438 439 440 441 442 443 444
roa,587,設置発射口C↑,582,mixed-fixed,14,12,,2,0,0,433 434 435 436 437 438 439 440 441 442 443 444
roa,590,共通落雷 ↑,585 586 587,mixed-follows+fixed,18,-1012,41.7,2,0,4,0 416 417 418 419 420 421 422 423 424 425 426
roa,591,ＢＥ共通落雷 ↑,615 616 617,mixed-follows+fixed,18,-1012,41.7,2,0,2,0 416 417 418 419 420 421 422 423 424 425 426
roa,592,！設置全発動,557,follows-palette,1,0,41.7,1,0,0,0
roa,600,設置発射口A →,595,mixed-fixed,14,12,,2,0,0,433 434 435 436 437 438 439 440 441 442 443 444
roa,601,設置発射口B →,596,mixed-fixed,14,12,,2,0,0,433 434 435 436 437 438 439 440 441 442 443 444
roa,602,設置発射口C →,597,mixed-fixed,14,12,,2,0,0,433 434 435 436 437 438 439 440 441 442 443 444
roa,605,共通落雷 →,600 601 602,mixed-follows+fixed,18,-1012,41.7,2,0,4,0 416 417 418 419 420 421 422 423 424 425 426
roa,606,ＢＥ共通落雷 →,610 611 612,mixed-follows+fixed,18,-1012,41.7,2,0,2,0 416 417 418 419 420 421 422 423 424 425 426
roa,610,BE設置発射口A →,595,mixed-fixed,14,12,,2,0,0,433 434 435 436 437 438 439 440 441 442 443 444
roa,611,BE設置発射口B →,596,mixed-fixed,14,12,,2,0,0,433 434 435 436 437 438 439 440 441 442 443 444
roa,612,BE設置発射口C →,597,mixed-fixed,14,12,,2,0,0,433 434 435 436 437 438 439 440 441 442 443 444
roa,615,BE設置発射口A↑,580,mixed-fixed,14,12,,2,0,0,433 434 435 436 437 438 439 440 441 442 443 444
roa,616,BE設置発射口B↑,581,mixed-fixed,14,12,,2,0,0,433 434 435 436 437 438 439 440 441 442 443 444
roa,617,BE設置発射口C↑,582,mixed-fixed,14,12,,2,0,0,433 434 435 436 437 438 439 440 441 442 443 444
ryougi,20,　立ち呼吸瞬き,0 800,follows-palette,5,0,33.2,1,0,0,0 7 8 9 10
ryougi,21,未使用,,mixed-follows+fixed,32,02,31.9,,0,0,297 595 675 720 721 722 723 724 725 726 727 938
ryougi,43,体にくっつくナイフ拾い判定,35 36 37 38 39 40,follows-palette,2,0,34.7,1,1,0,0 12
ryougi,45,　ＢＥ大音声,3 378 430,follows-palette,2,0,33.9,1,0,0,0 1
ryougi,62,ダッシュの砂煙手前,60 223 224 225 310 311,follows-palette,1,0,33.9,1,0,0,0
ryougi,63,ダッシュの砂煙奥,60 223 224 225 310 311,follows-palette,1,0,33.9,1,0,0,0
ryougi,64,ダッシュ煙反転,59 61,follows-palette,1,0,33.9,1,0,0,0
ryougi,72,　投げ音声,71,follows-palette,5,0,33.9,1,0,0,0 1 2 3 4
ryougi,100,立ち中 ２段 ブレードA,2,rgb,3,1,,2,0,0,31 32 33
ryougi,101,立ち中 ２段 ブレードB,176,rgb,3,1,,2,0,0,34 35 36
ryougi,102,ジャンプ弱 ブレード,7,mixed-fixed,4,12,,2,0,0,106 107 108 109
ryougi,103,ジャンプ中 ブレード,8,rgb,3,1,,2,0,0,116 117 118
ryougi,104,ジャンプ強 ブレード,9 252,rgb,3,1,,2,0,0,125 126 127
ryougi,105,ジャンプ攻撃１ ブレード,7,rgb,2,1,,2,0,0,428 429
ryougi,106,J攻撃 ブレード,9,rgb,3,1,,2,0,0,546 547 548
ryougi,107,J攻撃 二段斬りブレードA,8,rgb,3,1,,2,0,0,532 533 534
ryougi,108,J攻撃 二段斬りブレードB,8 180,rgb,3,1,,2,0,0,535 536 537
ryougi,109,立ち強３ ブレード,3,rgb,3,1,,2,0,0,478 479 480
ryougi,110,立ち強　ブレード,3,rgb,3,1,,2,0,0,419 420 421
ryougi,111,立ち強ブレード,,rgb,3,1,,2,0,0,464 465 466
ryougi,112,J攻撃 二段斬りブレードB強,,rgb,3,1,,2,0,0,535 536 537
ryougi,113,三段斬り突進暫定,378,mixed-fixed,4,12,,2,0,0,106 107 108 109
ryougi,115,投げ ブレード,71 272 276,rgb,3,1,,2,0,0,1228 1229 1230
ryougi,116,斬った時のどかーん,71 272 276,mixed-follows+fixed,7,012,33.9,1 2,0,0,0 1231 1232 1233 1234 1235 1236
ryougi,117,6C追加のどかーん,435 438 440 441,mixed-follows+fixed,7,012,33.9,1 2,0,0,0 1231 1232 1233 1234 1235 1236
ryougi,119,３Ｃブレード,5,rgb,3,1,,2,0,0,406 407 408
ryougi,120,しゃがみ攻撃２ ブレード,5 251,rgb,2,1,,2,0,0,499 500
ryougi,121,しゃがみ攻撃１ ブレード,4,rgb,3,1,,2,0,0,488 489 490
ryougi,122,しゃがみ攻撃３ ブレード,178,rgb,3,1,,2,0,0,509 510 511
ryougi,123,すっごい移動する屈大ブレード,6,rgb,3,1,,2,0,0,88 89 90
ryougi,125,必殺１ ブレード,218 231 233 331 332 341,rgb,4,1,,2,0,0,596 597 598 599
ryougi,126,必殺２ ブレード,219 232 234 360 491 515,rgb,4,1,,2,0,0,600 601 602 603
ryougi,127,立ち強３ ブレード必殺,,rgb,3,1,,2,0,0,478 479 480
ryougi,128,必殺２ ブレードＥＸ,362 492 517,rgb,4,1,,2,0,0,600 601 602 603
ryougi,129,立ち強３ ブレード必殺EX,,rgb,3,1,,2,0,0,478 479 480
ryougi,130,突進斬りブレード,220 226 230 315 316 317,rgb,3,1,,2,0,0,666 667 668
ryougi,131,派生三段上段締め,368 382 396 397,mixed-follows+fixed,4,01,34.8,2,0,0,739 740 741 742
ryougi,132,振り下ろしブレード,368 390 396 717,rgb,3,1,,2,0,0,669 670 671
ryougi,133,派生〆ブレード,,rgb,3,1,,2,0,0,672 673 674
ryougi,134,二段目中段ブレード,274 368 392 400 714,rgb,3,1,,2,0,0,728 729 730
ryougi,135,立ち強 特殊技ブレード,410,rgb,3,1,,2,0,0,65 66 67
ryougi,136,立ち強 特殊技EXブレード,,rgb,3,1,,2,0,0,65 66 67
ryougi,137,受身斬りブレード,480 481 482,rgb,3,1,,2,0,0,872 873 874
ryougi,138,その場回転ブレード,385 386,rgb,3,1,,2,0,0,753 754 755
ryougi,139,その場回転EXブレード,387,rgb,3,1,,2,0,0,753 754 755
ryougi,140,立ち強 6C短い特殊技ブレード,430 437 439,rgb,3,1,,2,0,0,65 66 67
ryougi,143,必殺１ ブレード反転,335 337 361 516,rgb,4,1,,2,0,0,596 597 598 599
ryougi,144,振り下ろしブレードEX,390 397,rgb,4,1,,2,0,0,676 677 678 679
ryougi,145,連携１ ブレード,1,rgb,2,1,,2,0,0,449 450
ryougi,146,連携２ ブレード,141 150 250,rgb,2,1,,2,0,0,451 452
ryougi,147,連携３ ブレード,85 86 142 151,rgb,2,1,,2,0,0,453 454
ryougi,148,三段打ち上げ,368 377 396 397 716,rgb,3,1,,2,0,0,116 117 118
ryougi,149,当て身エフェクト,580 581 582 585 586 587,mixed-fixed,9,12,,2,0,0,1188 1189 1190 1191 1192 1193 1194 1195 1196
ryougi,153,目閉じ重ね,155,follows-palette,1,0,8.7,,0,0,1331
ryougi,156,これが答えでござる,155 185 602,follows-palette,5,0,13.8,1,0,0,1329 1331 1332 1333 1336
ryougi,158,いま、おかしなこと,157,follows-palette,8,0,10.0,,0,0,1380 1381 1382 1385 1386 1387 1388 1389
ryougi,167,案外面白かったかな,160,follows-palette,6,0,10.0,,0,0,1380 1382 1385 1386 1387 1389
ryougi,168,うんいいんじゃないかアンタ,161,follows-palette,4,0,10.0,,0,0,1382 1385 1386 1387
ryougi,169,満足したか？,162,follows-palette,5,0,33.9,1,0,0,0 1357 1358 1359 1362
ryougi,170,なんて無様,163,follows-palette,4,0,33.9,1,0,0,0 1359 1362 1364
ryougi,171,これでしまいだ,164,follows-palette,5,0,33.9,1,0,0,0 9 1405 1408 1409
ryougi,172,寝てろ起こさないから,165,follows-palette,5,0,10.0,1,0,0,1405 1408 1409 1410 1412
ryougi,173,ちぇ、石頭な石頭,166,follows-palette,5,0,10.0,,0,0,1382 1384 1385 1386 1387
ryougi,204,　↓呼び,50,follows-palette,1,0,33.9,1,0,0,0
ryougi,235,相手サーチするヒット魔眼,3 218 219 220 230 233,follows-palette,4,0,34.6,1,3,0,0 11 12 13
ryougi,236,相手サーチするヒット魔眼 大,654,follows-palette,4,0,34.6,1,3,0,0 11 12 13
ryougi,240,ラウンドとると親8+55,194,follows-palette,2,0,34.6,1,0,0,0 11
ryougi,245,変数4 表1 裏2,315 316 317 320 321 322,follows-palette,3,0,34.6,1,1,0,0 11 12
ryougi,275,空中投げスカ音声,70 271,follows-palette,2,0,33.9,1,0,0,0 1
ryougi,285,ガーブレ音声,280 282,follows-palette,2,0,33.9,1,0,0,0 1
ryougi,295,両儀用斬り 呼び出し,235,follows-palette,1,0,33.9,2,0,0,0
ryougi,296,１,295,nosprite,0,,,,0,0,
ryougi,297,２,295,nosprite,0,,,,0,0,
ryougi,298,３,295,nosprite,0,,,,0,0,
ryougi,300,両儀用斬り 呼び出し大,236,follows-palette,1,0,33.9,2,0,0,0
ryougi,301,１,300,nosprite,0,,,,0,0,
ryougi,302,２,300,nosprite,0,,,,0,0,
ryougi,303,３,300,nosprite,0,,,,0,0,
ryougi,388,　音声,387,follows-palette,2,0,33.9,1,0,0,0 1
ryougi,398,　つかみ判定,397,follows-palette,2,0,34.0,1,0,6,0 15
ryougi,399,　いっちょあがりだ,397,follows-palette,2,0,33.9,1,0,0,0 1
ryougi,422,つかみ判定,419 452,follows-palette,5,0,34.2,1,0,2,0 11 12 13 14
ryougi,423,　音声,421,follows-palette,5,0,33.9,1,0,0,0 1 2 3 4
ryougi,428,自分と相手の中間に残像を出す,427 430 437,follows-palette,2,0,32.8,1,0,0,0 44
ryougi,429,,437 439,nosprite,0,,,,0,0,
ryougi,447,■相手まで14Fで到着,446,follows-palette,1,0,33.9,1,0,0,0
ryougi,540,発生F調整　地上,533,follows-palette,4,0,34.6,1,0,0,0 11 12 13
ryougi,541,硬直F調整　地上,533,follows-palette,4,0,34.6,1,0,0,0 11 12 13
ryougi,545,＠地上ナイフ分岐　→,533,follows-palette,1,0,33.9,,0,0,0
ryougi,546,＠空中ナイフ分岐　→,508 511 512 528 535 538,follows-palette,1,0,33.9,,0,0,0
ryougi,547,＠地上ナイフＢＥ分岐　→,533,follows-palette,1,0,33.9,,0,0,0
ryougi,557,1P・2P識別,555 556,mixed-follows+fixed,5,04,33.9,1,0,0,0 825 826 827 828
ryougi,560,ナイフ共通判定　浮き,550 551 552 553,follows-palette,1,0,33.9,1,0,1,0
ryougi,561,ナイフ共通判定　ガード不能,570,follows-palette,1,0,33.9,1,0,1,0
ryougi,572,　元凶ナイフEX判定　固め,574,follows-palette,1,0,33.9,1,0,1,0
ryougi,574,　斜め下ナイフ 角度分岐,573,follows-palette,2,0,34.6,1,2,0,0 804
ryougi,576,　斜め下ナイフ 角度分岐,575,follows-palette,2,0,34.6,1,0,0,0 804
ryougi,577,　ナイフEX判定　固め,574 576 579,follows-palette,1,0,33.9,1,0,2,0
ryougi,579,　横ナイフ　共通,578,follows-palette,1,0,45.7,,1,0,804
ryougi,603,風が完全に病んだかチェック,605,follows-palette,2,0,34.6,1,0,0,0 11
ryougi,605,管理　変数3,600,follows-palette,10,0,33.0,1,0,1,0 11 12 13 14 15 16 17 18 19
ryougi,606,カメラ管理,605,follows-palette,4,0,34.2,1,0,0,0 11 12 14
ryougi,607,LA用白い板,610,rgb,1,3,,1,0,0,1128
ryougi,608,LA背景,605,rgb,1,1,,1,0,0,942
ryougi,609,ホワイトアウト素材,,rgb,1,3,,,0,0,943
ryougi,610,LAブレード,601 602,rgb,6,3,,,0,0,1009 1010 1011 1012 1013 1014
ryougi,611,花びら,616,indexed-palette-constant,14,0,0.0,1,0,0,944 945 946 947 948 949 950 951 952 953 954 955
ryougi,612,小１,611,indexed-palette-constant,7,0,0.0,1,0,0,958 959 960 961 962 963 964
ryougi,613,小２,611,indexed-palette-constant,8,0,0.0,1,0,0,965 966 967 968 969 970 971 972
ryougi,615,花びらの親呼び出しディレイ,605,follows-palette,1,0,33.9,1,0,0,0
ryougi,617,BGMストップ,601 602,follows-palette,3,0,34.2,1,0,0,0 11 14
ryougi,619,LA開始と同時の桜,605,follows-palette,2,0,34.6,1,0,0,0 11
ryougi,620,背景の花びら管理,605,follows-palette,4,0,34.6,1,0,0,0 11 12 13
ryougi,623,　ＬＡ音声,601 602,follows-palette,7,0,33.9,1,0,0,0 1 2 3 4 5 6
ryougi,626,　0-10,619 620,follows-palette,2,0,33.5,1,0,0,0 14
ryougi,627, 10-20,620,follows-palette,2,0,33.5,1,0,0,0 14
ryougi,628, 20-30,620,follows-palette,2,0,33.5,1,0,0,0 14
ryougi,630,花びら１,626 627 628 635,follows-palette,10,0,32.5,1,0,0,0 973 974 975 976 977 978 979 980 981
ryougi,631,花びら２,626 627 628 635,follows-palette,10,0,32.5,1,0,0,0 982 983 984 985 986 987 988 989 990
ryougi,632,花びら３,626 627 628 635,follows-palette,10,0,32.5,1,0,0,0 991 992 993 994 995 996 997 998 999
ryougi,633,花びら４,626 627 628 635,follows-palette,10,0,33.2,1,0,0,0 1000 1001 1002 1003 1004 1005 1006 1007 1008
ryougi,637,ちょくし…,624,follows-palette,3,0,7.5,,0,0,893 894 896
ryougi,638,ユメと知りなさい,624,follows-palette,5,0,7.5,1,0,0,892 893 894 895 896
ryougi,639,全てはユメと,623 624,follows-palette,4,0,9.4,1,0,0,892 894 895 896
ryougi,640,花びらドバー,605,mixed-follows+fixed,26,01,33.9,1,0,0,0 1015 1016 1017 1018 1019 1020 1021 1022 1023 1024 1025
ryougi,642,両儀の狭間に消えなさい,624,follows-palette,5,0,10.9,1,0,0,933 934 935 936 937
ryougi,643,それが名残の花よ,624,follows-palette,5,0,10.9,1,0,0,933 934 935 936 937
ryougi,655,つかみ分岐,647 679,follows-palette,1,0,33.9,1,0,4,0
ryougi,657,つかんでぽい・魔眼分岐(暗転確定,646,follows-palette,4,0,34.3,1,0,2,0 12 13 14
ryougi,658,背景暗転管理序盤のみ,646 686,follows-palette,3,0,34.6,1,0,0,0 11 12
ryougi,660,ブレード1,652,rgb,7,1,,2,0,0,1091 1092 1093 1094 1095 1096 1097
ryougi,661,ブレード２,652,rgb,7,1,,2,0,0,1098 1099 1100 1101 1102 1103 1104
ryougi,662,ブレード３,652,rgb,7,1,,2,0,0,1105 1106 1107 1108 1109 1110 1111
ryougi,665,ダッシュの砂煙奥,647 679,follows-palette,1,0,33.9,1,0,0,0
ryougi,666,,679,nosprite,0,,,,0,0,
ryougi,670,ブラーっぽいもの,671,rgb,1,3,,3,0,0,1121
ryougi,671,ほぼ地上用死の線,646 686,mixed-follows+fixed,2,03,33.9,1 3,0,0,0 1121
ryougi,672,BGMストップ,646 679 686,follows-palette,3,0,34.2,1,0,0,0 11 14
ryougi,673,キラッ☆の～,647,mixed-follows+fixed,3,01,33.9,1 2,0,0,0 1119 1120
ryougi,674,キラッ☆演出固定,647,mixed-fixed,7,12,,2,0,0,1112 1113 1115 1116 1117 1118 1119
ryougi,676,AADラスト背景,654,rgb,27,13,,2,0,0,1122 1123 1124 1125 1126 1127 1128 1129 1130 1131 1132 1133
ryougi,677,　ＡＡＤの式の影１　乗算,652,follows-palette,1,0,32.9,1,0,0,1076
ryougi,678,　ＡＡＤの式の影２　減算,677,follows-palette,1,0,32.9,3,0,0,1076
ryougi,687,つかんでぽい・魔眼分岐,686,follows-palette,4,0,34.3,1,0,1,0 12 13 14
ryougi,704,　タイムカウント,705,follows-palette,1,0,37.5,1,0,0,824
ryougi,723,　飛ぶナイフ,720,follows-palette,1,0,45.7,,1,0,804
ryougi,724,　飛ぶナイフ,721,follows-palette,1,0,45.7,,1,0,804
ryougi,725,　飛ぶナイフ,722,follows-palette,1,0,45.7,,2,0,804
ryougi,726,　BE飛ぶナイフ,720,follows-palette,1,0,45.7,,2,0,804
ryougi,727,　BE飛ぶナイフ,721,follows-palette,1,0,45.7,,2,0,804
ryougi,733,　飛ぶナイフ,730,follows-palette,1,0,45.7,,1,0,804
ryougi,734,　飛ぶナイフ,731,follows-palette,1,0,45.7,,1,0,804
ryougi,735,　飛ぶナイフ,732,follows-palette,1,0,45.7,,2,0,804
ryougi,736,　BE飛ぶナイフ,730,follows-palette,1,0,45.7,,2,0,804
ryougi,737,　BE飛ぶナイフ,731,follows-palette,1,0,45.7,,2,0,804
ryougi,743,　飛ぶナイフ,740,follows-palette,1,0,45.7,,2,0,804
ryougi,744,　飛ぶナイフ,741,follows-palette,1,0,45.7,,1,0,804
ryougi,745,　斜め下ナイフ 角度分岐,742,follows-palette,2,0,34.6,1,1,0,0 804
ryougi,746,　BE飛ぶナイフ,740,follows-palette,1,0,45.7,,2,0,804
ryougi,747,　BE飛ぶナイフ,741,follows-palette,1,0,45.7,,2,0,804
s_akiha,85,JCクロスするブレード,9 467,mixed-fixed,9,12,,2,0,0,74 75 76 77 78 79 80 81 82
s_akiha,86,JBクロスするブレード,8,mixed-fixed,9,12,,2,0,0,74 75 76 77 78 79 80 81 82
s_akiha,87,汎用ブレード中,,rgb,2,1,,2,0,0,74 75
s_akiha,89,A-3 ブレード,,mixed-fixed,9,12,,2,0,0,74 75 76 77 78 79 80 81 82
s_akiha,90,A-2 ブレード,451,mixed-fixed,9,12,,2,0,0,74 75 76 77 78 79 80 81 82
s_akiha,91,6中ブレード,240,mixed-fixed,9,12,,2,0,0,74 75 76 77 78 79 80 81 82
s_akiha,92,屈大ブレード,,mixed-fixed,9,12,,2,0,0,74 75 76 77 78 79 80 81 82
s_akiha,93,屈中ブレード,5 466,mixed-fixed,9,12,,2,0,0,74 75 76 77 78 79 80 81 82
s_akiha,95,汎用ブレード小,,mixed-fixed,9,12,,2,0,0,74 75 76 77 78 79 80 81 82
s_akiha,96,汎用ブレード中,,mixed-fixed,9,12,,2,0,0,74 75 76 77 78 79 80 81 82
s_akiha,97,汎用ブレード大,,mixed-fixed,9,12,,2,0,0,74 75 76 77 78 79 80 81 82
s_akiha,98,汎用ブレード中,,rgb,2,1,,2,0,0,74 75
s_akiha,100,A,1,mixed-fixed,13,12,,2,0,0,18 19 20 21 22 23 24 25 26 27 28 29
s_akiha,101,B,2,mixed-fixed,13,12,,2,0,0,46 47 48 49 50 51 52 53 54 55 56 57
s_akiha,102,BB,150 465,mixed-fixed,15,12,,2,0,0,59 60 61 62 63 64 65 66 67 68 69 70
s_akiha,103,2A,4,mixed-fixed,11,12,,2,0,0,88 89 90 91 92 93 94 95 96 97 98
s_akiha,104,4C,3 178,mixed-fixed,15,12,,2,0,0,508 509 510 511 512 513 514 515 516 517 518 519
s_akiha,106,地面のうず,,mixed-fixed,16,14,,1,0,0,684 685 686 687 688 689 690 691 692 693 694 695
s_akiha,107,とげ,,fixed-indexed,11,4,,,0,0,700 701 702 703 704 705 706 707 708 709 710
s_akiha,108,とげＢ,,mixed-fixed,12,14,,,0,0,711 712 713 714 715 716 717 718 719 720 721 722
s_akiha,109,とげＥＸ,,mixed-fixed,12,14,,,0,0,723 724 725 726 727 728 729 730 731 732 733 734
s_akiha,110,設置物,,mixed-fixed,19,14,,,0,0,735 736 737 738 739 740 741 742 743 744 745 746
s_akiha,111,爆発,,fixed-indexed,13,4,,2,0,0,754 755 756 757 758 759 760 761 762 763 764 765
s_akiha,112,2A,4,mixed-fixed,11,12,,2,0,0,88 89 90 91 92 93 94 95 96 97 98
s_akiha,113,,,mixed-fixed,32,14,,,0,0,1122 1123 1124 1125 1126 1127 1128 1129 1130 1131 1132 1133
s_akiha,114,屈大ブレード,6,mixed-fixed,8,12,,2,0,0,119 120 121 122 123 124 125 126
s_akiha,115,ボール,505 506 507 515 516 517,mixed-fixed,14,14,,2,0,0,813 814 815 816 817 818 819 820 821 822 823 824
s_akiha,116,ボール大,,mixed-fixed,14,14,,2,0,0,813 814 815 816 817 818 819 820 821 822 823 824
s_akiha,117,逆再生ボール,,mixed-fixed,14,14,,2,0,0,813 814 815 816 817 818 819 820 821 822 823 824
s_akiha,118,ボール爆発,,mixed-fixed,14,14,,2,0,0,813 814 815 816 817 818 819 820 821 822 823 824
s_akiha,120,対空EFF,233 234 235 330,mixed-fixed,16,12,,2,0,0,536 537 538 539 540 541 542 543 544 545 546 547
s_akiha,121,対空EFF大,236,mixed-fixed,16,12,,2,0,0,536 537 538 539 540 541 542 543 544 545 546 547
s_akiha,122,地面から飛び出す対空EFF,363 395 396,mixed-fixed,16,12,,2,0,0,536 537 538 539 540 541 542 543 544 545 546 547
s_akiha,123,地面から飛び出す対空EFF,363 395 396 397,mixed-fixed,16,12,,2,0,0,536 537 538 539 540 541 542 543 544 545 546 547
s_akiha,124,地面のうず,395 396 397,mixed-fixed,16,14,,2,0,0,684 685 686 687 688 689 690 691 692 693 694 695
s_akiha,125,とげＢ,,mixed-fixed,12,14,,,0,0,711 712 713 714 715 716 717 718 719 720 721 722
s_akiha,126,縮小していく地面のうず,363,mixed-fixed,16,14,,2,0,0,684 685 686 687 688 689 690 691 692 693 694 695
s_akiha,127,とげ→,363 395 396 397,fixed-indexed,11,4,,2,0,0,700 701 702 703 704 705 706 707 708 709 710
s_akiha,128,とげ←,363 395 396 397,mixed-follows+fixed,12,04,46.2,1 2,0,0,0 700 701 702 703 704 705 706 707 708 709 710
s_akiha,129,地面のうず逆回転,363,mixed-fixed,16,14,,2,0,0,684 685 686 687 688 689 690 691 692 693 694 695
s_akiha,130,AD 足下わっか,,fixed-indexed,26,2,,2,0,0,938 939 940 941 942 943 944 945 946 947 948 949
s_akiha,131,AD 足下どん,371 372 375 376,fixed-indexed,25,2,,2,0,0,964 965 966 967 968 969 970 971 972 973 974 975
s_akiha,132,AD 足下炎,371 375,fixed-indexed,18,4,,,0,0,989 990 991 992 993 994 995 996 997 998 999 1000
s_akiha,133,AD火柱,373 377,mixed-fixed,46,12,,2,0,0,1007 1008 1009 1010 1011 1012 1013 1014 1015 1016 1017 1018
s_akiha,134,AD火柱暫定ミス,,mixed-fixed,30,12,,2,0,0,1007 1008 1009 1010 1011 1012 1013 1014 1015 1016 1017 1018
s_akiha,135,暫定 AD失敗マーク,372 376,mixed-fixed,13,12,,2,0,1,1109 1110 1111 1112 1113 1114 1115 1116 1117 1118 1119 1120
s_akiha,136,暫定 AD失敗マーク,135,mixed-fixed,5,12,,2,0,0,1109 1110 1111 1112 1113
s_akiha,140,汎用波紋,,rgb,6,1,,2,0,0,1065 1066 1067 1068 1069 1070
s_akiha,185,AB火柱,180 181,mixed-fixed,18,12,,2,0,8,770 771 772 773 774 775 776 777 778 779 780 781
s_akiha,186,EX火柱,182,mixed-fixed,18,12,,2,0,4,770 771 772 773 774 775 776 777 778 779 780 781
s_akiha,202,ひろがるわっか,201,fixed-indexed,13,4,,2,0,1,754 755 756 757 758 759 760 761 762 763 764 765
s_akiha,225,炎EFF,215 220,mixed-fixed,18,12,,2,0,4,651 652 653 654 655 656 657 658 659 660 661 662
s_akiha,226,炎EFF,216 221,mixed-fixed,18,12,,2,0,4,651 652 653 654 655 656 657 658 659 660 661 662
s_akiha,227,炎EFF,217 222,mixed-fixed,18,12,,2,0,4,651 652 653 654 655 656 657 658 659 660 661 662
s_akiha,233,234でるものA,,rgb,1,1,,1,0,5,602
s_akiha,234,でるものA,230,rgb,1,1,,1,0,5,602
s_akiha,235,でるもの,230 231,rgb,1,1,,1,0,9,602
s_akiha,236,でるものＥＸ,232,rgb,1,1,,1,0,8,602
s_akiha,238,周囲を回る炎,237,rgb,7,1,,2,0,3,890 891 892 893 894 895 896
s_akiha,251,なっとくできません,249,follows-palette,5,0,3.3,,0,0,1314 1315 1316 1317 1318
s_akiha,252,小癪なまねを,250,follows-palette,5,0,3.3,,0,0,1319 1320 1321 1322 1323
s_akiha,272,　投げの裏にある手,270 271 273,follows-palette,4,0,37.0,1,0,0,1166 1168 1170 1172
s_akiha,277,投げのマーク,271 276,mixed-fixed,13,12,,2,0,2,1109 1110 1111 1112 1113 1114 1115 1116 1117 1118 1119 1120
s_akiha,278,投げのマーク生,273,mixed-fixed,13,12,,2,0,1,1109 1110 1111 1112 1113 1114 1115 1116 1117 1118 1119 1120
s_akiha,305,　236B EFF,311,mixed-fixed,16,12,,2,0,5,599 600 601 602 603 604 605 606 607 608 609 610
s_akiha,316,交差する飛び道具EFF,310,mixed-fixed,16,12,,2,0,5,599 600 601 602 603 604 605 606 607 608 609 610
s_akiha,317,交差する飛び道具EFF EX,312,mixed-fixed,16,12,,2,0,8,599 600 601 602 603 604 605 606 607 608 609 610
s_akiha,318,交差する飛び道具EFF,313 314,mixed-fixed,16,12,,2,0,3,599 600 601 602 603 604 605 606 607 608 609 610
s_akiha,319,交差する飛び道具EFF EX,315 472,mixed-fixed,16,12,,2,0,10,599 600 601 602 603 604 605 606 607 608 609 610
s_akiha,323,たまの判定,320 321 322 325 326,follows-palette,3,0,46.2,1,0,2,0 1 2
s_akiha,331,＠必殺,,mixed-follows+fixed,2,01,40.8,2,0,2,601 800
s_akiha,340,AB火柱,335 336,mixed-fixed,18,12,,2,0,8,770 771 772 773 774 775 776 777 778 779 780 781
s_akiha,341,EX火柱,337,mixed-fixed,18,12,,2,0,4,770 771 772 773 774 775 776 777 778 779 780 781
s_akiha,363,時間で飛び出す設置の判定,360 361 362 365 366 367,follows-palette,5,0,46.5,1,0,10,0 1 2 3 4
s_akiha,373,攻撃判定,371,mixed-follows+fixed,3,01,46.2,1,0,1,0 1008 1010
s_akiha,377,攻撃判定,375,mixed-follows+fixed,3,01,46.2,1,0,1,0 1008 1010
s_akiha,395,追加発動する設置の判定,385 390,follows-palette,9,0,45.8,1,2,8,106 107 108 111 113 114 115 117 118
s_akiha,396,追加発動する設置の判定,386 391,follows-palette,5,0,46.5,1,2,8,0 1 2 3 4
s_akiha,397,追加発動する設置の判定,387 392,mixed-follows+fixed,9,01,47.4,1,2,8,39 40 41 42 43 44 45 46 47
s_akiha,402,画面全体特殊判定,400 401,follows-palette,1,0,46.2,1,1,0,0
s_akiha,403,画面全体特殊判定2 BE,400 401,follows-palette,1,0,46.2,1,1,0,0
s_akiha,414,位置あわせ用,,mixed-fixed,16,-112,,2,0,0,839 840 841 842 843 844 845 846 847 848 849 850
s_akiha,415,まわるもの　低,410,mixed-fixed,16,-112,,2,0,0,839 840 841 842 843 844 845 846 847 848 849 850
s_akiha,416,まわるもの　高,,mixed-fixed,16,-112,,2,0,0,839 840 841 842 843 844 845 846 847 848 849 850
s_akiha,417,まわるもの　EX,412,mixed-fixed,16,-112,,2,0,0,839 840 841 842 843 844 845 846 847 848 849 850
s_akiha,418,,411,nosprite,0,,,,0,0,
s_akiha,420,攻撃判定,415 416 445 446,follows-palette,2,0,46.2,1,0,4,1 2
s_akiha,421,攻撃判定 EX,417 447,follows-palette,2,0,46.2,1,0,4,1 2
s_akiha,429,カッター出るまで低,405,mixed-fixed,12,-112,,2,0,0,839 840 841 842 843 844 845 846 847 848 849 850
s_akiha,430,カッター出るまで並,406 440,mixed-fixed,12,-112,,2,0,0,839 840 841 842 843 844 845 846 847 848 849 850
s_akiha,431,カッター出るまで高,441,mixed-fixed,12,-112,,2,0,0,839 840 841 842 843 844 845 846 847 848 849 850
s_akiha,432,カッター出るまでEX,407 442,mixed-fixed,12,-112,,2,0,0,839 840 841 842 843 844 845 846 847 848 849 850
s_akiha,433,回転親,429 430 431,follows-palette,3,0,46.2,1,0,8,0 1 2
s_akiha,434,　回転,433,rgb,10,1,,2,0,0,851 852 853 854 855 856 857 858 859 860
s_akiha,435,　回転抜け,415 433,rgb,8,1,,2,0,0,861 862 863 864 865 866 867 868
s_akiha,436,回転親,432,follows-palette,3,0,46.2,1,0,8,0 1 2
s_akiha,437,　回転,436,rgb,10,1,,2,0,0,851 852 853 854 855 856 857 858 859 860
s_akiha,438,　回転抜け,436,rgb,8,1,,2,0,0,861 862 863 864 865 866 867 868
s_akiha,445,まわるもの　低,,mixed-fixed,16,-112,,2,0,0,839 840 841 842 843 844 845 846 847 848 849 850
s_akiha,446,まわるもの　高,,mixed-fixed,16,-112,,2,0,0,839 840 841 842 843 844 845 846 847 848 849 850
s_akiha,447,まわるもの　EX,,mixed-fixed,16,-112,,2,0,0,839 840 841 842 843 844 845 846 847 848 849 850
s_akiha,453,屈大ブレード,452,mixed-fixed,8,12,,2,0,0,119 120 121 122 123 124 125 126
s_akiha,454,屈大ブレード,,mixed-fixed,8,12,,2,0,0,119 120 121 122 123 124 125 126
s_akiha,473,交差する飛び道具EFF,470,mixed-fixed,16,12,,2,0,5,599 600 601 602 603 604 605 606 607 608 609 610
s_akiha,474,新鳥　壁吹き飛び,471,mixed-fixed,16,12,,2,0,3,599 600 601 602 603 604 605 606 607 608 609 610
s_akiha,485,周囲を回る炎,480,rgb,7,1,,2,0,3,890 891 892 893 894 895 896
s_akiha,486,周囲を回る炎,481,rgb,7,1,,2,0,3,890 891 892 893 894 895 896
s_akiha,487,周囲を回る炎,482,rgb,7,1,,2,0,6,890 891 892 893 894 895 896
s_akiha,505,たまの判定,500,follows-palette,3,0,46.2,1,0,2,0 1 2
s_akiha,506,たまの判定,501,follows-palette,3,0,46.2,1,0,2,0 1 2
s_akiha,507,たまの判定,502,follows-palette,3,0,46.2,1,0,2,0 1 2
s_akiha,515,たまの判定,510,follows-palette,3,0,46.2,1,0,2,0 1 2
s_akiha,516,たまの判定,511,follows-palette,3,0,46.2,1,0,2,0 1 2
s_akiha,517,たまの判定,512,follows-palette,3,0,46.2,1,0,2,0 1 2
s_akiha,531,LA関数,530,follows-palette,3,0,46.2,1,0,0,0 1 2
s_akiha,533,ゲイザー,531,mixed-follows+fixed,32,01,46.5,2,0,0,1065 1066 1067 1068 1069 1070 1071 1072 1073 1074 1075 1076
s_akiha,534,攻撃判定,531,follows-palette,4,0,46.5,1,0,1,0 1 3 4
s_akiha,536,LAつかみ判定,530,follows-palette,1,0,46.2,1 2,0,1,0
s_akiha,537,LA背景,531,nosprite,1,,,1,0,0,1489
s_akiha,538,音声,531,follows-palette,3,0,46.2,1,0,0,0 1 2
s_akiha,606,少しだけドキドキしちゃった,586,follows-palette,9,0,42.3,,0,0,1249 1250 1251 1252 1253 1254 1255 1256 1257
s_akiha,614,二度とうちの敷居をまたがないで,595,follows-palette,8,0,47.4,,0,0,1272 1273 1274 1275 1283 1284 1285 1286
s_akiha,615,,596,nosprite,0,,,,0,0,
s_akiha,616,目あき「あいうえお」,596,follows-palette,5,0,10.2,,0,0,1299 1300 1301 1302 1303
s_akiha,619,少しは懲りたでしょう,600,follows-palette,5,0,3.3,,0,0,1267 1268 1269 1270 1271
s_akiha,620,論外です,601,follows-palette,5,0,3.3,,0,0,1294 1295 1296 1297 1298
s_akiha,621,出直しなさい,601,follows-palette,5,0,10.2,,0,0,1299 1300 1301 1302 1303
s_akiha,622,失礼　仕事がたまっていますので,602,follows-palette,5,0,3.3,,0,0,1294 1295 1296 1297 1298
s_akiha,623,どうお気に召しました？,603,follows-palette,5,0,3.3,,0,0,1267 1268 1269 1270 1271
s_akiha,624,はい、これでゆるしてあげます,604,follows-palette,5,0,3.3,,0,0,1258 1259 1260 1261 1262
s_akiha,625,お怪我はありませんか,605,follows-palette,4,0,10.2,,0,0,1299 1300 1301 1302
s_akiha,626,少しだけドキドキしちゃった,606,follows-palette,5,0,3.3,1,0,0,1258 1259 1260 1261 1262
s_akiha,627,では門限は絶対厳守,607,follows-palette,5,0,3.3,,0,0,1294 1295 1296 1297 1298
s_akiha,628,では交際費を厳しくしますから,608,follows-palette,5,0,10.2,,0,0,1299 1300 1301 1302 1303
s_akiha,629,では朝食は必ず摂るというコトで,609,follows-palette,4,0,3.9,,0,0,1294 1296 1297 1298
s_akiha,630,あのね狸寝入りバレバレ,610,follows-palette,6,0,46.2,1,0,0,0 1267 1268 1269 1270 1271
s_akiha,631,時間よ着替えの支度をして頂戴,611,follows-palette,9,0,10.2,1,0,0,1294 1295 1296 1298 1299 1300 1301 1302 1303
s_akiha,632,つ強いのね翡翠,612,follows-palette,4,0,11.3,1,0,0,1300 1301 1302 1303
s_akiha,633,時間です兄さんの出迎えよろしく,613,follows-palette,9,0,10.2,1,0,0,1294 1295 1296 1297 1299 1300 1301 1302 1303
s_akiha,634,二度とうちの敷居をまたがないで,614,follows-palette,5,0,10.2,,0,0,1278 1279 1280 1281 1282
s_akiha,660,,640,nosprite,0,,,,0,0,
s_akiha,664,,644,nosprite,0,,,,0,0,
s_akiha,666,,646,nosprite,0,,,,0,0,
s_akiha,710,,709,follows-palette,2,0,43.6,,1,0,1324 1325
s_akiha,711,,709,follows-palette,2,0,43.6,1,0,0,1324 1325
s_akiha,713,ふみつけ,706,follows-palette,1,0,43.6,,1,0,1324
s_akiha,714,,706,follows-palette,1,0,43.6,1,0,0,1324
satsuki,60,立ち弱ブレード,1 405,fixed-indexed,6,2,,2,0,0,35 36 37 38 39 40
satsuki,61,立ち中ブレード,2,fixed-indexed,7,2,,2,0,0,51 52 53 54 55 56 57
satsuki,62,立ち強ブレード１,3 440,fixed-indexed,6,2,,2,0,0,70 71 72 73 74 75
satsuki,63,立ち強ブレード２,3 440,fixed-indexed,14,2,,2,0,0,76 77 78 79 80 81 82 83 84 85 86 87
satsuki,64,暫定立ち強ブレード,,fixed-indexed,6,2,,2,0,0,35 36 37 38 39 40
satsuki,65,しゃがみ弱ブレード,4,fixed-indexed,6,2,,2,0,0,96 97 98 99 100 101
satsuki,66,しゃがみ中ブレード,5,fixed-indexed,9,2,,2,0,0,110 111 112 113 114 115 116 117 118
satsuki,67,しゃがみ強ブレード,6 442,fixed-indexed,10,2,,2,0,0,131 132 133 134 135 136 137 138 139 140
satsuki,69,ジャンプ弱ブレード,7,fixed-indexed,5,2,,2,0,0,148 149 150 151 152
satsuki,70,ジャンプ中ブレード,8,fixed-indexed,9,2,,2,0,0,162 163 164 165 166 167 168 169 170
satsuki,71,ジャンプ強ブレード,9 87 170 272 274 436,fixed-indexed,7,2,,2,0,0,181 182 183 184 185 186 187
satsuki,72,ジャンプ中ブレード,8 401,fixed-indexed,3,2,,1,0,2,162 163 170
satsuki,73,ジャンプ中ブレードみため,72,fixed-indexed,9,2,,2,0,0,162 163 164 165 166 167 168 169 170
satsuki,103,地震　小,100,fixed-indexed,10,2,,2,0,0,572 573 574 575 576 577 578 579 580 581
satsuki,104,,100 101 102 380 381 382,mixed-fixed,8,12,,2,0,0,549 550 551 552 553 554 555 556
satsuki,105,,101 102 382,mixed-fixed,8,12,,2,0,0,541 542 543 544 545 546 547 548
satsuki,106,,100 101 102,fixed-indexed,10,2,,2,0,0,572 573 574 575 576 577 578 579 580 581
satsuki,107,,102,fixed-indexed,10,2,,2,0,4,572 573 574 575 576 577 578 579 580 581
satsuki,113,H用,111,fixed-indexed,14,2,,2,0,6,637 638 639 640 641 642 643 644 645 646 647 648
satsuki,114,,110 111 112 168 403 469,fixed-indexed,4,2,,2,0,0,633 634 635 636
satsuki,115,,160 163,fixed-indexed,14,2,,2,0,0,637 638 639 640 641 642 643 644 645 646 647 648
satsuki,116,,111 403 470,fixed-indexed,14,2,,2,0,6,637 638 639 640 641 642 643 644 645 646 647 648
satsuki,117,,471,fixed-indexed,14,2,,2,0,6,637 638 639 640 641 642 643 644 645 646 647 648
satsuki,118,214C用判定とエフェ,112,fixed-indexed,14,2,,2,0,12,637 638 639 640 641 642 643 644 645 646 647 648
satsuki,120,フラッシュ,119 123,mixed-fixed,10,12,,2,0,0,769 770 771 772 773 774 775 776 777 778
satsuki,121,もわもわ,120,mixed-fixed,42,14,,,0,0,779 780 781 782 783 784 785 786 787 788 789 790
satsuki,122,一枚絵,121,fixed-indexed,1,2,,1,0,0,821
satsuki,124,はっぱ発生,122,follows-palette,4,0,38.9,1,0,0,0 822 823 824
satsuki,125,はっぱ,124,follows-palette,7,0,38.9,1,0,0,0 822 823 824 825 826 827
satsuki,126,,124,follows-palette,8,0,38.9,1,0,0,0 828 829 830 831 832 833 834
satsuki,127,,124,follows-palette,7,0,38.9,1,0,0,0 822 823 824 825 826 827
satsuki,128,,124,follows-palette,8,0,38.9,1,0,0,0 828 829 830 831 832 833 834
satsuki,129,,124,follows-palette,7,0,38.9,1,0,0,0 822 823 824 825 826 827
satsuki,130,,124,follows-palette,8,0,38.9,1,0,0,0 828 829 830 831 832 833 834
satsuki,131,,119,follows-palette,1,0,40.6,1,0,1,0
satsuki,146,竜巻 ななめ,142,mixed-fixed,11,12,,2,0,0,705 706 707 708 709 710 711 712 713 714 715
satsuki,147,竜巻 よこ,138 452 517,mixed-fixed,11,12,,2,0,0,705 706 707 708 709 710 711 712 713 714 715
satsuki,148,地面の波動,138 142 517,fixed-indexed,7,2,,2,0,0,716 717 718 719 720 721 722
satsuki,155,垂れる血,154 160 163,fixed-indexed,5,2,,2,0,0,969 970 971 972 973
satsuki,156,,154 160 163,rgb,9,1,,2,0,0,974 975 976 977 978 979 980 981 982
satsuki,157,,154 160 163,rgb,7,1,,2,0,0,985 986 987 988 989 990 991
satsuki,158,,154 160,fixed-indexed,1,2,,1 2,0,0,983
satsuki,159,,158,rgb,1,1,,2,0,0,984
satsuki,161,,160,mixed-follows+fixed,21,01,40.6,1 2,0,0,0 902 903 904 905 906 907 908 909 910 911 912
satsuki,162,,160 163,fixed-indexed,17,2,,2,0,0,932 933 934 935 936 937 938 939 940 941 942 943
satsuki,164,,163,mixed-follows+fixed,21,01,40.6,1 2,0,0,0 902 903 904 905 906 907 908 909 910 911 912
satsuki,165,AAD用ブレード,160 163,rgb,8,1,,2,0,0,949 950 951 952 953 954 955 956
satsuki,176,,174 175 275,mixed-fixed,10,12,,2,0,0,1021 1022 1023 1024 1025 1026 1027 1028 1029 1030
satsuki,183,,181 422,mixed-fixed,12,-112,,2,0,0,957 958 959 960 961 962 963 964 965 966 967 968
satsuki,384,たたいたとこ２回目,382,rgb,5,1,,1,0,0,582 583 584 585 586
satsuki,385,たたいたとこ,380 381 382,rgb,5,1,,1,0,0,582 583 584 585 586
satsuki,386,,,mixed-fixed,11,14,,,0,0,588 589 590 591 592 593 594 595 596 597 598
satsuki,387,しっぽ,386 388 389 390 391 392,mixed-fixed,8,14,,,0,0,599 600 601 602 603 604 605 606
satsuki,388,パワーウェイブ ダウン波動,381 382,mixed-fixed,11,14,,,3,6,588 589 590 591 592 593 594 595 596 597 598
satsuki,389,パワーウェイブ のけぞり波動,380 382,mixed-fixed,11,14,,,3,6,588 589 590 591 592 593 594 595 596 597 598
satsuki,390,パワーウェイブ EX波動？,,mixed-fixed,11,14,,,2,4,588 589 590 591 592 593 594 595 596 597 598
satsuki,391,EX 一段目,382,mixed-fixed,11,14,,,3,6,588 589 590 591 592 593 594 595 596 597 598
satsuki,392,EX 二段目,382,rgb,5,1,,1,3,8,588 589 590 591 594
satsuki,396,EX爆発部分,392 395,rgb,6,1,,,4,4,607 608 609 610 611 612
satsuki,402,ジャンプ中ブレード,,fixed-indexed,9,2,,2,0,2,162 163 164 165 166 167 168 169 170
satsuki,408,□三段目EFF,407,mixed-fixed,10,12,,2,0,0,449 450 451 452 453 454 455 456 457 458
satsuki,477,☆爆発（ジャンプアームも）,438 455 480 481,fixed-indexed,14,2,,2,0,0,637 638 639 640 641 642 643 644 645 646 647 648
satsuki,482,昔の爆発判定つき,478 479,fixed-indexed,14,2,,2,0,6,637 638 639 640 641 642 643 644 645 646 647 648
satsuki,495,立ち強２ 用ブレード,3,mixed-fixed,4,12,,2,0,0,510 511 512 513
satsuki,496,立ち強２ 用土煙,3,mixed-fixed,12,14,,,0,0,514 515 516 517 518 519 520 521 522 523 524 525
satsuki,705,本セット　中,721,indexed-palette-constant,1,0,0.0,1,1,0,1084
satsuki,706,本セット　小,721,indexed-palette-constant,1,0,0.0,1,1,0,1086
satsuki,707,本セット　大 起爆,721,indexed-palette-constant,1,0,0.0,1,1,0,1085
satsuki,710,脚立,718,indexed-palette-constant,1,0,0.0,1,0,0,1087
satsuki,711,個別本　飛ぶだけ,718,indexed-palette-constant,1,0,0.0,1,0,0,1107
satsuki,712,個別本　飛ぶだけ,718,indexed-palette-constant,1,0,0.0,1,0,0,1106
satsuki,713,個別本　飛ぶだけ,718,indexed-palette-constant,1,0,0.0,1,0,0,1105
satsuki,714,個別本　飛ぶだけ,718,indexed-palette-constant,1,0,0.0,1,0,0,1104
satsuki,715,個別本　飛ぶだけ,718,indexed-palette-constant,1,0,0.0,1,0,0,1109
satsuki,716,個別本　飛ぶだけ,718,indexed-palette-constant,1,0,0.0,1,0,0,1108
satsuki,718,飛び散る本生成,707,indexed-palette-constant,1,0,0.0,1,0,0,1110
satsuki,721,本操作関数,704,indexed-palette-constant,1,0,0.0,1,0,0,1110
satsuki,722,つっこんでくるさっちん,703,follows-palette,11,0,40.6,,1,0,420 421 422 423 424 489 490 491 492 493 494
satsuki,726,落ちてる本,737,indexed-palette-constant,1,0,0.0,,0,0,1088
satsuki,727,落ちてる本,737,indexed-palette-constant,1,0,0.0,,0,0,1090
satsuki,728,落ちてる本,737,indexed-palette-constant,1,0,0.0,,0,0,1091
satsuki,729,落ちてる本,737,indexed-palette-constant,1,0,0.0,,0,0,1092
satsuki,730,落ちてる本,737,indexed-palette-constant,1,0,0.0,,0,0,1093
satsuki,731,落ちてる本,737,indexed-palette-constant,1,0,0.0,,0,0,1094
satsuki,732,落ちてる本,737,indexed-palette-constant,1,0,0.0,,0,0,1100
satsuki,733,落ちてる本,737,indexed-palette-constant,1,0,0.0,,0,0,1101
satsuki,734,落ちてる本,737,indexed-palette-constant,1,0,0.0,,0,0,1102
satsuki,735,落ちてる本,737,indexed-palette-constant,1,0,0.0,,0,0,1103
satsuki,736,落ちてる本,737,indexed-palette-constant,1,0,0.0,,0,0,1104
satsuki,737,落ちてる本生成,707,indexed-palette-constant,1,0,0.0,1,0,0,1110
satsuki,740,本セット　中　影,705,indexed-palette-constant,1,0,0.0,1,1,0,1084
satsuki,741,本セット　小　影,706,indexed-palette-constant,1,0,0.0,1,1,0,1086
satsuki,742,本セット　大 起爆　影,707,indexed-palette-constant,1,0,0.0,1,1,0,1085
satsuki,745,翡翠呼び出し,707,follows-palette,1,0,40.6,1,1,0,0
shiki,49,,43 50,follows-palette,5,0,27.5,1,2,0,0 1 2 3 4
shiki,51,　汗,44 48,follows-palette,1,0,6.1,1,0,0,1162
shiki,70,Ｊ大ブレード,8,fixed-indexed,7,4,,2,0,0,150 151 152 154 155 156 157
shiki,71,しゃがみ中２発目,45 46 96 110 111 112,fixed-indexed,9,4,,2,0,0,44 45 46 47 48 49 50 51 52
shiki,72,立ち大,3 500 501,fixed-indexed,6,4,,2,0,0,72 73 74 75 76 77
shiki,73,しゃがみ中初段,5,fixed-indexed,9,4,,2,0,0,98 99 100 101 102 103 104 105 106
shiki,74,しゃがみ中２段,5,fixed-indexed,8,4,,2,0,0,107 108 109 110 111 112 113 114
shiki,108,☆ブレード,104 105 106 107 132,fixed-indexed,4,4,,2,0,0,455 456 457 458
shiki,109,☆ブレード,107,fixed-indexed,4,4,,2,0,0,459 460 461 462
shiki,113,,110 111 112 218,mixed-fixed,15,14,,2,0,0,440 441 442 443 444 445 446 447 448 449 450 451
shiki,117,,115 225 357,follows-palette,1,0,28.9,1,0,0,543
shiki,123,ブレード,121 122 275,fixed-indexed,6,4,,2,0,0,72 73 74 75 76 77
shiki,144,対空ブレード,140 141 142 146 147 148,fixed-indexed,8,4,,2,0,0,888 889 890 891 892 893 894 895
shiki,153,残り残像,150 151 152,follows-palette,1,0,27.2,1,0,0,542
shiki,154,残像　移動,150 151 152,follows-palette,1,0,28.9,1,0,0,543
shiki,156,横移動用,151,follows-palette,1,0,,2,0,0,408
shiki,157,奇襲用,150,follows-palette,1,0,,2,0,0,408
shiki,158,ダッシュ煙,150 151 152,fixed-indexed,17,4,,2,0,0,593 594 595 596 597 598 599 600 601 602 603 604
shiki,159,,151 152 158 210 221 365,fixed-indexed,16,4,,2,0,0,610 611 612 613 614 615 616 617 618 619 620 621
shiki,166,☆百烈ブレード～179,181,mixed-fixed,8,-14,,2,0,0,644 645 646 647 648 649 650 651
shiki,167,,181,mixed-fixed,8,-14,,2,0,0,652 653 654 655 656 657 658 659
shiki,168,,181,mixed-fixed,8,-14,,2,0,0,660 661 662 663 664 665 666 667
shiki,169,,181,mixed-fixed,8,-14,,2,0,0,668 669 670 671 672 673 674 675
shiki,170,,181,mixed-fixed,8,-14,,2,0,0,676 677 678 679 680 681 682 683
shiki,171,,181,mixed-fixed,8,-14,,2,0,0,684 685 686 687 688 689 690 691
shiki,172,,181,mixed-fixed,8,-14,,2,0,0,692 693 694 695 696 697 698 699
shiki,173,,181,mixed-fixed,8,-14,,2,0,0,700 701 702 703 704 705 706 707
shiki,174,,181,mixed-fixed,8,-14,,2,0,0,708 709 710 711 712 713 714 715
shiki,175,,181,mixed-fixed,11,-14,,2,0,0,716 717 718 719 720 721 722 723 724 725 726
shiki,176,,181,mixed-fixed,11,-14,,2,0,0,727 728 729 730 731 732 733 734 735 736 737
shiki,177,,181,mixed-fixed,11,-14,,2,0,0,738 739 740 741 742 743 744 745 746 747 748
shiki,178,,181,mixed-fixed,11,-14,,2,0,0,738 739 740 741 742 743 744 745 746 747 748
shiki,179,,181,mixed-follows+fixed,13,-104,27.5,1 2,0,0,0 748 749 750 751 752 753 754 755 756 757 758
shiki,181,百裂エフェクト呼び出し,98 99 102 160 161 162,follows-palette,1,0,27.5,,0,0,0
shiki,201,切り裂きエフェクト 17hit,204,mixed-fixed,13,14,,2,0,0,1001 1002 1003 1004 1005 1006 1007 1008 1009 1010 1011 1012
shiki,202,１７ヒット,,mixed-follows+fixed,2,01,22.3,2,0,2,1 1001
shiki,203,1ヒット,200,mixed-follows+fixed,2,01,22.3,2,0,2,1 1001
shiki,205,,204,mixed-follows+fixed,2,01,22.3,2,0,2,1 1001
shiki,206,殺す分岐,204,follows-palette,2,0,27.5,1,0,0,0 1
shiki,211,,200 204 210,rgb,2,13,,1,0,0,1024 1025
shiki,212,,200 210,mixed-fixed,10,14,,2,0,0,1014 1015 1016 1017 1018 1019 1020 1021 1022 1023
shiki,213,,210,mixed-fixed,11,-1,,,0,0,1026 1027 1028 1029 1030 1031 1032 1033 1034 1035 1036
shiki,228,,222 223 224 225,follows-palette,1,0,28.9,1,0,0,543
shiki,230,ダッシュ斬りブレード,221 245,fixed-indexed,5,4,,2,0,0,579 580 581 582 583
shiki,231,ダッシュ斬りブレード 空中,220,fixed-indexed,7,4,,2,0,0,586 587 588 589 590 591 592
shiki,360,,221 365,fixed-indexed,7,4,,2,0,0,579 580 581 582 583 584 585
shiki,361,,362,fixed-indexed,7,4,,2,0,0,586 587 588 589 590 591 592
shiki,380,移動蹴りブレード,,fixed-indexed,5,4,,2,0,0,579 580 581 582 583
shiki,381,シールドカウンターブレード,341 450,fixed-indexed,4,4,,2,0,0,1080 1081 1082 1083
shiki,382,,341 450,mixed-fixed,13,14,,,0,0,1084 1085 1086 1087 1088 1089 1090 1091 1092 1093 1094 1095
shiki,453,○元立ち大,451 452,fixed-indexed,6,4,,2,0,0,72 73 74 75 76 77
shiki,486,△Ｊ強２ブレード,9,fixed-indexed,4,4,,2,0,0,508 509 510 511
shiki,710,線エフェクトのみ,711,rgb,2,13,,1,0,0,1024 1025
sion,48,ジャンプ大　ブレード,9 137 467,mixed-fixed,12,12,,2,0,0,186 187 188 189 190 191 192 193 194 195 196 197
sion,53,　勝利音声,52,follows-palette,4,0,43.8,1,0,0,0 1 2 3
sion,84,ブレード,82 83 478,mixed-fixed,12,12,,2,0,0,186 187 188 189 190 191 192 193 194 195 196 197
sion,87,,85 88 275,mixed-fixed,8,12,,2,0,0,1010 1011 1012 1013 1014 1015 1016 1017
sion,95,銃から出る煙,100 101 102,fixed-indexed,13,2,,2,0,0,522 523 524 525 526 527 528 529 530 531 532 533
sion,96,地面の着弾,,mixed-fixed,5,12,,2,0,0,548 549 550 551 552
sion,97,飛ぶ薬莢,100 101 102 411 412 413,follows-palette,8,0,51.1,1,0,0,710 711 712 713 714 715 716 717
sion,98,捨てられる弾倉,103 107 108,follows-palette,12,0,62.2,1,0,0,994 995 996 997 998 999 1000 1001 1002 1003 1004 1005
sion,104,ハンドガン　小　の弾,100 101 102,mixed-follows+fixed,6,012,47.3,1 2,0,2,275 548 549 550 551 552
sion,109,236B　の弾,102,mixed-follows+fixed,6,012,47.3,1 2,0,1,275 548 549 550 551 552
sion,113,236A １発目の弾,100,mixed-follows+fixed,6,012,47.3,1 2,0,1,275 548 549 550 551 552
sion,123,投げ時のセリフ,122 427,follows-palette,7,0,43.8,1,0,0,0 1 2 3 4 5 6
sion,126,,130,fixed-indexed,21,2,,2,0,0,827 828 829 830 831 832 833 834 835 836 837 838
sion,127,,130,fixed-indexed,19,2,,2,0,0,848 849 850 851 852 853 854 855 856 857 858 859
sion,128,,130,mixed-fixed,26,12,,2,0,0,798 799 800 801 802 803 804 805 806 807 808 809
sion,129,,130,mixed-fixed,39,12,,2,0,0,759 760 761 762 763 764 765 766 767 768 769 770
sion,131,横ビーム,130,mixed-fixed,30,-112,,2,0,1,1100 1101 1102 1103 1104 1105 1106 1107 1108 1109 1110 1111
sion,143,,145,follows-palette,3,0,43.8,1,0,0,0 1 2
sion,147,ビーム EX2,146,mixed-fixed,30,-112,,2,0,3,1100 1101 1102 1103 1104 1105 1106 1107 1108 1109 1110 1111
sion,148,連打用判定 EX2,146,follows-palette,2,0,43.8,,0,3,687 688
sion,151,投げる弾丸,146 150,follows-palette,9,0,43.8,,0,4,0 710 711 712 713 714 715 716 717
sion,152,きらーん,151,fixed-indexed,12,2,,2,0,0,718 719 720 721 722 723 724 725 726 727 728 729
sion,153,ぴかー,146 150,follows-palette,10,0,3.7,2,0,0,1018 1019 1020 1021 1022 1023 1024 1025 1026 1027
sion,154,ドビャーン！！！,150,mixed-fixed,30,-112,,2,0,3,1100 1101 1102 1103 1104 1105 1106 1107 1108 1109 1110 1111
sion,155,ヒット増加用　弾,150,follows-palette,2,0,43.8,,0,3,687 688
sion,157,体オーラ,146 150,mixed-fixed,10,12,,2,0,0,1135 1136 1137 1138 1139 1140 1141 1142 1143 1144
sion,252,,253 254,follows-palette,15,0,43.8,,10,0,267 268 284 285 286 287 288 289 290 291 292 293
sion,397,■A派生2 EFFECT,396,rgb,2,1,,2,0,0,636 637
sion,405,☆ダブルチョップエフェクト,440 442 490,rgb,4,1,,2,0,0,909 910 911 912
sion,406,手に巻きつくなにか,413 414 435 460 462,fixed-indexed,11,4,,,0,0,496 497 498 499 500 501 502 503 504 505 506
sion,407,発射１,,mixed-fixed,10,12,,2,0,0,507 508 509 510 511 512 513 514 515 516
sion,408,,,rgb,5,1,,2,0,0,517 518 519 520 521
sion,410,銃発射破裂,411 412 435,rgb,4,1,,2,0,0,517 518 519 520
sion,415,超横撃ち発射,413 414 460 462,mixed-fixed,10,12,,2,0,0,507 508 509 510 511 512 513 514 515 516
sion,416,超撃ち 弾道,413 414,rgb,1,1,,2,0,0,521
sion,418,横撃ち 判定,411,follows-palette,1,0,43.8,1,0,1,0
sion,419,横撃ち 連射判定,412,follows-palette,1,0,43.8,1,0,1,0
sion,420,超横撃ち 判定,413 414,follows-palette,1,0,43.8,1,0,2,0
sion,433,ラスト軌道,435,follows-palette,3,0,43.8,1,0,2,0 1 4
sion,434,軌道,435,follows-palette,3,0,43.8,1,0,2,0 1 4
sion,436,音声,435,follows-palette,3,0,43.8,1,0,0,0 1 2
sion,459,基本弾道,,fixed-indexed,4,2,,2,0,0,553 554 555 556
sion,461,軌道,460,follows-palette,4,0,43.8,1,0,2,0 1 2 4
sion,463,軌道,462,follows-palette,4,0,43.8,1,0,2,0 1 2 4
sion,710,黒フェード,702,follows-palette,1,0,43.8,1,0,0,1031
sion,711,基本立ち　黒フェード,704,follows-palette,14,0,43.8,1,0,0,0 1 2 3 4 5 6 7 8 9 10 11
v_sion,48,ジャンプ大　ブレード,9 137,mixed-fixed,12,12,,2,0,0,119 120 121 122 123 124 125 126 127 128 129 130
v_sion,89,,85 86 275,mixed-fixed,10,12,,2,0,0,446 447 448 449 450 451 452 453 454 455
v_sion,95,銃から出る煙,100 101 102,follows-palette,1,0,46.5,2,0,0,1483
v_sion,97,飛ぶ薬莢,100 101 102,follows-palette,1,0,46.5,1,0,0,1483
v_sion,98,捨てられる弾倉,103 107,follows-palette,1,0,46.5,1,0,0,1483
v_sion,104,ハンドガン　小　の弾,100 101 102,follows-palette,2,0,46.3,1 2,0,1,223 1483
v_sion,123,,122,follows-palette,1,0,46.5,1,0,0,1483
v_sion,129,,125,fixed-indexed,11,2,,2,0,2,910 911 912 913 914 915 916 917 918 919 920
v_sion,130,,126,fixed-indexed,11,2,,2,0,2,910 911 912 913 914 915 916 917 918 919 920
v_sion,131,,127,fixed-indexed,11,2,,2,0,2,910 911 912 913 914 915 916 917 918 919 920
v_sion,151,投げる弾丸,150,nosprite,0,,,,0,0,
v_sion,153,ぴかー,150,indexed-palette-constant,10,0,0.0,2,0,0,456 457 458 459 460 461 462 463 464 465
v_sion,154,ドビャーン！！！,150,follows-palette,1,0,46.5,2,0,1,1483
v_sion,155,ヒット増加用　弾,150,follows-palette,1,0,46.5,,0,1,1483
v_sion,157,体オーラ,150,follows-palette,1,0,46.5,2,0,0,1483
v_sion,169,アルクェイド,165,mixed-follows+fixed,40,012,39.6,1 2,0,10,718 719 720 721 722 723 724 725 726 727 728 729
v_sion,170,志貴,,mixed-follows+fixed,33,012,39.6,1 2,1,3,765 766 767 768 769 770 771 772 773 774 775 776
v_sion,171,秋葉,167,mixed-follows+fixed,31,012,39.6,1 2,2,2,803 804 805 806 807 808 809 810 811 812 813 814
v_sion,172,さつき,163 166,mixed-follows+fixed,28,012,39.6,1 2,0,0,765 766 767 768 769 770 771 772 773 774 775 776
v_sion,173,ワラキア,164,follows-palette,1,0,46.5,1 2,0,0,1483
v_sion,176,さつきブレード,170 172 478,fixed-indexed,4,2,,2,0,0,785 786 787 788
v_sion,177,さつき地面どーん,176,fixed-indexed,14,2,,2,0,4,789 790 791 792 793 794 795 796 797 798 799 800
v_sion,178,アルクつめ,169 475,fixed-indexed,15,2,,2,0,0,750 751 752 753 754 755 756 757 758 759 760 761
v_sion,182,,169 170 171 172 539,fixed-indexed,21,2,,2,0,0,921 922 923 924 925 926 927 928 929 930 931 932
v_sion,192,うしろのひと,190,follows-palette,9,0,20.7,1,0,0,1043 1044 1045 1046 1047 1048 1049 1050 1051
v_sion,193,煙,190,fixed-indexed,22,2,,2,0,0,1153 1154 1155 1156 1157 1158 1159 1160 1161 1162 1163 1164
v_sion,194,糸がバイオリン,190,mixed-follows+fixed,29,02,46.5,1 2,0,0,1052 1053 1054 1055 1056 1057 1058 1059 1060 1061 1062 1063
v_sion,195,後ろの,190,mixed-fixed,28,-112,,2,0,0,1080 1081 1082 1083 1084 1085 1086 1087 1088 1089 1090 1091
v_sion,196,V光,190,mixed-fixed,28,12,,2,0,0,1108 1109 1110 1111 1112 1113 1114 1115 1116 1117 1119 1120
v_sion,197,波動,196,fixed-indexed,16,2,,2,0,0,1137 1138 1139 1140 1141 1142 1143 1144 1145 1146 1147 1148
v_sion,198,,190,follows-palette,1,0,17.6,1,0,0,1042
v_sion,201,,,mixed-follows+fixed,15,-102,45.0,1 2,0,9,287 704 705 706 707 708 709 710 711 712 713 714
v_sion,202,,200 201,mixed-follows+fixed,43,02,40.0,1 2,0,2,513 514 515 516 517 518 519 520 521 522 523 524
v_sion,206,,205 207,mixed-fixed,12,-112,,2,0,0,1386 1387 1388 1389 1390 1391 1392 1393 1394 1395 1396 1397
v_sion,209,,207,nosprite,0,,,,0,0,
v_sion,220,236A　つめ,215,mixed-fixed,14,-12,,2,0,12,704 705 706 707 708 709 710 711 712 713 714 715
v_sion,221,,216,mixed-fixed,14,-12,,2,0,3,704 705 706 707 708 709 710 711 712 713 714 715
v_sion,222,ＥＸ横,217,mixed-fixed,14,-12,,2,0,8,704 705 706 707 708 709 710 711 712 713 714 715
v_sion,223,BEBカット,216,mixed-fixed,14,-12,,2,0,4,704 705 706 707 708 709 710 711 712 713 714 715
v_sion,227,△　横爪EF,,mixed-fixed,14,-12,,2,0,6,704 705 706 707 708 709 710 711 712 713 714 715
v_sion,252,,253 254,follows-palette,15,0,40.0,,10,0,215 216 232 233 234 235 236 237 238 239 240 241
v_sion,368,投げ時のセリフ,367,follows-palette,7,0,40.0,1,0,0,1 2 3 4 5 6 7
v_sion,397,■A派生2 EFF,396,rgb,2,1,,2,0,0,572 573
v_sion,400,ツメエフェクト,3,rgb,3,1,,,0,0,589 590 591
v_sion,401,☆蹴り,225 226,rgb,3,1,,2,0,0,647 648 649
v_sion,402,☆空中 ツメ,415 416 436 437 442,fixed-indexed,7,2,,2,0,0,1006 1007 1008 1009 1010 1011 1012
v_sion,403,☆空中 ツメEX,438,fixed-indexed,7,2,,2,0,0,1006 1007 1008 1009 1010 1011 1012
v_sion,408,空中 ツメex　攻撃判定無し,412,fixed-indexed,7,2,,2,0,0,1006 1007 1008 1009 1010 1011 1012
v_sion,409,空中 ツメ　攻撃判定無し,410 411,fixed-indexed,7,2,,2,0,0,1006 1007 1008 1009 1010 1011 1012
v_sion,413,空中 ツメ,,fixed-indexed,7,2,,2,0,2,1006 1007 1008 1009 1010 1011 1012
v_sion,430,△引き寄せ縦紐,,mixed-fixed,16,14,,,0,2,894 895 896 897 898 899 900 901 902 903 904 905
v_sion,431,△引き寄せ縦紐,432 433 434,mixed-fixed,16,14,,,0,0,894 895 896 897 898 899 900 901 902 903 904 905
v_sion,443,□△シールドカウンター用爪,440,fixed-indexed,11,2,,2,0,0,910 911 912 913 914 915 916 917 918 919 920
v_sion,446,旧Ｄカウンタエフェクトはしょり,445 450,mixed-follows+fixed,43,02,40.0,1 2,0,4,513 514 515 516 517 518 519 520 521 522 523 524
v_sion,447,判定なしＥＸ縦カット,445 450,fixed-indexed,11,2,,2,0,0,910 911 912 913 914 915 916 917 918 919 920
v_sion,462,△EF　牽制横紐　小,470,mixed-fixed,11,14,,,0,2,1017 1018 1019 1020 1021 1022 1023 1024 1025 1026 1027
v_sion,463,△EF横紐,470,mixed-fixed,16,14,,,0,2,867 868 869 870 871 872 873 874 875 876 877 878
v_sion,468,○遠隔召還紐出現,475 477 478,fixed-indexed,17,2,,2,0,0,974 975 976 977 978 979 980 981 982 983 984 985
v_sion,469,,,fixed-indexed,21,2,,2,0,0,921 922 923 924 925 926 927 928 929 930 931 932
v_sion,474,△EF横紐,471 473,mixed-fixed,11,14,,,0,0,1017 1018 1019 1020 1021 1022 1023 1024 1025 1026 1027
v_sion,475,遠隔　アルクェイド,531,mixed-follows+fixed,40,012,39.6,1 2,0,10,718 719 720 721 722 723 724 725 726 727 728 729
v_sion,476,△EF横紐(1.2倍),473,mixed-fixed,11,14,,,0,0,1017 1018 1019 1020 1021 1022 1023 1024 1025 1026 1027
v_sion,477,遠隔　秋葉,533,mixed-follows+fixed,31,012,39.6,1 2,1,1,803 804 805 806 807 808 809 810 811 812 813 814
v_sion,478,遠隔　さつき,532,mixed-follows+fixed,28,012,39.6,1 2,0,0,765 766 767 768 769 770 771 772 773 774 775 776
v_sion,480,△EF横紐,472,mixed-fixed,11,14,,,0,0,1017 1018 1019 1020 1021 1022 1023 1024 1025 1026 1027
v_sion,505,目玉,501,mixed-fixed,32,12,,2,0,0,1266 1267 1268 1269 1270 1271 1272 1273 1274 1275 1276 1277
v_sion,506,まわりのひも,501,fixed-indexed,18,2,,2,0,0,1298 1299 1300 1301 1302 1303 1304 1305 1306 1307 1308 1309
v_sion,507,,501,fixed-indexed,7,4,,,0,0,1316 1317 1318 1319 1320 1321 1322
v_sion,509,後ろの発生関数+判定,501,follows-palette,1,0,40.0,1,0,1,1
v_sion,510,手,509,indexed-palette-constant,25,0,0.0,2,0,0,1195 1196 1197 1198 1199 1200 1201 1202 1203 1204 1205 1206
v_sion,511,腕,509,indexed-palette-constant,20,0,0.0,2,0,0,1175 1176 1177 1178 1179 1180 1181 1182 1183 1184 1185 1186
v_sion,512,頭関数,509,mixed-fixed,3,12,,1,0,0,1236 1237 1238
v_sion,513,頭,512,mixed-fixed,30,12,,2,0,0,1236 1237 1238 1239 1240 1241 1242 1243 1244 1245 1246 1247
v_sion,514,指消滅,510,indexed-palette-constant,5,0,0.0,2,0,0,1220 1221 1222 1223 1224
v_sion,515,,510,indexed-palette-constant,5,0,0.0,2,0,0,1225 1226 1227 1228 1229
v_sion,516,,510,indexed-palette-constant,6,0,0.0,2,0,0,1230 1231 1232 1233 1234 1235
v_sion,517,煙,510,fixed-indexed,6,4,,,0,0,1323 1324 1325 1326 1327 1328
v_sion,518,煙,511,fixed-indexed,6,4,,,0,0,1329 1330 1331 1332 1333 1334
v_sion,534,○遠隔召還紐　変6=10で終,531 532 533,follows-palette,7,0,46.7,,0,0,692 693 694 695 696 697 698
v_sion,535,○遠隔召還紐たるみ,531 532 533,follows-palette,5,0,37.3,,0,0,699 700 701 702 703
v_sion,536,黒鍵,539,fixed-indexed,5,2,,2,2,1,862 863 864 865 866
v_sion,537,ダウンする黒鍵,539,fixed-indexed,5,2,,2,1,1,862 863 864 865 866
v_sion,539,□シエル,541,mixed-follows+fixed,44,012,39.6,1 2,0,0,826 827 828 829 830 831 832 833 834 835 836 837
warakia,49,,50,follows-palette,8,0,44.2,1,1,0,712 713 714 715 716 717 718 719
warakia,76,,75,rgb,1,3,,,0,3,593
warakia,78,,77,rgb,1,3,,,0,3,593
warakia,81,渦,80,rgb,1,3,,,0,3,593
warakia,82,,81 90,mixed-fixed,30,12,,2,0,0,563 564 565 566 567 568 569 570 571 572 573 574
warakia,83,,81 90,rgb,30,1,,,0,0,594 595 596 597 598 599 600 601 602 603 604 605
warakia,84,中心から回転,80,rgb,1,3,,,0,1,593
warakia,85,,84,mixed-fixed,30,12,,2,0,0,563 564 565 566 567 568 569 570 571 572 573 574
warakia,86,,84,rgb,30,1,,,0,0,594 595 596 597 598 599 600 601 602 603 604 605
warakia,88,顔イメージ出し,84,nosprite,0,,,1,0,0,
warakia,90,,89,rgb,1,3,,,0,6,593
warakia,91,,,rgb,1,3,,,0,0,593
warakia,92,,,rgb,30,1,,,0,0,594 595 596 597 598 599 600 601 602 603 604 605
warakia,94,＿LA音声調整用,80,follows-palette,3,0,44.2,1,0,0,0 1 2
warakia,99,たつまき,102 104 105 120 121 122,mixed-follows+fixed,35,03,44.2,1,0,2,0 506 507 508 509 510 511 512 513 514 515 516
warakia,103,竜巻エフェクト,102,mixed-follows+fixed,35,03,44.2,1,0,10,0 506 507 508 509 510 511 512 513 514 515 516
warakia,105,,104,follows-palette,4,0,44.2,1,0,0,0 1 2 3
warakia,106,新たつまき,100 101,mixed-fixed,15,34,,,0,12,624 625 626 627 628 629 630 631 632 633 634 635
warakia,111,,110,mixed-follows+fixed,15,-103,44.2,1,0,9,0 425 426 427 428 429 430 431 432 433 434 435
warakia,112,,111,mixed-follows+fixed,43,03,44.2,1,0,2,1 109 110 111 112 113 114 115 116 117 118 119
warakia,116,,,mixed-follows+fixed,44,03,44.2,1,4,1,0 1 109 110 111 112 113 114 115 116 117 118
warakia,124,,120 135 461,rgb,11,3,,,0,2,439 440 441 442 443 444 445 446 447 448 449
warakia,125,,121 136 462,rgb,11,3,,,0,2,439 440 441 442 443 444 445 446 447 448 449
warakia,126,,122 137 463,rgb,11,3,,,0,4,439 440 441 442 443 444 445 446 447 448 449
warakia,132,,130 131 275,rgb,12,3,,,0,0,679 680 681 682 683 684 685 686 687 688 689 690
warakia,152,たつまき,150 151,mixed-follows+fixed,35,03,44.2,1,0,2,0 506 507 508 509 510 511 512 513 514 515 516
warakia,153,ぱっくん,99 103 152,mixed-follows+fixed,24,-103,44.2,1,0,1,0 540 541 542 543 544 545 546 547 548 549 550
warakia,154,＿ＡＤ音声,150,follows-palette,2,0,44.2,1,0,0,0 2
warakia,156,顔イメージ出し,153 162,nosprite,0,,,1,0,0,
warakia,159,,158,mixed-follows+fixed,35,03,44.2,1,0,4,0 506 507 508 509 510 511 512 513 514 515 516
warakia,160,影だし関数,158,follows-palette,1,0,44.2,1,0,0,0
warakia,161,＿ＡＡＤ音声,158,follows-palette,2,0,44.2,1,0,0,0 2
warakia,162,ＡＡＤぱっくん,159,mixed-follows+fixed,24,-103,44.2,1,0,1,0 540 541 542 543 544 545 546 547 548 549 550
warakia,184,爪飛び道具部分　小,180,mixed-fixed,14,-13,,,0,5,425 426 427 428 429 430 431 432 433 434 435 436
warakia,185,,181,mixed-follows+fixed,15,-103,44.2,,0,6,0 425 426 427 428 429 430 431 432 433 434 435
warakia,186,,182,mixed-fixed,14,-13,,,0,16,425 426 427 428 429 430 431 432 433 434 435 436
warakia,194,,190 191 192 193 204,nosprite,0,,,,0,0,
warakia,198,,190 191 192 193 204,nosprite,0,,,,0,0,
warakia,199,,190 191 192 193 204,nosprite,0,,,,0,0,
warakia,201,,204,nosprite,0,,,,0,0,
warakia,206,＠,190,fixed-indexed,12,4,,,0,0,943 944 945 946 947 948 949 950 951 952 953 954
warakia,207,,191,fixed-indexed,11,4,,,0,0,955 956 957 958 959 960 961 962 963 964 965
warakia,208,,192,fixed-indexed,12,4,,,0,0,967 968 969 970 971 972 973 974 975 976 977 978
warakia,209,,193,fixed-indexed,12,4,,,0,2,979 980 981 982 983 984 985 986 987 988 989 990
warakia,212,秋葉爪,211 227 486,rgb,15,3,,,0,0,760 761 762 763 764 765 766 767 768 769 770 771
warakia,214,,213 228 487,rgb,7,3,,,0,0,797 798 799 800 801 802 803
warakia,216,,215 229 488,rgb,10,3,,,0,0,827 828 829 830 831 832 833 834 835 836
warakia,218,,217 489,rgb,47,3,,,1,2,860 861 862 863 864 865 866 867 868 869 870 871
warakia,219,,218 220 231,rgb,36,3,,,0,0,897 898 899 900 901 902 903 904 905 906 907 908
warakia,220,,217 489,rgb,47,3,,,1,2,860 861 862 863 864 865 866 867 868 869 870 871
warakia,222,,160,fixed-indexed,12,4,,,0,0,943 944 945 946 947 948 949 950 951 952 953 954
warakia,223,Lv2用影,160,fixed-indexed,11,4,,,0,0,955 956 957 958 959 960 961 962 963 964 965
warakia,224,,160,fixed-indexed,12,4,,,0,0,967 968 969 970 971 972 973 974 975 976 977 978
warakia,225,,160,fixed-indexed,12,4,,,0,1,979 980 981 982 983 984 985 986 987 988 989 990
warakia,231,,230,rgb,47,3,,,1,2,860 861 862 863 864 865 866 867 868 869 870 871
warakia,393,□三段目Eff,391,rgb,8,3,,,0,0,312 313 314 315 316 317 318 319
warakia,403,ノイズ発生関数,398,fixed-indexed,3,4,,1,0,0,420 421 424
warakia,404,ノイズ,403,mixed-follows+fixed,6,04,44.2,1,0,1,0 420 421 422 423 424
warakia,405,ノイズ発生関数,399,fixed-indexed,3,4,,1,0,0,420 421 424
warakia,406,ノイズ,405,mixed-follows+fixed,6,04,44.2,1,0,1,0 420 421 422 423 424
warakia,407,ノイズ発生関数,400,fixed-indexed,3,4,,1,0,0,420 421 424
warakia,408,ノイズ,407,mixed-follows+fixed,6,04,44.2,1,0,1,0 420 421 422 423 424
warakia,414,回転をくっつけるもの,410,rgb,1,3,,1,0,0,593
warakia,415,回転をくっつけるもの,411,rgb,1,3,,1,0,0,593
warakia,416,回転,410 411 414 415,rgb,1,3,,,0,6,593
warakia,418,回転をくっつけるものEX,412,rgb,1,3,,1,0,0,593
warakia,419,回転,418,rgb,1,3,,,0,9,593
warakia,420,,419,mixed-follows+fixed,31,012,44.2,2,0,0,0 563 564 565 566 567 568 569 570 571 572 573
warakia,421,,419,mixed-follows+fixed,31,01,44.2,,0,0,0 594 595 596 597 598 599 600 601 602 603 604
warakia,429,たまご,422 425,nosprite,0,,,,1,1,
warakia,430,たまご,423 426,nosprite,0,,,,1,1,
warakia,431,たまご,424 427,nosprite,0,,,,2,2,
warakia,435,放出元,434,follows-palette,5,0,44.2,1,1,0,0 1 2 3 4
warakia,436,回転子,435,follows-palette,2,0,44.2,1,0,0,0 4
warakia,438,カットＥＦＦ,,rgb,11,3,,,0,2,439 440 441 442 443 444 445 446 447 448 449
warakia,455,爪飛び道具部分　小,450,mixed-follows+fixed,15,-103,44.2,1,0,14,0 425 426 427 428 429 430 431 432 433 434 435
warakia,456,,451,mixed-follows+fixed,15,-103,44.2,1,0,14,0 425 426 427 428 429 430 431 432 433 434 435
warakia,457,,452,mixed-follows+fixed,14,-103,44.2,1,0,6,0 426 427 428 429 430 431 432 433 434 435 436
warakia,458, 236B,451,mixed-follows+fixed,15,-103,44.2,1,0,7,0 425 426 427 428 429 430 431 432 433 434 435
warakia,459, BE236B,451,mixed-follows+fixed,15,-103,44.2,1,0,8,0 425 426 427 428 429 430 431 432 433 434 435
warakia,464,放り投げるたまご(BE 2C),6,follows-palette,1,0,44.2,1,1,1,0
warakia,465,,,rgb,11,3,,,0,2,439 440 441 442 443 444 445 446 447 448 449
warakia,466,,,rgb,11,3,,,0,2,439 440 441 442 443 444 445 446 447 448 449
warakia,482,＠空中キャストセット,475,fixed-indexed,12,4,,,0,0,943 944 945 946 947 948 949 950 951 952 953 954
warakia,483,,476,fixed-indexed,11,4,,,0,0,955 956 957 958 959 960 961 962 963 964 965
warakia,484,,477,fixed-indexed,12,4,,,0,0,967 968 969 970 971 972 973 974 975 976 977 978
warakia,485,,478,fixed-indexed,12,4,,,0,0,979 980 981 982 983 984 985 986 987 988 989 990
warakia,710,黒フェード,702,follows-palette,9,0,44.2,1,0,0,0 1 2 3 4 5 6 7 8
warc,80,立ち小ブレード,1 385,rgb,5,3,,,0,0,622 623 624 625 626
warc,81,,2,rgb,15,3,,,0,0,30 31 32 33 34 35 36 37 38 39 40 41
warc,82,,3 477,rgb,10,3,,,0,0,45 46 47 48 49 50 51 52 53 54
warc,83,屈小ブレード,4,rgb,9,3,,,0,0,72 73 74 75 76 77 78 79 80
warc,84,,48 100,rgb,13,3,,,0,0,81 82 83 84 85 86 87 88 89 90 91 92
warc,85,,6 49 440,rgb,9,3,,,0,0,123 125 127 129 131 133 135 137 138
warc,86,Ｊ小ブレード,7,rgb,14,3,,,0,0,146 147 148 149 150 151 152 153 154 155 156 157
warc,87,,8,rgb,13,3,,,0,0,170 171 172 173 174 175 176 177 178 179 180 181
warc,88,,8,rgb,13,3,,1,0,0,183 184 185 186 187 188 189 190 191 192 193 194
warc,89,Ｊ大ブレード,108,follows-palette,1,0,32.8,,0,0,1385
warc,90,真祖アッパーブレード,102,rgb,1,3,,,0,0,1
warc,91,立ち小ブレード,106,rgb,5,3,,1,0,0,622 623 624 625 626
warc,92,,103 126 176 177 231,rgb,21,3,,,0,0,531 532 533 534 535 536 537 538 539 540 541 542
warc,93,,78 79 275,rgb,7,3,,,0,0,597 598 599 600 601 602 603
warc,94,,6,rgb,10,3,,,0,0,45 46 47 48 49 50 51 52 53 54
warc,96,暫定Ｊ中ブレード,8,rgb,9,3,,,0,0,151 152 153 154 155 156 157 158 159
warc,97,屈小ブレード２,4,rgb,5,3,,,0,0,622 623 624 625 626
warc,98,,,rgb,16,3,,1,0,0,123 124 125 126 127 128 129 130 131 132 133 134
warc,99,ＦＪＣブレード,9,rgb,9,3,,,0,0,45 46 47 48 49 51 52 53 54
warc,102,真祖あっぱー,,mixed-follows+fixed,2,03,42.0,,17,2,1 11
warc,105,＠昔のＦ立ち小ブレード,,rgb,5,3,,,0,0,622 623 624 625 626
warc,108,,,mixed-follows+fixed,11,03,42.0,,13,4,1 332 333 334 335 336 337 338 339 340 341
warc,110,打ち上げ 爪,9 109 441,rgb,13,3,,1,0,0,552 553 554 555 556 557 558 559 560 561 562 563
warc,116,波動effect,112 113,mixed-fixed,48,14,,,1,2,886 887 888 889 890 891 892 893 894 895 896 897
warc,117,,113,mixed-fixed,48,14,,,0,2,886 887 888 889 890 891 892 893 894 895 896 897
warc,118,,116 117 123,mixed-fixed,36,14,,1,0,0,923 924 925 926 927 928 929 930 931 932 933 934
warc,119,,,fixed-indexed,11,4,,,0,0,959 960 961 962 963 964 965 966 967 968 969
warc,120,空中波動ｅｆｆｅｃｔ,124,mixed-fixed,48,14,,,1,2,886 887 888 889 890 891 892 893 894 895 896 897
warc,121,空中波動ｅｆｆｅｃｔ,125,mixed-fixed,48,14,,,1,2,886 887 888 889 890 891 892 893 894 895 896 897
warc,122,空中波動ｅｆｆｅｃｔ,126 231,mixed-fixed,48,14,,,2,4,886 887 888 889 890 891 892 893 894 895 896 897
warc,123,EX波動ｅｆｆｅｃｔ,114 506,mixed-fixed,48,14,,,2,6,886 887 888 889 890 891 892 893 894 895 896 897
warc,133,叩きつけ爪エフェクト,130,rgb,8,3,,,0,0,566 568 570 572 574 576 578 580
warc,136,昇竜effect,150,fixed-indexed,27,4,,,0,4,992 993 994 995 996 997 998 999 1000 1001 1002 1003
warc,137,,151,fixed-indexed,27,4,,,0,2,992 993 994 995 996 997 998 999 1000 1001 1002 1003
warc,138,,152 230,fixed-indexed,27,4,,,0,12,992 993 994 995 996 997 998 999 1000 1001 1002 1003
warc,139,,150 151 152 230 439,fixed-indexed,7,4,,,0,0,1019 1020 1021 1022 1023 1024 1025
warc,159,,157 232,follows-palette,9,0,42.0,1,0,0,11 464 465 466 467 468 469 470 471
warc,192,,,mixed-fixed,45,12,,2,0,0,1185 1186 1187 1188 1189 1190 1191 1192 1193 1194 1195 1196
warc,201,上から,200,mixed-follows+fixed,16,01,42.0,2,1,0,11 1340 1341 1342 1343 1344 1345 1346 1347 1348 1349 1350
warc,202,巻き上がり,200,mixed-follows+fixed,30,02,42.0,1 2,1,0,11 1355 1356 1357 1358 1359 1360 1361 1362 1363 1364 1365
warc,203,ホワイトアウト,200,mixed-follows+fixed,2,01,42.0,1,1,1,11 1340
warc,204,月明かり関数,200,follows-palette,1,0,42.0,1,0,0,11
warc,205,,204 214,nosprite,0,,,2,0,0,
warc,206,,204 214,nosprite,0,,,2,0,0,
warc,207,,204 214,nosprite,0,,,2,0,0,
warc,208,,204 214,nosprite,0,,,2,0,0,
warc,209,,204 214,nosprite,0,,,2,0,0,
warc,210,,204 214,nosprite,0,,,2,0,0,
warc,211,,204 214,nosprite,0,,,2,0,0,
warc,212,,204 214,nosprite,0,,,2,0,0,
warc,213,予備の消しよう飛び道具,200,mixed-follows+fixed,2,01,42.0,1,1,1,11 1340
warc,219,超必殺とどめ,216,mixed-fixed,45,12,,2,0,2,1185 1186 1187 1188 1189 1190 1191 1192 1193 1194 1195 1196
warc,220,超必殺手前鎖,216,nosprite,0,,,,0,0,
warc,221,超必殺奥鎖,216,nosprite,0,,,,0,0,
warc,222,,216,follows-palette,1,0,32.8,1,0,1,1385
warc,226,Lv1用もわもわ,224 235,mixed-follows+fixed,30,02,32.8,1 2,0,0,1355 1356 1357 1358 1359 1360 1361 1362 1363 1364 1365 1366
warc,227,Lv2用もわもわ,225 236 242,mixed-follows+fixed,30,02,32.8,1 2,0,0,1355 1356 1357 1358 1359 1360 1361 1362 1363 1364 1365 1366
warc,228,Lv2用月,225 236 242,mixed-follows+fixed,16,01,32.8,1 2,0,2,1340 1341 1342 1343 1344 1345 1346 1347 1348 1349 1350 1351
warc,229,Lv1用月,224 235,mixed-follows+fixed,16,01,32.8,1 2,0,2,1340 1341 1342 1343 1344 1345 1346 1347 1348 1349 1350 1351
warc,233,,225 236 242,rgb,1,1,,1,0,0,1384
warc,234,ＡＡＤ背景はやい,225,rgb,1,1,,1,0,0,1384
warc,239,Lv2用月はやい,225,mixed-follows+fixed,16,01,32.8,1 2,0,1,1340 1341 1342 1343 1344 1345 1346 1347 1348 1349 1350 1351
warc,240,Lv1用月はやい,224,mixed-follows+fixed,16,01,32.8,1 2,0,1,1340 1341 1342 1343 1344 1345 1346 1347 1348 1349 1350 1351
warc,241,Lv1用もわもわ　はやい,224 225,mixed-follows+fixed,30,02,32.8,1 2,0,0,1355 1356 1357 1358 1359 1360 1361 1362 1363 1364 1365 1366
warc,242,鎖のクズ,237 238,follows-palette,8,0,40.4,,4,0,1230 1231 1232 1233 1234 1235 1236 1237
warc,243,,237 238,mixed-follows+fixed,30,02,32.8,1 2,0,0,1355 1356 1357 1358 1359 1360 1361 1362 1363 1364 1365 1366
warc,244,,237 238,mixed-follows+fixed,16,01,32.8,1 2,0,1,1340 1341 1342 1343 1344 1345 1346 1347 1348 1349 1350 1351
warc,245,,237 238,follows-palette,2,0,33.0,1,0,0,11 583
warc,246,,237 238,follows-palette,2,0,32.0,1,0,0,11 584
warc,247,,237 238,follows-palette,2,0,33.0,1,0,0,11 585
warc,252,,254,follows-palette,22,0,42.0,,14,0,292 293 294 295 296 297 298 299 300 301 302 303
warc,389,連携２EFF,386,fixed-indexed,6,4,,,0,0,756 757 758 759 760 761
warc,390,連携３EFF,387,mixed-fixed,7,14,,,0,0,762 763 764 765 766 767 768
warc,392,地上まがん　攻撃判定A,396,mixed-fixed,1,-1,,1,0,1,0
warc,393,地上まがん　攻撃判定,396 397,mixed-fixed,1,-1,,1,0,2,0
warc,394,地上まがん　ＥＸ攻撃判定,398,mixed-fixed,1,-1,,1,0,2,0
warc,399,相手に出るエフェクト,392 393,rgb,3,3,,,0,0,505 506 507
warc,400,攻撃判定(新A),405,mixed-fixed,1,-1,,1,0,1,0
warc,401,攻撃判定,406,mixed-fixed,1,-1,,1,0,1,0
warc,402,ＥＸ攻撃判定,407,mixed-fixed,1,-1,,1,0,1,0
warc,404,魔眼エフェクト,396 397 398 405 406 407,mixed-fixed,14,14,,,0,0,1246 1247 1248 1249 1250 1251 1252 1253 1254 1255 1256 1257
warc,443,超斜め波動↑ｅｆｆｅｃｔ,,mixed-fixed,48,14,,,1,1,886 887 888 889 890 891 892 893 894 895 896 897
warc,444,超斜め波動→ｅｆｆｅｃｔ,,mixed-fixed,48,14,,,1,1,886 887 888 889 890 891 892 893 894 895 896 897
warc,445,ノイズ,,fixed-indexed,5,4,,,0,0,974 975 976 977 978
warc,465,連携３EFF,468,mixed-fixed,7,14,,,0,0,762 763 764 765 766 767 768
warc,474,,475,follows-palette,9,0,42.0,1,0,0,11 464 465 466 467 468 469 470 471
warc,480,★ヴァイス　テレポ　前,481,follows-palette,11,0,40.7,1,2,1,11 460 461 462 463 464 465 466 467 469 471
warc,481,残像生成,,mixed-fixed,5,-13,,1,0,2,0 1 2 3 4
warc,506,ＥＸ波動生成　ボツ,,mixed-fixed,3,-13,,1,0,0,0 1 2
warc,507,EX波動ｅｆｆｅｃｔ,505,mixed-fixed,48,14,,,4,8,886 887 888 889 890 891 892 893 894 895 896 897
warc,508,地面こすれ,507,mixed-fixed,36,14,,1,0,0,923 924 925 926 927 928 929 930 931 932 933 934
warc,533,ストーム→Eff 小,540,mixed-fixed,12,14,,,0,5,792 793 794 795 796 797 798 799 800 801 802 803
warc,536,ストーム↑Eff　小,545,mixed-fixed,12,14,,,0,2,826 827 828 829 830 831 832 833 834 835 836 837
warc,538,ストーム↑Eff　EX,547,mixed-fixed,12,14,,,0,4,826 827 828 829 830 831 832 833 834 835 836 837
warc,539,ストーム↑Eff　EX,547,mixed-fixed,12,14,,,0,2,826 827 828 829 830 831 832 833 834 835 836 837
warc,550,立ち弱２ブレード,1,fixed-indexed,3,4,,,0,0,789 790 791
warc,555,とびどうぐ本体用EFF,559 563 564,mixed-fixed,11,14,,,0,0,1026 1027 1028 1029 1030 1031 1032 1033 1034 1035 1036
warc,556,とびどうぐ用EFF,560 561,fixed-indexed,10,4,,,0,0,1037 1038 1039 1040 1041 1042 1043 1044 1045 1046
warc,557,ワープ開始用EFF,155 156,rgb,3,3,,,0,0,505 506 507
warc,558,ワープ出現用EFF,155 156,rgb,2,3,,,0,0,508 509
warc,560,とばす部分A,559 563,mixed-fixed,3,-13,,1,1,3,0 1 2
warc,561,とばす部分B,564,mixed-fixed,3,-13,,1,1,3,0 1 2
warc,710,黒フェード,702,follows-palette,14,0,42.1,1,0,0,1385 1386 1387 1388 1389 1390 1391 1392 1393 1394 1395 1396
wlen,20,,17 18 19 320 321 322,mixed-fixed,5,12,,2,0,0,319 320 321 322 323
wlen,22,,,fixed-indexed,1,2,,,0,1,1809
wlen,34,レディ紳士分岐,32 33,follows-palette,4,0,43.0,1,0,0,0 1 2 3
wlen,49,＿（七夜と）ネコ用音声,50,follows-palette,3,0,43.0,1,0,0,0 1 2
wlen,54,登場エフェクト,50,fixed-indexed,33,4,,,0,0,1140 1141 1142 1143 1144 1145 1146 1147 1148 1149 1150 1151
wlen,65,残像ジェネレータ,60 61,follows-palette,5,0,41.4,1,0,0,0 401 402 403 404
wlen,70,弱ブレード,1 400,mixed-fixed,11,12,,2,0,0,37 38 39 40 41 42 43 44 45 46 47
wlen,71,中ブレード,2,mixed-fixed,14,12,,2,0,0,59 60 61 62 63 64 65 66 67 68 69 70
wlen,72,強ブレード,3,mixed-fixed,13,12,,2,0,8,91 92 93 94 95 96 97 98 99 100 101 102
wlen,73,しゃがみ弱ブレード,4,mixed-fixed,7,12,,2,0,0,134 135 136 137 138 139 140
wlen,74,しゃがみ中ブレード,,mixed-fixed,7,12,,2,0,0,134 135 136 137 138 139 140
wlen,75,,,mixed-fixed,7,12,,2,0,0,134 135 136 137 138 139 140
wlen,76,ジャンプ弱ブレード,7,fixed-indexed,10,2,,2,0,0,1238 1239 1240 1241 1242 1243 1244 1245 1246 1247
wlen,77,ジャンプ中ブレード,8,mixed-fixed,11,12,,2,0,0,1257 1259 1260 1261 1262 1263 1264 1265 1266 1267 1268
wlen,78,ジャンプ２Cブレード,56,mixed-fixed,9,12,,2,0,0,534 535 536 537 538 539 540 541 542
wlen,79,中ブレードBE,2 21,mixed-fixed,14,12,,2,0,0,59 60 61 62 63 64 65 66 67 68 69 70
wlen,80,打ち上げブレード,47 440,mixed-fixed,11,12,,2,0,0,897 898 899 900 901 902 903 904 905 906 907
wlen,81,立ち強BE,3,mixed-fixed,15,12,,2,0,0,111 112 113 114 115 116 117 118 119 120 121 122
wlen,82,しゃがみ中ブレード,5,mixed-fixed,17,12,,2,0,0,155 156 157 159 160 161 162 163 164 165 166 167
wlen,83,,5,mixed-fixed,13,12,,1 2,0,0,173 174 176 177 178 179 180 181 182 183 184 185
wlen,84,２C派生エフェクト（中段）,58 59,mixed-fixed,9,12,,2,0,0,213 214 215 216 217 218 219 220 221
wlen,85,２C派生エフェクト（HIT）,57,mixed-fixed,9,12,,2,0,0,213 214 215 216 217 218 219 220 221
wlen,86,新ジャンプ強ブレード,9 55 441,mixed-fixed,10,12,,2,0,0,921 922 923 924 925 926 927 928 929 1265
wlen,87,Cため弾,9,mixed-fixed,3,12,,2,0,2,540 541 542
wlen,88,しゃがみ中ブレード,5,mixed-fixed,9,12,,2,0,0,155 156 157 159 160 161 162 163 164
wlen,89,BE打ち上げブレード,,mixed-fixed,11,12,,2,0,0,897 898 899 900 901 902 903 904 905 906 907
wlen,90,ひざエフェクト,140 142 143 144 190 462,fixed-indexed,22,2,,2,0,0,794 795 796 797 798 799 800 801 802 803 804 805
wlen,91,サマソ,140 143 147 148 180 457,fixed-indexed,14,2,,2,0,0,816 817 818 819 820 821 822 823 824 825 826 827
wlen,92,とどめ,144 467,fixed-indexed,10,2,,2,0,0,845 846 847 848 849 850 851 852 853 854
wlen,93,空中ひざエフェクト,146 147 148 180 457 458,fixed-indexed,12,2,,2,0,3,855 856 857 858 859 860 861 862 863 864 865 866
wlen,94,,93 456,fixed-indexed,1,2,,2,0,0,867
wlen,95,,98 109 141 202,mixed-follows+fixed,20,012,43.0,2,0,0,868 869 870 871 872 873 874 875 876 877 878 879
wlen,96,,,rgb,1,1,,2,0,0,831
wlen,97,,,fixed-indexed,6,2,,2,0,0,283 284 285 286 287 288
wlen,98,ひざジェネレータ,140 142 143 144 146 147,fixed-indexed,3,2,,1,0,0,283 284 285
wlen,102,,100 101 275,mixed-fixed,7,12,,2,0,0,1114 1115 1116 1117 1118 1119 1120
wlen,103,,,fixed-indexed,3,2,,1,0,0,283 284 285
wlen,104,Ｈ２Ｂ,5,fixed-indexed,10,2,,2,0,0,1238 1239 1240 1241 1242 1243 1244 1245 1246 1247
wlen,105,Ｈ２Ａ,4,fixed-indexed,4,2,,2,0,0,44 45 46 47
wlen,109,,110 111 112,fixed-indexed,3,2,,1,0,0,283 284 285
wlen,113,,110 111 112,mixed-fixed,12,12,,2,0,0,1525 1526 1527 1528 1529 1530 1531 1532 1533 1534 1535 1536
wlen,122,手からでるもの,115,fixed-indexed,15,2,,1 2,0,4,629 630 631 632 633 634 635 636 637 638 639 640
wlen,123,,116 178,mixed-fixed,38,12,,2,0,6,668 669 670 671 672 673 674 675 676 677 678 679
wlen,124,手からでるもの空中EX,121,fixed-indexed,15,2,,1 2,0,8,629 630 631 632 633 634 635 636 637 638 639 640
wlen,125,手からでるもの地上EX,117,mixed-fixed,39,12,,2,0,0,629 630 631 632 633 634 635 636 637 638 639 640
wlen,126,EX判定,117,follows-palette,1,0,43.0,1,0,3,0
wlen,127,BE236A,115,mixed-follows+fixed,40,012,43.0,2,0,13,0 629 630 631 632 633 634 635 636 637 638 639
wlen,128,氷破損部分,122 124,mixed-fixed,24,12,,2,0,0,644 645 646 647 648 649 650 651 652 653 654 655
wlen,129,空中氷,119,mixed-fixed,38,12,,2,0,5,668 669 670 671 672 673 674 675 676 677 678 679
wlen,130,,120,mixed-fixed,38,12,,2,0,6,668 669 670 671 672 673 674 675 676 677 678 679
wlen,131,BE空中氷,119,mixed-fixed,38,12,,2,0,6,668 669 670 671 672 673 674 675 676 677 678 679
wlen,132,BE236B,116,mixed-fixed,38,12,,2,0,12,668 669 670 671 672 673 674 675 676 677 678 679
wlen,141,EXひざ上昇用エフェクト,144 467,fixed-indexed,3,2,,1,0,0,283 284 285
wlen,152,背景鏡,151,rgb,15,1,,1,0,0,1217 1218 1219 1220 1221 1222 1223 1224 1225 1226 1227 1228
wlen,153,背景,151,rgb,1,1,,1,0,0,1232
wlen,155,カットイン,157,mixed-follows+fixed,2,01,43.0,1,0,0,0 1078
wlen,157,アニメ背景BH,151,rgb,44,1,,,0,0,1034 1035 1036 1037 1038 1039 1040 1041 1042 1043 1044 1045
wlen,160,攻撃判定BH,157,follows-palette,1,0,43.0,1,0,1,0
wlen,162,,150,mixed-fixed,48,12,,2,2,2,946 947 948 949 950 951 952 953 954 955 956 957
wlen,163,,162 164,rgb,40,1,,2,0,0,994 995 996 997 998 999 1000 1001 1002 1003 1004 1005
wlen,164,超必殺BH玉,151,mixed-fixed,48,12,,1 2,0,2,946 947 948 949 950 951 952 953 954 955 956 957
wlen,167,AD効果音関数,150 151,follows-palette,4,0,43.0,1,0,0,0 1 2 3
wlen,170,前進残像,65,follows-palette,8,0,43.0,1,0,0,403 404 405 406 407 408 409 410
wlen,172,ダッシュ星呼び出し,60,fixed-indexed,3,2,,1,0,0,283 284 285
wlen,173,,172,fixed-indexed,6,2,,2,0,0,283 284 285 286 287 288
wlen,174,バックステップ星呼び出し,61,fixed-indexed,3,2,,1,0,0,283 284 285
wlen,175,,103 174,fixed-indexed,6,2,,2,0,0,283 284 285 286 287 288
wlen,187,立ち→しゃがみ消え,185,follows-palette,7,0,41.4,1,0,0,467 468 469 470 471 472 473
wlen,189,,184 188 500 501,follows-palette,1,0,46.3,1,0,0,424
wlen,190,ひざダミー,183,follows-palette,12,0,41.4,1,0,0,771 772 773 774 775 776 777 778 779 1285 1286 1287
wlen,191,,184,follows-palette,12,0,39.8,1,0,0,708 709 710 711 712 713 714 716 717 718 719 720
wlen,198,ブレード,194 196,mixed-fixed,19,12,,2,0,0,737 738 739 740 741 742 743 744 745 746 747 748
wlen,199,EX用,197,mixed-fixed,19,12,,2,0,0,737 738 739 740 741 742 743 744 745 746 747 748
wlen,201,エフェクト,191 194 195 196 197 226,fixed-indexed,15,2,,2,0,0,756 757 758 759 760 761 762 763 764 765 766 767
wlen,202,,,fixed-indexed,3,2,,1,0,0,283 284 285
wlen,208,ラストアークダミーキャラ,206,follows-palette,7,0,42.0,1,0,0,933 934 935 936 937 938 1209
wlen,212,鏡→集中,219,rgb,65,1,,,0,0,1034 1035 1036 1037 1038 1039 1040 1041 1042 1043 1044 1045
wlen,213,割れるEFF,219,fixed-indexed,11,2,,2,0,0,1786 1787 1788 1789 1790 1791 1792 1793 1794 1795 1796
wlen,214,ひび,212,mixed-follows+fixed,3,02,0.0,,0,0,1807 1808 1856
wlen,215,わっか,206,mixed-follows+fixed,2,02,43.0,1 2,0,0,0 1809
wlen,216,はじける,207 215,fixed-indexed,10,2,,2,0,0,1797 1798 1799 1800 1801 1802 1803 1804 1805 1806
wlen,219,LAいろいろ呼び出し,206 207 210,follows-palette,8,0,43.0,1,0,0,0 1 2 3 4 5 6 7
wlen,369,２C派生エフェクト（中段）,370,mixed-fixed,9,12,,2,0,0,213 214 215 216 217 218 219 220 221
wlen,376,⇔空中氷,375,mixed-fixed,38,12,,2,0,4,668 669 670 671 672 673 674 675 676 677 678 679
wlen,381,氷Eff,379 380,mixed-fixed,14,12,,2,0,8,615 616 617 618 619 620 621 622 623 624 625 626
wlen,386,氷Eff,385,mixed-fixed,14,12,,2,0,2,615 616 617 618 619 620 621 622 623 624 625 626
wlen,393,飛び道具部分,390,rgb,1,1,,2,1,1,1550
wlen,394,飛び道具部分Ｂ,391,rgb,1,1,,2,1,1,1550
wlen,395,飛び道具部分ＥＸ,392,rgb,11,1,,2,2,2,222 223 224 225 226 227 228 229 230 231 232
wlen,396,きらきらブレード,390 391 392,mixed-fixed,13,12,,2,0,0,1537 1538 1539 1540 1541 1542 1543 1544 1545 1546 1547 1548
wlen,397,きらきら軌跡,393 394 395,mixed-fixed,17,12,,2,0,0,1551 1552 1553 1554 1555 1556 1557 1558 1559 1560 1561 1562
wlen,398,破裂,393 394 508 511,mixed-fixed,9,12,,2,0,0,1568 1569 1570 1571 1572 1573 1574 1575 1576
wlen,399,破裂,395 509,mixed-fixed,9,12,,2,0,0,1568 1569 1570 1571 1572 1573 1574 1575 1576
wlen,408,,405,follows-palette,2,0,43.0,1,0,0,0 1
wlen,409,,406,follows-palette,2,0,43.0,1,0,0,0 1
wlen,410,出現A,405,mixed-fixed,11,12,,2,0,0,1683 1684 1685 1686 1687 1688 1689 1690 1691 1692 1693
wlen,411,とんでいくA,410,mixed-follows+fixed,2,01,43.0,2,0,0,0 1693
wlen,412,出現B,406,mixed-fixed,11,12,,2,0,0,1683 1684 1685 1686 1687 1688 1689 1690 1691 1692 1693
wlen,413,とんでいくB,412,mixed-follows+fixed,2,01,43.0,2,0,0,0 1693
wlen,415,氷 小,413,mixed-fixed,16,12,,2,0,1,1705 1706 1707 1708 1709 1710 1711 1712 1713 1714 1715 1716
wlen,416,氷 大,411 413,mixed-fixed,17,12,,2,0,2,1721 1722 1723 1724 1725 1726 1727 1728 1729 1730 1731 1732
wlen,418,きらきら発生,410 411 412 413,follows-palette,2,0,43.0,2,0,0,0 1
wlen,419,きらきら本体,,fixed-indexed,8,2,,2,0,0,1697 1698 1699 1700 1701 1702 1703 1704
wlen,420,きらきら本体 上昇,418 421 422 433 439 468,fixed-indexed,8,2,,2,0,0,1697 1698 1699 1700 1701 1702 1703 1704
wlen,421,きらきら発生 氷小消滅,415,follows-palette,2,0,43.0,2,0,0,0 1
wlen,422,きらきら発生 氷大消滅,416,follows-palette,2,0,43.0,2,0,0,0 1
wlen,424,EX用氷1,432,rgb,1,1,,2,0,0,1693
wlen,425,EX用氷2,432,fixed-indexed,1,2,,2,0,0,1694
wlen,426,EX用氷3,432,fixed-indexed,1,2,,2,0,0,1695
wlen,427,EX用氷4,432,fixed-indexed,1,2,,2,0,0,1696
wlen,428,EX用氷5,432,rgb,1,1,,2,0,0,1693
wlen,429,EX用氷6,432,fixed-indexed,1,2,,2,0,0,1694
wlen,430,EX用氷7,432,fixed-indexed,1,2,,2,0,0,1695
wlen,431,EX用氷8,432,fixed-indexed,1,2,,2,0,0,1696
wlen,432,EX氷 発生関数,407,follows-palette,8,0,43.0,1,0,0,0 1 2 3 4 5 6 7
wlen,433,きらきら発生 EX,407,follows-palette,2,0,43.0,2,0,0,0 1
wlen,434,EX レーザー射出関数,407,follows-palette,2,0,43.0,2,0,0,0 1
wlen,436,レーザー,424 425 426 427 428 429,rgb,1,1,,2,0,0,1738
wlen,438,EX大きな氷,432,mixed-fixed,26,12,,2,0,4,1739 1740 1741 1742 1743 1744 1745 1746 1747 1748 1749 1750
wlen,439,氷きらきら発生 EX,438,follows-palette,2,0,43.0,2,0,0,0 1
wlen,446,玉投げブレード,445,mixed-fixed,3,12,,2,0,0,534 535 536
wlen,447,★放物線弾　使用,78 449 452,rgb,1,1,,2,0,1,540
wlen,448,放物線弾,,rgb,1,1,,2,0,1,540
wlen,449,玉投げブレード,446,mixed-fixed,6,12,,2,0,0,537 538 539 540 541 542
wlen,450,Cため弾,,mixed-fixed,3,12,,2,0,1,540 541 542
wlen,456,空中ひざエフェクト,457 458,fixed-indexed,12,2,,2,0,2,855 856 857 858 859 860 861 862 863 864 865 866
wlen,468,きらきら発生→,471,follows-palette,2,0,43.0,2,0,0,0 1
wlen,469,きらきら発生↑,470,follows-palette,2,0,43.0,2,0,0,0 1
wlen,470,復活ツタ↑,486,mixed-fixed,35,14,,,1,3,1415 1416 1417 1418 1419 1420 1421 1422 1423 1424 1425 1426
wlen,471,復活ツタ→,487,mixed-fixed,37,14,,,1,2,1450 1451 1452 1453 1454 1455 1456 1457 1458 1459 1460 1461
wlen,472,復活ツタEX,485,mixed-fixed,38,14,,,0,28,1487 1488 1489 1490 1491 1492 1493 1494 1495 1496 1497 1498
wlen,473,立ち弱２段目EFF,401,mixed-fixed,11,12,,2,0,0,1355 1356 1357 1358 1359 1360 1361 1362 1363 1364 1365
wlen,474,立ち弱３段目EFF,402,mixed-fixed,15,12,,2,0,0,1366 1367 1368 1369 1370 1371 1372 1373 1374 1375 1376 1377
wlen,478,　残像部分,477,follows-palette,25,0,41.4,1,0,0,1612 1613 1614 1615 1616 1617 1618 1619 1620 1621 1622 1623
wlen,479,　残像部分移動タイプ,476,follows-palette,25,0,41.4,1,0,0,1612 1613 1614 1615 1616 1617 1618 1619 1620 1621 1622 1623
wlen,483,エフェクトない,478 479 480 481 482,mixed-fixed,10,12,,2,0,0,1646 1647 1648 1649 1650 1651 1652 1653 1654 1655
wlen,491,ダッシュ幻影,490,follows-palette,17,0,41.4,1,0,0,266 267 268 269 270 271 272 273 274 275 276 277
wlen,493,　残像のロンド（単,492,follows-palette,26,0,41.4,1,0,2,1612 1613 1614 1615 1616 1617 1618 1619 1620 1621 1622 1623
wlen,496,　残像,495,follows-palette,19,0,41.4,1,0,0,771 773 774 780 781 782 783 784 785 786 1285 1286
wlen,498,星呼び出し,500 501 502,fixed-indexed,3,2,,1,0,0,283 284 285
wlen,499,キラキラ,498,fixed-indexed,6,2,,2,0,0,283 284 285 286 287 288
wlen,504,きらきらブレード,505 506 507,mixed-fixed,13,12,,2,0,0,1537 1538 1539 1540 1541 1542 1543 1544 1545 1546 1547 1548
wlen,508,飛び道具部分,505,rgb,1,1,,2,2,6,1550
wlen,509,飛び道具部分ＥＸ,507,rgb,11,1,,2,2,10,222 223 224 225 226 227 228 229 230 231 232
wlen,510,きらきら軌跡,508 509 511,mixed-fixed,17,12,,2,0,0,1551 1552 1553 1554 1555 1556 1557 1558 1559 1560 1561 1562
wlen,511,飛び道具部分B,506,rgb,1,1,,2,2,6,1550
wlen,710,黒フェード,702,follows-palette,13,0,43.0,1,0,0,0 16 17 18 19 20 21 22 23 24 25 26
wlen,711,食べ物1,714,indexed-palette-constant,1,0,2.0,,0,0,1853
wlen,712,食べ物2,714,indexed-palette-constant,1,0,0.0,,0,0,1854
wlen,713,食べ物3,714,indexed-palette-constant,1,0,0.0,,0,0,1855
wlen,714,食べ物関数,703,follows-palette,2,0,43.0,1,0,0,0 1
wlen,721,　ふみダミー,720,follows-palette,1,0,43.4,,0,0,403
wlen,722,　ダミーの影,721,follows-palette,1,0,43.4,1,0,0,403
